file,owl_max,owl_query,mouth_surge,face_frac,audio_gag,spit_score,pseudo_label,error
2026-07-18_03-15-51.mp4,0.044492319226264954,milk on baby face,0.0,0.0,0.0002,0.089,0,
2026-07-21_23-59-05.mp4,0.03188379481434822,spit up milk,0.0,0.0,0.0014,0.064,0,
2026-07-07_20-52-18.mp4,0.03242194652557373,milk on baby face,0.0,0.0,0.0082,0.0665,0,
2026-07-11_10-46-16.mp4,0.019372817128896713,spit up milk,0.0,0.667,0.0004,0.0388,0,
2026-07-02_18-28-08.mp4,0.028802528977394104,spit up milk,0.0,0.333,0.0004,0.0577,0,
2026-07-04_15-25-25.mp4,0.02952600084245205,spit up milk,0.0,0.0,0.0009,0.0592,0,
2026-07-06_11-18-17.mp4,0.04532577842473984,milk on baby face,0.0,0.0,0.0003,0.0907,0,
2026-07-13_10-44-07.mp4,0.03354542702436447,milk on baby face,0.0,0.667,0.0015,0.0674,0,
2026-07-15_18-43-49.mp4,0.041451942175626755,milk on baby face,0.0,1.0,0.0004,0.083,0,
2026-07-03_20-05-24.mp4,0.004132923670113087,spit up milk,0.0,0.0,0.001,0.0085,0,
2026-07-02_14-21-40.mp4,0.03573037311434746,milk on baby face,0.0,0.0,0.0004,0.0715,0,
2026-07-24_09-05-02.mp4,0.02956365793943405,spit up milk,0.0,0.0,0.0098,0.0611,0,
2026-07-04_11-27-03.mp4,0.03153524547815323,spit up milk,0.0,0.0,0.0341,0.0699,0,
2026-07-03_21-39-11.mp4,0.006852189544588327,spit up milk,0.0,0.0,0.0005,0.0138,0,
2026-07-09_07-36-17.mp4,0.01721162348985672,spit up milk,0.0,1.0,0.0003,0.0345,0,
2026-07-08_07-36-22.mp4,0.027587225660681725,milk on baby face,0.0,0.0,0.0004,0.0553,0,
2026-07-11_10-58-46.mp4,0.02997356839478016,spit up milk,0.0,0.0,0.0005,0.06,0,
2026-07-14_14-57-37.mp4,0.03432748094201088,milk on baby face,0.0,0.0,0.0007,0.0688,0,
2026-07-06_18-30-24.mp4,0.0808200016617775,milk on baby face,0.0,0.0,0.0018,0.162,0,
2026-07-04_08-43-52.mp4,0.033201757818460464,spit up milk,0.0,0.0,0.0006,0.0665,0,
2026-07-01_13-47-17.mp4,0.03556307777762413,spit up milk,0.0,0.0,0.0003,0.0712,0,
2026-07-04_14-38-54.mp4,0.009215528145432472,spit up milk,0.0,0.0,0.0011,0.0187,0,
2026-07-05_11-14-39.mp4,0.028661144897341728,spit up milk,0.0,0.0,0.0057,0.0585,0,
2026-07-21_14-07-06.mp4,0.008852457627654076,milk on baby face,0.0,0.0,0.0004,0.0178,0,
2026-07-02_18-39-38.mp4,0.024100758135318756,spit up milk,0.0,1.0,0.0024,0.0487,0,
2026-07-08_19-30-32.mp4,0.025814758613705635,spit up milk,0.0,0.167,0.0004,0.0517,0,
2026-07-21_15-21-23.mp4,0.04773923382163048,spit up milk,0.0,0.0,0.0007,0.0956,0,
2026-07-14_13-43-38.mp4,0.03600401431322098,milk on baby face,0.0,0.0,0.001,0.0722,0,
2026-07-04_11-24-27.mp4,0.02496122196316719,spit up milk,0.0,0.0,0.0026,0.0504,0,
2026-07-08_00-02-05.mp4,0.11713150888681412,spit up milk,0.0,0.0,0.0023,0.2347,0,
2026-07-15_13-47-22.mp4,0.04169921576976776,spit up milk,0.0,0.0,0.0006,0.0835,0,
2026-07-09_14-16-30.mp4,0.015689954161643982,spit up milk,0.0,0.0,0.0004,0.0315,0,
2026-07-03_23-37-58.mp4,0.027484681457281113,spit up milk,0.0,0.0,0.0002,0.055,0,
2026-07-26_04-03-05.mp4,0.038578275591135025,milk on baby face,0.0,0.0,0.0005,0.0773,0,
2026-07-09_16-29-05.mp4,0.010736104100942612,spit up milk,0.0,0.0,0.0021,0.0219,0,
2026-07-21_10-11-08.mp4,0.033588625490665436,milk on baby face,0.0,0.0,0.0004,0.0673,0,
2026-07-03_15-19-59.mp4,0.014745576307177544,milk on baby face,0.0,1.0,0.0028,0.0301,0,
2026-07-21_11-15-56.mp4,0.04525338113307953,milk on baby face,0.0,0.0,0.0252,0.0955,0,
2026-07-14_11-13-40.mp4,0.0652671679854393,spit up milk,0.0,1.0,0.0015,0.1308,0,
2026-07-18_15-37-50.mp4,0.08761028945446014,milk on baby face,0.0,0.833,0.0011,0.1754,0,
2026-07-07_23-43-53.mp4,0.031897302716970444,spit up milk,0.0,0.0,0.0111,0.066,0,
2026-07-03_03-29-48.mp4,0.04527027904987335,spit up milk,0.0,0.0,0.0004,0.0906,0,
2026-07-07_02-58-34.mp4,0.014771265909075737,spit up milk,0.0,0.0,0.0004,0.0296,0,
2026-07-24_22-36-41.mp4,0.048817165195941925,milk on baby face,0.0,0.0,0.0008,0.0978,0,
2026-07-02_07-07-33.mp4,0.02108985185623169,milk on baby face,0.0,0.0,0.0007,0.0423,0,
2026-07-21_01-27-08.mp4,0.07295161485671997,milk on baby face,0.0,0.667,0.0006,0.146,0,
2026-07-09_23-39-23.mp4,0.041430000215768814,spit up milk,0.0,0.0,0.0029,0.0834,0,
2026-07-03_17-30-29.mp4,0.004764411598443985,spit up milk,0.0,0.0,0.0006,0.0096,0,
2026-07-07_05-36-56.mp4,0.03756698593497276,spit up milk,0.0,0.0,0.0013,0.0754,0,
2026-07-06_00-38-42.mp4,0.11807684600353241,milk on baby face,0.0,0.833,0.0018,0.2365,0,
2026-07-19_14-44-25.mp4,0.03303016722202301,spit up milk,0.0,0.0,0.0005,0.0662,0,
2026-07-05_19-03-42.mp4,0.022873762995004654,milk on baby face,0.0,0.0,0.0064,0.047,0,
2026-06-30_22-30-55.mp4,0.1569261997938156,milk on baby face,0.0,0.0,0.0016,0.3142,0,
2026-07-22_15-11-20.mp4,0.04733986780047417,spit up milk,0.0,1.0,0.0002,0.0947,0,
2026-07-09_10-54-20.mp4,0.019236665219068527,spit up milk,0.0,0.167,0.002,0.0389,0,
2026-07-03_05-08-42.mp4,0.03582001477479935,milk on baby face,0.0,0.0,0.0011,0.0719,0,
2026-07-14_19-39-43.mp4,0.01860279217362404,milk on baby face,0.0,0.167,0.0003,0.0373,0,
2026-07-08_01-41-58.mp4,0.046287018805742264,spit up milk,0.0,1.0,0.0007,0.0927,0,
2026-07-05_04-39-07.mp4,0.0064186351373791695,spit up milk,0.0,0.0,0.0002,0.0129,0,
2026-07-10_08-25-17.mp4,0.03588969632983208,spit up milk,0.0,0.0,0.0004,0.0719,0,
2026-07-10_13-43-02.mp4,0.04403628036379814,spit up milk,0.0,0.0,0.0024,0.0886,0,
2026-07-03_12-57-19.mp4,0.03592931106686592,milk on baby face,0.0,0.0,0.001,0.0721,0,
2026-07-10_17-41-21.mp4,0.01018485613167286,spit up milk,0.0,0.0,0.0005,0.0205,0,
2026-07-01_23-44-26.mp4,0.024417819455266,spit up milk,0.0,0.0,0.0012,0.0491,0,
2026-07-09_20-02-45.mp4,0.055473506450653076,milk on baby face,0.0,0.333,0.0347,0.1179,0,
2026-07-04_21-37-53.mp4,0.039359625428915024,spit up milk,0.0,0.0,0.0014,0.079,0,
2026-07-21_12-26-37.mp4,0.20879225432872772,milk on baby face,0.0,0.0,0.0004,0.4177,0,
2026-07-05_08-50-28.mp4,0.050729185342788696,spit up milk,0.0,0.0,0.0035,0.1022,0,
2026-07-20_22-59-51.mp4,0.01737608015537262,milk on baby face,0.0,0.0,0.001,0.035,0,
2026-07-23_16-30-17.mp4,0.05910555273294449,milk on baby face,0.0,0.0,0.0012,0.1185,0,
2026-07-08_14-17-00.mp4,0.042287297546863556,spit up milk,0.0,0.167,0.0116,0.0869,0,
2026-07-11_22-47-47.mp4,0.054566968232393265,milk on baby face,0.0,0.0,0.0008,0.1093,0,
2026-07-05_12-53-32.mp4,0.04839298501610756,spit up milk,0.0,0.167,0.0003,0.0968,0,
2026-07-04_03-14-07.mp4,0.004399129189550877,milk on baby face,0.0,0.0,0.0013,0.0091,0,
2026-07-22_21-21-30.mp4,0.06704284995794296,milk on baby face,0.0,0.0,0.0009,0.1343,0,
2026-07-11_02-08-52.mp4,0.04005144536495209,milk on baby face,0.0,0.0,0.0286,0.0858,0,
2026-07-24_11-44-30.mp4,0.02400282956659794,milk on baby face,0.0,0.0,0.0006,0.0481,0,
2026-07-04_01-28-59.mp4,0.004782506264746189,spit up milk,0.0,0.0,0.0006,0.0097,0,
2026-07-23_16-33-41.mp4,0.040412645787000656,spit up milk,0.0,0.0,0.0007,0.081,0,
2026-07-02_03-28-28.mp4,0.013903098180890083,milk on baby face,0.0,0.0,0.001,0.028,0,
2026-07-10_07-19-36.mp4,0.03882197290658951,milk on baby face,0.0,0.0,0.0074,0.0791,0,
2026-07-03_13-42-00.mp4,0.008113679476082325,milk on baby face,0.0,0.0,0.0006,0.0163,0,
2026-07-08_20-28-32.mp4,0.027066709473729134,spit up milk,0.0,0.0,0.0048,0.0551,0,
2026-07-05_13-24-32.mp4,0.030272245407104492,spit up milk,0.0,0.0,0.0002,0.0606,0,
2026-07-02_22-02-44.mp4,0.02194848656654358,milk on baby face,0.0,0.0,0.0016,0.0442,0,
2026-07-03_19-51-30.mp4,0.013038210570812225,milk on baby face,0.0,0.0,0.0006,0.0262,0,
2026-07-02_00-33-19.mp4,0.04674575850367546,milk on baby face,0.0,0.0,0.0006,0.0936,0,
2026-07-14_04-52-43.mp4,0.0325779914855957,milk on baby face,0.0,0.0,0.0005,0.0653,0,
2026-07-07_07-21-55.mp4,0.032742228358983994,milk on baby face,0.0,0.0,0.0006,0.0656,0,
2026-07-05_02-32-35.mp4,0.05492895096540451,spit up milk,0.0,0.0,0.0011,0.1101,0,
2026-07-12_15-51-19.mp4,0.0028960644267499447,white vomit stain,0.0,0.0,0.0006,0.0059,0,
2026-07-05_02-22-41.mp4,0.02820124849677086,spit up milk,0.0,0.0,0.0038,0.0572,0,
2026-07-09_16-19-35.mp4,0.045857593417167664,spit up milk,0.0,1.0,0.0004,0.0918,0,
2026-07-08_00-06-41.mp4,0.052311304956674576,spit up milk,0.0,0.0,0.0222,0.1091,0,
2026-07-17_12-08-29.mp4,0.026591675356030464,milk on baby face,0.0,0.0,0.0006,0.0533,0,
2026-07-02_07-06-57.mp4,0.042360931634902954,milk on baby face,0.0,0.0,0.0018,0.0851,0,
2026-07-14_19-34-19.mp4,0.028465650975704193,milk on baby face,0.0,0.0,0.0001,0.057,0,
2026-07-01_18-55-25.mp4,0.013006922788918018,milk on baby face,0.0,0.0,0.0003,0.0261,0,
2026-07-03_22-51-04.mp4,0.026501530781388283,milk on baby face,0.0,0.0,0.0179,0.0566,0,
2026-07-04_08-57-10.mp4,0.033309031277894974,spit up milk,0.0,0.0,0.0007,0.0668,0,
2026-07-19_18-28-09.mp4,0.04468856751918793,milk on baby face,0.0,0.0,0.0013,0.0896,0,
2026-07-25_11-11-51.mp4,0.03790523111820221,spit up milk,0.0,0.0,0.637,0.2032,0,
2026-07-05_11-45-33.mp4,0.044126830995082855,milk on baby face,0.0,0.0,0.0009,0.0884,0,
2026-07-05_12-00-14.mp4,0.031009182333946228,spit up milk,0.0,0.0,0.0002,0.0621,0,
2026-07-12_14-49-12.mp4,0.058487653732299805,spit up milk,0.0,1.0,0.2953,0.176,0,
2026-07-18_21-03-34.mp4,0.0563659742474556,milk on baby face,0.0,0.167,0.0031,0.1134,0,
2026-07-17_07-51-32.mp4,0.04555625468492508,milk on baby face,0.0,0.0,0.0003,0.0912,0,
2026-07-15_08-54-13.mp4,0.036484237760305405,milk on baby face,0.0,0.0,0.0194,0.0768,0,
2026-07-10_10-11-58.mp4,0.020916348323225975,white vomit stain,0.0,0.0,0.0009,0.042,0,
2026-07-18_11-21-10.mp4,0.037358857691287994,milk on baby face,0.0,0.0,0.0032,0.0754,0,
2026-07-02_04-18-21.mp4,0.02194136753678322,milk on baby face,0.0,0.0,0.0005,0.044,0,
2026-07-07_12-03-04.mp4,0.033242225646972656,spit up milk,0.0,0.167,0.0002,0.0665,0,
2026-07-12_05-31-52.mp4,0.010403836145997047,spit up milk,0.0,0.0,0.0002,0.0208,0,
2026-07-10_16-41-17.mp4,0.03289980813860893,milk on baby face,0.0,0.0,0.0004,0.0659,0,
2026-07-08_22-03-34.mp4,0.05943526700139046,milk on baby face,0.0,0.0,0.0054,0.12,0,
2026-07-02_22-51-50.mp4,0.02188248746097088,milk on baby face,0.0,0.0,0.001,0.044,0,
2026-07-14_14-55-25.mp4,0.08640523254871368,spit up milk,0.0,0.0,0.0008,0.173,0,
2026-07-09_14-06-48.mp4,0.01831464096903801,milk on baby face,0.0,0.0,0.001,0.0368,0,
2026-07-05_11-44-27.mp4,0.033444132655858994,spit up milk,0.0028,1.0,0.0005,0.0703,0,
2026-07-07_09-29-42.mp4,0.025507446378469467,spit up milk,0.0,0.0,0.0003,0.0511,0,
2026-07-04_05-06-13.mp4,0.012419087812304497,spit up milk,0.0,0.0,0.0006,0.025,0,
2026-07-25_13-45-14.mp4,0.03864983096718788,spit up milk,0.0,0.0,0.0011,0.0775,0,
2026-07-20_11-29-50.mp4,0.04129272699356079,spit up milk,0.0,0.0,0.0007,0.0827,0,
2026-07-23_07-55-46.mp4,0.040137700736522675,milk on baby face,0.0,0.0,0.0007,0.0804,0,
2026-07-05_03-45-40.mp4,0.04636687412858009,spit up milk,0.0,0.0,0.0022,0.0932,0,
2026-07-11_10-50-10.mp4,0.0224218238145113,spit up milk,0.0,0.667,0.0005,0.0449,0,
2026-07-06_11-38-17.mp4,0.030490383505821228,spit up milk,0.0,0.0,0.0006,0.0611,0,
2026-07-10_11-16-33.mp4,0.011090957559645176,spit up milk,0.0,0.0,0.0003,0.0222,0,
2026-07-21_15-33-11.mp4,0.04602431505918503,spit up milk,0.0,0.0,0.022,0.0964,0,
2026-07-01_07-34-41.mp4,0.010686581023037434,milk on baby face,0.0,0.0,0.0001,0.0214,0,
2026-07-09_20-06-33.mp4,0.012623706832528114,spit up milk,0.0,0.0,0.0008,0.0254,0,
2026-07-05_08-54-34.mp4,0.023585306480526924,spit up milk,0.0,0.0,0.0008,0.0473,0,
2026-07-13_07-11-03.mp4,0.01010884065181017,milk on baby face,0.0,0.0,0.0001,0.0202,0,
2026-06-30_22-36-31.mp4,0.04638035595417023,milk on baby face,0.0,0.0,0.0003,0.0928,0,
2026-07-02_02-26-28.mp4,0.059675831347703934,milk on baby face,0.0,0.833,0.0006,0.1195,0,
2026-07-16_06-47-41.mp4,0.025173872709274292,milk on baby face,0.0,0.0,0.0034,0.051,0,
2026-07-09_14-43-24.mp4,0.030067868530750275,milk on baby face,0.0,0.0,0.0026,0.0607,0,
2026-07-08_07-39-46.mp4,0.039713528007268906,milk on baby face,0.0,0.0,0.0005,0.0795,0,
2026-07-01_21-39-52.mp4,0.06485791504383087,milk on baby face,0.0,0.0,0.0033,0.1304,0,
2026-07-03_00-43-25.mp4,0.029835091903805733,milk on baby face,0.0,0.0,0.0003,0.0597,0,
2026-07-07_13-09-16.mp4,0.03571940213441849,milk on baby face,0.0,0.0,0.002,0.0718,0,
2026-07-06_21-21-10.mp4,0.040986619889736176,milk on baby face,0.0,0.0,0.0004,0.0821,0,
2026-07-19_09-47-20.mp4,0.03412304446101189,spit up milk,0.0,0.0,0.0004,0.0683,0,
2026-07-06_17-55-18.mp4,0.04777158796787262,milk on baby face,0.0,0.0,0.0009,0.0957,0,
2026-07-04_00-54-53.mp4,0.02215242013335228,spit up milk,0.0,0.0,0.1307,0.0704,0,
2026-07-06_00-12-00.mp4,0.12266049534082413,milk on baby face,0.0,0.667,0.0055,0.2464,0,
2026-07-10_22-16-06.mp4,0.025325996801257133,spit up milk,0.0,0.0,0.0005,0.0508,0,
2026-07-17_18-55-40.mp4,0.03261662647128105,milk on baby face,0.0,0.0,0.0006,0.0654,0,
2026-07-10_14-08-38.mp4,0.05759936198592186,spit up milk,0.0,0.0,0.0022,0.1156,0,
2026-07-14_13-50-14.mp4,0.029683025553822517,milk on baby face,0.0,0.0,0.0004,0.0594,0,
2026-07-13_14-19-17.mp4,0.023280851542949677,milk on baby face,0.0,0.0,0.0009,0.0467,0,
2026-07-11_17-01-06.mp4,0.03404610976576805,spit up milk,0.0,0.667,0.006,0.0693,0,
2026-07-15_07-45-14.mp4,0.0588672049343586,milk on baby face,0.0,0.0,0.0006,0.1179,0,
2026-07-17_02-48-17.mp4,0.05562946945428848,milk on baby face,0.0,0.5,0.0005,0.1114,0,
2026-07-11_01-54-22.mp4,0.03080887906253338,spit up milk,0.0,0.0,0.0017,0.062,0,
2026-07-07_11-13-41.mp4,0.03053448721766472,milk on baby face,0.0,0.0,0.0004,0.0611,0,
2026-07-09_20-30-03.mp4,0.0193004347383976,spit up milk,0.0,0.0,0.0005,0.0387,0,
2026-07-04_06-44-10.mp4,0.006248648278415203,milk on baby face,0.0,0.0,0.0006,0.0126,0,
2026-07-06_00-40-30.mp4,0.08218175172805786,milk on baby face,0.0,0.833,0.2,0.2044,0,
2026-07-26_04-39-41.mp4,0.05315921828150749,spit up milk,0.0,0.0,0.0879,0.1239,0,
2026-07-07_04-51-03.mp4,0.013989544473588467,white vomit stain,0.0,0.0,0.0008,0.0281,0,
2026-07-18_15-16-56.mp4,0.02453823946416378,spit up milk,0.0,0.0,0.0005,0.0492,0,
2026-07-05_13-05-20.mp4,0.04975556954741478,spit up milk,0.0,0.0,0.0006,0.0996,0,
2026-07-08_01-03-52.mp4,0.1084563136100769,milk on baby face,0.0,0.333,0.0003,0.217,0,
2026-07-12_18-22-53.mp4,0.04392655938863754,spit up milk,0.0,0.0,0.0017,0.0882,0,
2026-07-04_08-29-11.mp4,0.03011162020266056,spit up milk,0.0,0.167,0.0005,0.0603,0,
2026-06-30_14-24-25.mp4,0.009428867138922215,white vomit stain,0.0,0.0,0.0028,0.0194,0,
2026-06-30_18-22-13.mp4,0.021547162905335426,spit up milk,0.0,0.0,0.0003,0.0432,0,
2026-07-25_01-14-46.mp4,0.040590688586235046,milk on baby face,0.0,0.0,0.0005,0.0813,0,
2026-07-04_02-40-16.mp4,0.006113580893725157,spit up milk,0.0,0.0,0.0007,0.0124,0,
2026-07-01_09-36-54.mp4,0.028967099264264107,milk on baby face,0.0,0.0,0.0003,0.058,0,
2026-07-17_07-23-14.mp4,0.049926236271858215,milk on baby face,0.0,0.0,0.0004,0.0999,0,
2026-07-13_10-50-01.mp4,0.053579121828079224,milk on baby face,0.0,0.833,0.0005,0.1073,0,
2026-07-22_03-10-40.mp4,0.01819021627306938,milk on baby face,0.0,0.0,0.0008,0.0365,0,
2026-07-06_00-19-30.mp4,0.09512730687856674,milk on baby face,0.0,0.833,0.0034,0.1909,0,
2026-07-25_19-45-28.mp4,0.04546114429831505,spit up milk,0.0,0.167,0.0262,0.0962,0,
2026-07-07_04-57-45.mp4,0.019996721297502518,white vomit stain,0.0,0.0,0.0007,0.0401,0,
2026-07-02_02-31-16.mp4,0.013075724244117737,milk on baby face,0.0,0.0,0.0004,0.0262,0,
2026-07-21_10-13-44.mp4,0.04064762219786644,milk on baby face,0.0,0.0,0.0003,0.0814,0,
2026-07-06_15-22-42.mp4,0.023953793570399284,spit up milk,0.0,0.0,0.0004,0.048,0,
2026-07-05_13-04-02.mp4,0.02503178082406521,spit up milk,0.0,0.0,0.0015,0.0504,0,
2026-07-11_17-57-30.mp4,0.01731661707162857,milk on baby face,0.0,0.0,0.0027,0.0352,0,
2026-07-06_13-28-15.mp4,0.03869068622589111,spit up milk,0.0,0.167,0.0011,0.0776,0,
2026-07-22_08-55-23.mp4,0.025498216971755028,milk on baby face,0.0,0.0,0.0015,0.0513,0,
2026-07-14_11-50-03.mp4,0.15578527748584747,milk on baby face,0.0,0.667,0.0004,0.3117,0,
2026-07-05_04-36-37.mp4,0.07522466778755188,spit up milk,0.0,0.167,0.0005,0.1505,0,
2026-07-18_15-12-44.mp4,0.04562990367412567,spit up milk,0.0,0.0,0.0178,0.0948,0,
2026-07-05_11-30-27.mp4,0.036833591759204865,spit up milk,0.0,0.0,0.0008,0.0738,0,
2026-07-09_19-59-21.mp4,0.05740737542510033,spit up milk,0.0,0.167,0.0004,0.1149,0,
2026-07-08_23-17-10.mp4,0.02988399937748909,spit up milk,0.0,0.0,0.0003,0.0598,0,
2026-07-11_02-05-10.mp4,0.03818557783961296,milk on baby face,0.0,0.0,0.0024,0.0769,0,
2026-07-18_17-58-18.mp4,0.03874707967042923,milk on baby face,0.0,0.0,0.0007,0.0776,0,
2026-07-26_02-22-06.mp4,0.09473355114459991,milk on baby face,0.0,0.0,0.0013,0.1897,0,
2026-07-25_23-50-02.mp4,0.023404447361826897,spit up milk,0.0,0.0,0.3727,0.1213,0,
2026-07-15_18-36-07.mp4,0.06752610206604004,milk on baby face,0.0,0.167,0.0006,0.1352,0,
2026-07-05_19-02-30.mp4,0.06289059668779373,milk on baby face,0.0,0.333,0.0018,0.1261,0,
2026-07-02_14-21-52.mp4,0.02369898557662964,milk on baby face,0.0,0.0,0.001,0.0476,0,
2026-07-10_13-30-56.mp4,0.04089740291237831,spit up milk,0.0,0.0,0.0011,0.082,0,
2026-07-19_10-43-50.mp4,0.03589417412877083,spit up milk,0.0,0.833,0.0075,0.0733,0,
2026-07-22_08-55-11.mp4,0.02344881370663643,milk on baby face,0.0,0.0,0.003,0.0475,0,
2026-07-11_14-51-59.mp4,0.0253458134829998,spit up milk,0.0,0.167,0.0014,0.051,0,
2026-07-14_13-36-50.mp4,0.04894107207655907,milk on baby face,0.0,0.0,0.0017,0.0982,0,
2026-07-09_05-41-42.mp4,0.03647936135530472,milk on baby face,0.0,0.0,0.0004,0.073,0,
2026-07-13_19-47-54.mp4,0.01768566109240055,spit up milk,0.0,0.0,0.0005,0.0355,0,
2026-07-04_08-07-23.mp4,0.04711524024605751,milk on baby face,0.0,0.0,0.001,0.0944,0,
2026-07-12_06-40-09.mp4,0.050824690610170364,spit up milk,0.0,0.0,0.014,0.1044,0,
2026-07-20_22-00-40.mp4,0.21810230612754822,milk on baby face,0.0,0.0,0.0005,0.4363,0,
2026-07-09_14-09-54.mp4,0.022873880341649055,milk on baby face,0.0,0.0,0.0018,0.0461,0,
2026-07-11_17-16-00.mp4,0.03547496721148491,spit up milk,0.0,0.0,0.0013,0.0712,0,
2026-07-22_11-06-16.mp4,0.06855610758066177,milk on baby face,0.0,0.0,0.0121,0.1395,0,
2026-07-11_18-03-59.mp4,0.010950644500553608,milk on baby face,0.0,0.0,0.0017,0.0222,0,
2026-07-07_02-08-58.mp4,0.027230817824602127,milk on baby face,0.0,0.167,0.0002,0.0545,0,
2026-07-05_08-50-04.mp4,0.03845050185918808,spit up milk,0.0,0.0,0.0035,0.0776,0,
2026-07-12_13-49-37.mp4,0.012775728479027748,spit up milk,0.0,0.0,0.139,0.0534,0,
2026-07-05_16-17-58.mp4,0.03458573669195175,milk on baby face,0.0,0.0,0.0005,0.0693,0,
2026-07-18_14-15-57.mp4,0.0446203351020813,milk on baby face,0.0,0.0,0.0013,0.0895,0,
2026-07-07_08-40-54.mp4,0.031153803691267967,spit up milk,0.0,0.0,0.0005,0.0624,0,
2026-07-14_07-22-30.mp4,0.08550243824720383,milk on baby face,0.0,1.0,0.0341,0.1778,0,
2026-07-02_03-37-04.mp4,0.019508181139826775,milk on baby face,0.0,0.0,0.0005,0.0391,0,
2026-07-18_07-25-37.mp4,0.026930849999189377,spit up milk,0.0,0.0,0.0007,0.054,0,
2026-07-09_16-03-11.mp4,0.04912690073251724,spit up milk,0.0,1.0,0.0013,0.0985,0,
2026-07-07_00-25-47.mp4,0.02494402416050434,milk on baby face,0.0141,1.0,0.0004,0.0669,0,
2026-07-08_15-52-23.mp4,0.054771777242422104,milk on baby face,0.0,0.0,0.0003,0.1096,0,
2026-07-07_18-54-31.mp4,0.032048508524894714,milk on baby face,0.0,0.667,0.0006,0.0642,0,
2026-07-08_22-28-52.mp4,0.03255942836403847,milk on baby face,0.0,0.0,0.0005,0.0652,0,
2026-07-10_06-38-12.mp4,0.017665939405560493,milk on baby face,0.0,0.0,0.0013,0.0356,0,
2026-07-06_00-06-48.mp4,0.06563360244035721,milk on baby face,0.0,0.0,0.002,0.1317,0,
2026-06-30_21-42-49.mp4,0.012885060161352158,spit up milk,0.0,0.0,0.0106,0.0279,0,
2026-07-09_17-06-41.mp4,0.017494086176156998,spit up milk,0.0,0.0,0.0023,0.0354,0,
2026-07-10_14-14-32.mp4,0.03774186596274376,spit up milk,0.0,0.0,0.0004,0.0756,0,
2026-07-17_22-41-12.mp4,0.026473533362150192,spit up milk,0.0,0.0,0.0003,0.053,0,
2026-07-07_09-21-30.mp4,0.027598030865192413,spit up milk,0.0,0.0,0.0007,0.0553,0,
2026-07-23_23-23-20.mp4,0.032454714179039,spit up milk,0.0,0.0,0.0013,0.0652,0,
2026-07-01_23-34-02.mp4,0.035187866538763046,spit up milk,0.0,0.0,0.0014,0.0707,0,
2026-07-02_10-03-43.mp4,0.04717748612165451,milk on baby face,0.0,0.0,0.0005,0.0945,0,
2026-07-23_16-34-53.mp4,0.069722980260849,milk on baby face,0.0,0.0,0.0006,0.1396,0,
2026-07-05_09-24-45.mp4,0.04388447478413582,spit up milk,0.0,0.0,0.0009,0.0879,0,
2026-07-08_14-14-06.mp4,0.033427271991968155,spit up milk,0.0,0.167,0.0004,0.0669,0,
2026-07-15_19-51-18.mp4,0.028680890798568726,spit up milk,0.0,0.0,0.0063,0.0586,0,
2026-07-07_20-22-24.mp4,0.031442318111658096,spit up milk,0.0,0.0,0.0012,0.0631,0,
2026-07-02_04-20-51.mp4,0.039774101227521896,milk on baby face,0.0,0.0,0.0005,0.0796,0,
2026-07-06_21-32-40.mp4,0.015384752303361893,milk on baby face,0.0,0.0,0.004,0.0316,0,
2026-07-01_21-39-40.mp4,0.04555903375148773,milk on baby face,0.0,0.0,0.0027,0.0917,0,
2026-07-08_14-04-43.mp4,0.04009690135717392,spit up milk,0.0,0.0,0.0003,0.0803,0,
2026-07-25_10-54-16.mp4,0.04615137353539467,spit up milk,0.0,0.0,0.0026,0.0928,0,
2026-07-22_00-40-41.mp4,0.042877521365880966,milk on baby face,0.0,0.333,0.0106,0.0879,0,
2026-07-08_21-47-05.mp4,0.023159295320510864,milk on baby face,0.0,0.0,0.0005,0.0464,0,
2026-07-06_10-36-35.mp4,0.02787311188876629,milk on baby face,0.0,0.667,0.0005,0.0558,0,
2026-07-11_01-38-52.mp4,0.03748104348778725,milk on baby face,0.0,0.0,0.0003,0.075,0,
2026-07-16_03-54-01.mp4,0.030829288065433502,milk on baby face,0.0,0.0,0.0005,0.0618,0,
2026-07-24_07-27-45.mp4,0.028085453435778618,spit up milk,0.0,0.167,0.0573,0.0676,0,
2026-07-21_12-03-43.mp4,0.09400526434183121,milk on baby face,0.0,0.0,0.0076,0.1895,0,
2026-07-25_17-53-47.mp4,0.04031263664364815,spit up milk,0.0,0.0,0.0003,0.0807,0,
2026-07-15_23-38-39.mp4,0.009919152595102787,milk on baby face,0.0,0.0,0.002,0.0202,0,
2026-07-17_02-45-53.mp4,0.08073513954877853,milk on baby face,0.0,0.5,0.0006,0.1616,0,
2026-07-01_08-20-13.mp4,0.023356793448328972,spit up milk,0.0,0.0,0.0005,0.0468,0,
2026-07-14_14-23-08.mp4,0.024781296029686928,milk on baby face,0.0,0.0,0.0003,0.0496,0,
2026-07-01_18-03-11.mp4,0.0032663969323039055,spit up milk,0.0,0.0,0.0021,0.007,0,
2026-07-22_15-16-25.mp4,0.06843458116054535,milk on baby face,0.0,0.167,0.0026,0.1374,0,
2026-07-21_15-30-17.mp4,0.050398703664541245,spit up milk,0.0,0.167,0.003,0.1014,0,
2026-07-15_10-09-37.mp4,0.04675963521003723,milk on baby face,0.0,0.0,0.0003,0.0936,0,
2026-07-13_09-23-56.mp4,0.03257584944367409,milk on baby face,0.0,0.833,0.0002,0.0652,0,
2026-07-26_02-38-12.mp4,0.05768425017595291,spit up milk,0.0,0.5,0.1279,0.1409,0,
2026-07-06_18-28-18.mp4,0.06032168120145798,milk on baby face,0.0,0.0,0.0012,0.1209,0,
2026-07-20_22-58-39.mp4,0.16731619834899902,milk on baby face,0.0,0.0,0.0165,0.3379,0,
2026-07-08_20-45-44.mp4,0.020061641931533813,spit up milk,0.0,0.0,0.0164,0.0434,0,
2026-07-07_06-17-32.mp4,0.005379883106797934,milk on baby face,0.0,0.0,0.0009,0.0109,0,
2026-07-20_19-56-17.mp4,0.08228524774312973,milk on baby face,0.0,0.0,0.0014,0.1649,0,
2026-07-07_17-24-13.mp4,0.02061782032251358,spit up milk,0.0,0.0,0.0004,0.0413,0,
2026-07-01_21-46-28.mp4,0.0175858773291111,milk on baby face,0.0,0.0,0.0041,0.036,0,
2026-07-04_10-20-39.mp4,0.09367964416742325,spit up milk,0.0,0.0,0.0004,0.1874,0,
2026-07-03_06-02-05.mp4,0.023734917864203453,milk on baby face,0.0,0.0,0.0024,0.0479,0,
2026-07-21_08-35-09.mp4,0.11204147338867188,milk on baby face,0.0,0.667,0.0026,0.2246,0,
2026-07-07_11-21-29.mp4,0.032139528542757034,spit up milk,0.0,0.0,0.0006,0.0644,0,
2026-07-10_17-56-38.mp4,0.026683837175369263,white vomit stain,0.0,0.0,0.0009,0.0535,0,
2026-07-01_06-22-02.mp4,0.01798354834318161,milk on baby face,0.0,0.0,0.0003,0.036,0,
2026-07-07_22-36-30.mp4,0.025551848113536835,spit up milk,0.0,0.0,0.0016,0.0514,0,
2026-07-14_18-58-55.mp4,0.08795000612735748,milk on baby face,0.0,1.0,0.0004,0.176,0,
2026-07-05_10-26-43.mp4,0.02594994381070137,spit up milk,0.0,0.0,0.0034,0.0526,0,
2026-07-06_20-46-10.mp4,0.01407685037702322,milk on baby face,0.0,0.0,0.0022,0.0286,0,
2026-07-03_20-40-42.mp4,0.00839469488710165,spit up milk,0.0,0.0,0.0014,0.0171,0,
2026-07-09_09-56-15.mp4,0.021113071590662003,milk on baby face,0.0,0.0,0.0011,0.0424,0,
2026-07-07_11-22-23.mp4,0.03935876116156578,milk on baby face,0.0,0.0,0.003,0.0793,0,
2026-07-21_06-13-05.mp4,0.047620028257369995,spit up milk,0.0,0.0,0.0003,0.0953,0,
2026-07-02_06-23-27.mp4,0.022868627682328224,milk on baby face,0.0,0.0,0.0009,0.0459,0,
2026-07-18_13-11-33.mp4,0.037381403148174286,milk on baby face,0.0,0.167,0.0036,0.0755,0,
2026-07-20_15-33-11.mp4,0.00653004040941596,spit up milk,0.0,0.0,0.0003,0.0131,0,
2026-07-03_20-17-06.mp4,0.037371888756752014,spit up milk,0.0,0.0,0.0009,0.0749,0,
2026-07-25_02-51-45.mp4,0.03331620246171951,spit up milk,0.0,0.0,0.0005,0.0667,0,
2026-07-10_00-33-58.mp4,0.04113605245947838,milk on baby face,0.0,0.0,0.0006,0.0824,0,
2026-07-14_22-37-56.mp4,0.027042852714657784,white vomit stain,0.0,0.0,0.0001,0.0541,0,
2026-07-11_22-47-35.mp4,0.08869891613721848,milk on baby face,0.0,0.0,0.0081,0.179,0,
2026-07-25_03-50-44.mp4,0.029555901885032654,spit up milk,0.0,0.0,0.0009,0.0593,0,
2026-07-18_22-02-58.mp4,0.04142272099852562,milk on baby face,0.0,0.0,0.2963,0.1421,0,
2026-07-03_12-08-55.mp4,0.027121474966406822,spit up milk,0.0,0.0,0.0015,0.0545,0,
2026-07-09_11-22-26.mp4,0.037583641707897186,spit up milk,0.0,0.0,0.0009,0.0753,0,
2026-07-08_20-45-56.mp4,0.03041725978255272,spit up milk,0.0,0.0,0.0022,0.0613,0,
2026-07-25_14-19-55.mp4,0.013930129818618298,spit up milk,0.0,0.0,0.0096,0.0298,0,
2026-07-02_12-47-41.mp4,0.007259096950292587,spit up milk,0.0,0.0,0.0004,0.0146,0,
2026-07-22_13-37-14.mp4,0.033156972378492355,milk on baby face,0.0,0.0,0.0007,0.0665,0,
2026-07-02_17-24-03.mp4,0.016711009666323662,milk on baby face,0.0,0.0,0.0009,0.0336,0,
2026-07-05_13-30-13.mp4,0.009843041189014912,spit up milk,0.0,0.0,0.0002,0.0197,0,
2026-07-25_23-28-20.mp4,0.031408101320266724,milk on baby face,0.0,0.0,0.0006,0.0629,0,
2026-07-20_19-49-41.mp4,0.03383779898285866,milk on baby face,0.0,0.0,0.0004,0.0678,0,
2026-07-04_07-10-35.mp4,0.009621812961995602,spit up milk,0.0,0.0,0.0004,0.0193,0,
2026-07-18_15-37-26.mp4,0.040704336017370224,milk on baby face,0.0,0.833,0.0092,0.0832,0,
2026-07-05_03-38-10.mp4,0.04354563355445862,spit up milk,0.0,0.167,0.0036,0.0878,0,
2026-07-11_05-08-14.mp4,0.008633935824036598,spit up milk,0.0,0.0,0.0003,0.0173,0,
2026-07-12_17-42-44.mp4,0.030427156016230583,spit up milk,0.0,0.0,0.0002,0.0609,0,
2026-07-06_12-48-04.mp4,0.015096615068614483,spit up milk,0.0,0.167,0.0011,0.0304,0,
2026-07-02_10-13-13.mp4,0.017109975218772888,milk on baby face,0.0,0.0,0.0005,0.0343,0,
2026-07-04_06-33-19.mp4,0.014531664550304413,spit up milk,0.0,0.0,0.0012,0.0293,0,
2026-07-01_08-19-22.mp4,0.007592944893985987,spit up milk,0.0,0.0,0.001,0.0154,0,
2026-07-03_16-17-47.mp4,0.025304852053523064,white vomit stain,0.0,0.833,0.001,0.0508,0,
2026-07-04_08-06-05.mp4,0.05063808709383011,milk on baby face,0.0,0.167,0.0017,0.1016,0,
2026-07-08_12-00-50.mp4,0.03641200065612793,milk on baby face,0.0,0.0,0.0002,0.0729,0,
2026-07-04_02-22-22.mp4,0.009928137995302677,spit up milk,0.0,0.0,0.0005,0.02,0,
2026-07-08_20-46-32.mp4,0.01481934916228056,spit up milk,0.0,0.0,0.002,0.03,0,
2026-07-09_11-46-02.mp4,0.01488036010414362,spit up milk,0.0,0.0,0.0007,0.0299,0,
2026-07-02_00-53-31.mp4,0.018156057223677635,milk on baby face,0.0,0.0,0.002,0.0367,0,
2026-07-21_11-17-55.mp4,0.021047154441475868,milk on baby face,0.0,0.0,0.0392,0.0499,0,
2026-07-02_15-36-51.mp4,0.04877253621816635,spit up milk,0.0,0.0,0.0008,0.0977,0,
2026-07-10_14-21-31.mp4,0.04000161215662956,spit up milk,0.0,0.0,0.001,0.0802,0,
2026-07-09_14-39-36.mp4,0.031061794608831406,milk on baby face,0.0,0.0,0.002,0.0625,0,
2026-07-06_23-41-24.mp4,0.05288783833384514,spit up milk,0.0,0.0,0.0002,0.1058,0,
2026-07-19_11-29-03.mp4,0.04887005686759949,milk on baby face,0.0,0.5,0.0006,0.0979,0,
2026-07-01_18-41-38.mp4,0.020146207883954048,milk on baby face,0.0,0.5,0.0008,0.0405,0,
2026-07-07_02-06-58.mp4,0.01898743025958538,spit up milk,0.0,0.167,0.0004,0.0381,0,
2026-07-03_21-26-05.mp4,0.02310442179441452,spit up milk,0.0,0.0,0.0003,0.0463,0,
2026-07-05_15-50-46.mp4,0.038077253848314285,milk on baby face,0.0,0.0,0.0109,0.0783,0,
2026-07-14_22-46-20.mp4,0.04259748384356499,milk on baby face,0.0,1.0,0.0131,0.0878,0,
2026-07-03_11-05-56.mp4,0.03793449327349663,spit up milk,0.0,0.0,0.0004,0.0759,0,
2026-07-03_06-39-47.mp4,0.05532011762261391,spit up milk,0.0,0.0,0.0004,0.1107,0,
2026-07-04_23-49-45.mp4,0.030784063041210175,spit up milk,0.0,0.333,0.0004,0.0616,0,
2026-07-09_06-00-42.mp4,0.006918542552739382,spit up milk,0.0,0.0,0.0019,0.0142,0,
2026-07-09_16-02-35.mp4,0.03350656107068062,milk on baby face,0.0,1.0,0.0014,0.0673,0,
2026-07-07_01-16-47.mp4,0.10038765519857407,milk on baby face,0.0,0.333,0.0008,0.2009,0,
2026-07-01_12-42-18.mp4,0.02158380299806595,spit up milk,0.0,1.0,0.0002,0.0432,0,
2026-07-06_18-02-30.mp4,0.041739799082279205,milk on baby face,0.0,0.0,0.0012,0.0837,0,
2026-07-21_13-04-06.mp4,0.04858841001987457,milk on baby face,0.0,0.0,0.0007,0.0973,0,
2026-07-03_12-54-31.mp4,0.043058037757873535,milk on baby face,0.0,0.0,0.0011,0.0863,0,
2026-07-07_19-13-01.mp4,0.038326285779476166,milk on baby face,0.0,0.0,0.0008,0.0768,0,
2026-07-06_18-34-41.mp4,0.04542578384280205,milk on baby face,0.0,0.0,0.0007,0.091,0,
2026-07-22_00-10-05.mp4,0.05900063365697861,spit up milk,0.0,0.0,0.0004,0.1181,0,
2026-07-05_22-00-32.mp4,0.010335676372051239,spit up milk,0.0,0.0,0.0052,0.0217,0,
2026-07-04_06-38-19.mp4,0.008615987375378609,spit up milk,0.0,0.0,0.0005,0.0173,0,
2026-07-15_17-49-49.mp4,0.03272770345211029,spit up milk,0.0,0.0,0.0003,0.0655,0,
2026-07-03_00-17-57.mp4,0.012148366309702396,spit up milk,0.0,0.0,0.0023,0.0248,0,
2026-07-10_13-31-08.mp4,0.03459969535470009,white vomit stain,0.0,0.0,0.0013,0.0695,0,
2026-07-05_05-32-41.mp4,0.014053892344236374,spit up milk,0.0,0.167,0.002,0.0285,0,
2026-07-06_03-20-46.mp4,0.02421308495104313,spit up milk,0.0,0.0,0.0003,0.0485,0,
2026-07-03_09-52-33.mp4,0.00452848756685853,spit up milk,0.0,0.0,0.0006,0.0092,0,
2026-07-19_23-44-12.mp4,0.03450121730566025,milk on baby face,0.0,0.167,0.0003,0.0691,0,
2026-07-06_08-08-19.mp4,0.026875708252191544,spit up milk,0.0,0.0,0.0004,0.0538,0,
2026-07-09_17-33-59.mp4,0.014639009721577168,milk on baby face,0.0,0.0,0.0005,0.0294,0,
2026-07-19_01-49-19.mp4,0.02924991212785244,milk on baby face,0.0,0.5,0.0021,0.0589,0,
2026-07-06_00-38-06.mp4,0.061130549758672714,spit up milk,0.0,0.833,0.0006,0.1224,0,
2026-07-09_06-58-17.mp4,0.03998937830328941,spit up milk,0.0,0.333,0.001,0.0802,0,
2026-07-05_03-38-35.mp4,0.05096040666103363,spit up milk,0.0,0.0,0.0035,0.1026,0,
2026-07-23_00-50-32.mp4,0.06630416959524155,milk on baby face,0.0,0.333,0.2125,0.1751,0,
2026-07-02_10-35-18.mp4,0.013466748408973217,milk on baby face,0.0,0.333,0.0003,0.027,0,
2026-07-26_09-36-50.mp4,0.05174676701426506,milk on baby face,0.0,0.0,0.0379,0.1111,0,
2026-07-05_07-56-22.mp4,0.03542385995388031,spit up milk,0.0,0.0,0.0004,0.0709,0,
2026-07-24_02-31-24.mp4,0.037626322358846664,spit up milk,0.0,0.0,0.0008,0.0754,0,
2026-07-22_02-35-10.mp4,0.04469345882534981,milk on baby face,0.0,0.0,0.0006,0.0895,0,
2026-07-15_04-26-46.mp4,0.017164478078484535,milk on baby face,0.0,1.0,0.0006,0.0344,0,
2026-07-08_18-53-51.mp4,0.016869276762008667,spit up milk,0.0,0.0,0.0033,0.0344,0,
2026-07-09_05-52-06.mp4,0.07703332602977753,milk on baby face,0.0,0.167,0.0008,0.1542,0,
2026-07-05_12-13-44.mp4,0.026072826236486435,spit up milk,0.0,0.5,0.0009,0.0523,0,
2026-07-04_01-44-23.mp4,0.028012868016958237,spit up milk,0.0,0.0,0.0023,0.0565,0,
2026-07-18_07-18-19.mp4,0.032797105610370636,milk on baby face,0.0,0.0,0.0007,0.0657,0,
2026-07-14_14-58-01.mp4,0.07047612965106964,spit up milk,0.0,0.0,0.0039,0.1417,0,
2026-07-26_04-10-11.mp4,0.03915789723396301,spit up milk,0.0,0.0,0.0005,0.0784,0,
2026-07-09_18-51-05.mp4,0.06305252015590668,milk on baby face,0.0,0.167,0.0031,0.1267,0,
2026-07-07_10-49-23.mp4,0.03097367472946644,milk on baby face,0.0,0.0,0.0009,0.0621,0,
2026-07-24_21-13-12.mp4,0.02812630496919155,milk on baby face,0.0,0.0,0.0014,0.0565,0,
2026-07-21_14-07-30.mp4,0.009619968011975288,milk on baby face,0.0,0.0,0.0005,0.0193,0,
2026-07-25_02-48-09.mp4,0.03375425562262535,spit up milk,0.0,0.0,0.0018,0.0679,0,
2026-06-30_16-10-44.mp4,0.04550497978925705,spit up milk,0.0,0.0,0.0034,0.0917,0,
2026-07-09_17-03-23.mp4,0.018670426681637764,spit up milk,0.0,0.0,0.0002,0.0374,0,
2026-07-12_14-51-36.mp4,0.01362613495439291,spit up milk,0.0,0.0,0.001,0.0275,0,
2026-07-12_08-11-32.mp4,0.037508632987737656,milk on baby face,0.0,0.0,0.0051,0.076,0,
2026-07-15_17-42-13.mp4,0.022590823471546173,milk on baby face,0.0,0.0,0.0006,0.0453,0,
2026-07-11_18-51-27.mp4,0.013272332958877087,spit up milk,0.0,0.0,0.0003,0.0266,0,
2026-07-04_10-40-16.mp4,0.049586739391088486,spit up milk,0.0,0.0,0.0038,0.0999,0,
2026-07-01_06-16-14.mp4,0.013838942162692547,milk on baby face,0.0,0.0,0.0003,0.0277,0,
2026-07-06_14-35-42.mp4,0.048087090253829956,spit up milk,0.0,0.0,0.0006,0.0963,0,
2026-07-16_22-31-38.mp4,0.038271352648735046,spit up milk,0.0,0.0,0.001,0.0767,0,
2026-07-03_07-32-40.mp4,0.04383990913629532,milk on baby face,0.0,0.0,0.0002,0.0877,0,
2026-07-13_09-31-02.mp4,0.025070568546652794,milk on baby face,0.0,0.667,0.0516,0.0605,0,
2026-07-03_12-15-31.mp4,0.014125746674835682,spit up milk,0.0,0.0,0.001,0.0285,0,
2026-07-17_03-23-23.mp4,0.0321982316672802,spit up milk,0.0,0.167,0.0005,0.0645,0,
2026-07-03_13-22-00.mp4,0.03951771557331085,milk on baby face,0.0,0.0,0.0004,0.0791,0,
2026-07-10_15-18-43.mp4,0.02278096415102482,spit up milk,0.0,0.0,0.0006,0.0457,0,
2026-07-10_02-11-09.mp4,0.028607062995433807,spit up milk,0.0,0.0,0.0002,0.0573,0,
2026-07-14_14-22-20.mp4,0.056559301912784576,milk on baby face,0.0,0.0,0.001,0.1133,0,
2026-07-08_01-04-34.mp4,0.06836065649986267,spit up milk,0.0,0.5,0.0002,0.1368,0,
2026-07-21_12-03-07.mp4,0.04365123063325882,spit up milk,0.0,0.0,0.0003,0.0874,0,
2026-07-19_03-56-54.mp4,0.06661121547222137,milk on baby face,0.0,0.0,0.0003,0.1333,0,
2026-07-05_14-34-19.mp4,0.032797105610370636,spit up milk,0.0,0.667,0.0002,0.0656,0,
2026-07-16_09-07-34.mp4,0.03324734792113304,milk on baby face,0.0,0.0,0.0326,0.073,0,
2026-07-05_04-34-49.mp4,0.07944051176309586,spit up milk,0.0,0.167,0.0031,0.1595,0,
2026-07-18_23-58-45.mp4,0.016483452171087265,spit up milk,0.0,0.833,0.0032,0.0336,0,
2026-07-11_04-10-27.mp4,0.02898183837532997,spit up milk,0.0,0.0,0.0003,0.058,0,
2026-07-06_20-15-34.mp4,0.017820147797465324,milk on baby face,0.0,0.0,0.0011,0.0359,0,
2026-06-30_18-52-59.mp4,0.004119728691875935,white vomit stain,0.0,0.0,0.0042,0.0091,0,
2026-07-15_14-54-40.mp4,0.054011911153793335,milk on baby face,0.0,0.0,0.0009,0.1082,0,
2026-07-10_15-05-07.mp4,0.041208893060684204,spit up milk,0.0,0.0,0.0034,0.0831,0,
2026-07-22_23-18-27.mp4,0.0285872220993042,milk on baby face,0.0,0.0,0.0009,0.0574,0,
2026-07-12_14-35-06.mp4,0.05502790957689285,spit up milk,0.0,0.5,0.0006,0.1102,0,
2026-07-01_18-49-19.mp4,0.009114372543990612,milk on baby face,0.0,0.167,0.0011,0.0184,0,
2026-07-26_03-27-59.mp4,0.10851248353719711,milk on baby face,0.0,0.5,0.002,0.2174,0,
2026-07-25_23-40-26.mp4,0.012115717865526676,milk on baby face,0.0,0.0,0.0006,0.0244,0,
2026-07-03_03-37-18.mp4,0.02317613922059536,milk on baby face,0.0,0.0,0.0008,0.0465,0,
2026-07-09_00-17-33.mp4,0.023267146199941635,spit up milk,0.0,0.0,0.0004,0.0466,0,
2026-07-13_18-34-49.mp4,0.02436784841120243,spit up milk,0.0,0.0,0.0017,0.0491,0,
2026-07-03_15-12-23.mp4,0.0142440814524889,milk on baby face,0.0,0.167,0.0009,0.0287,0,
2026-07-10_15-13-43.mp4,0.04072616994380951,spit up milk,0.0,0.0,0.0024,0.0819,0,
2026-07-03_22-44-40.mp4,0.03439664840698242,milk on baby face,0.0,0.0,0.0009,0.069,0,
2026-07-10_16-20-06.mp4,0.015512602403759956,spit up milk,0.0,0.0,0.0006,0.0311,0,
2026-07-11_10-54-22.mp4,0.025382427498698235,spit up milk,0.0,0.0,0.0005,0.0509,0,
2026-07-15_09-44-07.mp4,0.03671210631728172,milk on baby face,0.0,0.0,0.0743,0.0883,0,
2026-07-03_22-52-58.mp4,0.1708265244960785,milk on baby face,0.0,0.167,0.0106,0.3438,0,
2026-07-06_18-03-42.mp4,0.029005657881498337,milk on baby face,0.0,0.0,0.0012,0.0583,0,
2026-07-18_11-26-46.mp4,0.03582382947206497,spit up milk,0.0,0.0,0.0012,0.0719,0,
2026-07-13_17-22-14.mp4,0.04008645936846733,milk on baby face,0.0,0.0,0.0012,0.0804,0,
2026-07-04_08-38-35.mp4,0.03049570322036743,spit up milk,0.0,0.0,0.0004,0.0611,0,
2026-07-08_20-17-20.mp4,0.0187770277261734,spit up milk,0.0,0.0,0.0003,0.0376,0,
2026-07-19_14-45-49.mp4,0.04338877275586128,milk on baby face,0.0,0.0,0.0131,0.0894,0,
2026-07-15_09-11-55.mp4,0.058650486171245575,milk on baby face,0.0,0.0,0.0035,0.118,0,
2026-07-06_00-40-06.mp4,0.22849154472351074,milk on baby face,0.0,0.833,0.5637,0.5697,1,
2026-07-06_08-19-01.mp4,0.05083642154932022,milk on baby face,0.0,0.0,0.0003,0.1017,0,
2026-07-09_18-50-29.mp4,0.04450039938092232,milk on baby face,0.0,0.833,0.0023,0.0895,0,
2026-07-09_03-05-13.mp4,0.02712022326886654,milk on baby face,0.0,0.0,0.0003,0.0543,0,
2026-07-23_20-50-03.mp4,0.027966095134615898,milk on baby face,0.0,0.0,0.0002,0.056,0,
2026-07-26_01-40-06.mp4,0.059558168053627014,spit up milk,0.0,0.0,0.0005,0.1192,0,
2026-07-03_13-07-43.mp4,0.03850160539150238,milk on baby face,0.0,0.0,0.7786,0.2327,0,
2026-07-08_18-48-45.mp4,0.017989929765462875,spit up milk,0.0,0.0,0.004,0.0368,0,
2026-07-04_04-38-44.mp4,0.026241246610879898,spit up milk,0.0,0.0,0.0005,0.0526,0,
2026-07-05_04-31-49.mp4,0.02382386475801468,spit up milk,0.0,0.0,0.0021,0.0481,0,
2026-07-05_16-29-33.mp4,0.04356875643134117,milk on baby face,0.0,0.0,0.0005,0.0872,0,
2026-07-15_04-22-58.mp4,0.031532950699329376,milk on baby face,0.0,0.667,0.0003,0.0631,0,
2026-07-15_15-51-50.mp4,0.03684218227863312,milk on baby face,0.0,0.0,0.0498,0.0836,0,
2026-07-14_18-08-43.mp4,0.029717078432440758,milk on baby face,0.0,0.0,0.0022,0.0599,0,
2026-07-24_19-20-43.mp4,0.060368862003088,milk on baby face,0.0,0.0,0.0048,0.1217,0,
2026-07-23_20-10-58.mp4,0.08626356720924377,spit up milk,0.0,0.167,0.0284,0.1782,0,
2026-07-03_13-08-31.mp4,0.039323218166828156,milk on baby face,0.0,0.0,0.0052,0.0797,0,
2026-07-04_10-39-52.mp4,0.061923637986183167,spit up milk,0.0,0.0,0.0009,0.124,0,
2026-07-17_13-16-22.mp4,0.04058615863323212,milk on baby face,0.0,0.0,0.0016,0.0815,0,
2026-07-17_04-58-40.mp4,0.04508860409259796,spit up milk,0.0,0.0,0.0004,0.0903,0,
2026-07-11_04-49-08.mp4,0.03554082661867142,spit up milk,0.0,0.0,0.0005,0.0712,0,
2026-07-23_18-39-57.mp4,0.05492844060063362,milk on baby face,0.0,0.0,0.0007,0.11,0,
2026-07-04_01-46-05.mp4,0.04227057471871376,milk on baby face,0.0,0.0,0.0007,0.0847,0,
2026-07-18_10-44-29.mp4,0.035673853009939194,milk on baby face,0.0,0.0,0.0007,0.0715,0,
2026-07-04_09-32-52.mp4,0.03382617235183716,spit up milk,0.0,0.0,0.0004,0.0677,0,
2026-07-09_23-39-11.mp4,0.03711947053670883,spit up milk,0.0,0.0,0.0298,0.0802,0,
2026-07-18_22-03-34.mp4,0.036000777035951614,milk on baby face,0.0,0.0,0.0367,0.0793,0,
2026-07-03_20-40-18.mp4,0.01008982490748167,spit up milk,0.0,0.0,0.0017,0.0205,0,
2026-07-14_16-26-43.mp4,0.0798439234495163,spit up milk,0.0,0.0,0.0004,0.1598,0,
2026-07-08_20-36-08.mp4,0.025681544095277786,spit up milk,0.0,0.0,0.0013,0.0516,0,
2026-07-17_11-07-00.mp4,0.0363079234957695,spit up milk,0.0,0.167,0.0004,0.0727,0,
2026-07-22_07-45-31.mp4,0.06423690915107727,milk on baby face,0.0,0.0,0.0004,0.1286,0,
2026-07-06_00-21-24.mp4,0.08951878547668457,spit up milk,0.0,0.5,0.0008,0.1792,0,
2026-07-22_23-21-15.mp4,0.04115989804267883,spit up milk,0.0,0.167,0.0028,0.0829,0,
2026-07-03_06-38-59.mp4,0.02042955718934536,spit up milk,0.0,0.0,0.0004,0.0409,0,
2026-07-11_13-41-12.mp4,0.033223945647478104,spit up milk,0.0,0.167,0.0006,0.0666,0,
2026-07-11_08-41-23.mp4,0.026213649660348892,spit up milk,0.0,0.0,0.0003,0.0525,0,
2026-07-23_03-03-13.mp4,0.021216336637735367,milk on baby face,0.0,0.0,0.0005,0.0425,0,
2026-07-17_09-15-13.mp4,0.034287527203559875,spit up milk,0.0,0.0,0.0008,0.0687,0,
2026-07-15_10-15-01.mp4,0.05695420503616333,spit up milk,0.0,0.0,0.0004,0.114,0,
2026-07-22_04-06-39.mp4,0.04217392951250076,milk on baby face,0.0,0.167,0.0013,0.0846,0,
2026-07-10_05-12-43.mp4,0.028859300538897514,spit up milk,0.0,0.0,0.0004,0.0578,0,
2026-07-10_01-37-04.mp4,0.03609044477343559,spit up milk,0.0,0.167,0.0006,0.0723,0,
2026-07-03_14-24-48.mp4,0.01456506084650755,milk on baby face,0.0,0.0,0.0006,0.0293,0,
2026-07-18_21-02-04.mp4,0.02393706515431404,milk on baby face,0.0,0.167,0.0008,0.048,0,
2026-07-07_21-48-43.mp4,0.030322758480906487,milk on baby face,0.0,0.0,0.0023,0.0611,0,
2026-07-19_00-04-02.mp4,0.02432265877723694,milk on baby face,0.0,0.0,0.0006,0.0488,0,
2026-07-20_22-57-45.mp4,0.09613465517759323,milk on baby face,0.0,0.0,0.0011,0.1925,0,
2026-07-13_10-39-37.mp4,0.031053593382239342,spit up milk,0.0,0.5,0.0014,0.0624,0,
2026-07-10_08-25-53.mp4,0.02730533480644226,spit up milk,0.0,0.0,0.0008,0.0548,0,
2026-07-12_21-43-14.mp4,0.029878683388233185,spit up milk,0.0,0.0,0.0003,0.0598,0,
2026-07-10_05-36-19.mp4,0.02720317617058754,milk on baby face,0.0,0.833,0.0007,0.0545,0,
2026-07-18_11-17-40.mp4,0.03721703216433525,milk on baby face,0.0,0.0,0.0009,0.0746,0,
2026-07-17_11-05-12.mp4,0.044283319264650345,spit up milk,0.0,0.0,0.0005,0.0887,0,
2026-07-04_12-31-03.mp4,0.02922649122774601,milk on baby face,0.0,0.0,0.002,0.0589,0,
2026-07-11_13-47-18.mp4,0.03390185907483101,milk on baby face,0.0,1.0,0.0004,0.0679,0,
2026-07-12_20-03-59.mp4,0.0429534949362278,milk on baby face,0.0,0.0,0.0006,0.086,0,
2026-07-19_06-44-40.mp4,0.03642534464597702,milk on baby face,0.0,0.0,0.0007,0.073,0,
2026-07-18_15-08-08.mp4,0.07194478064775467,spit up milk,0.0,0.0,0.0015,0.1442,0,
2026-07-20_21-42-22.mp4,0.10345155745744705,milk on baby face,0.0,0.0,0.0003,0.207,0,
2026-07-21_01-05-44.mp4,0.08780398219823837,milk on baby face,0.0,0.0,0.0009,0.1758,0,
2026-07-11_10-15-04.mp4,0.021175509318709373,spit up milk,0.0,0.5,0.0003,0.0424,0,
2026-07-08_07-12-47.mp4,0.03677726909518242,milk on baby face,0.0,0.0,0.0006,0.0737,0,
2026-07-10_18-12-44.mp4,0.029109632596373558,white vomit stain,0.0,0.5,0.0011,0.0584,0,
2026-07-09_21-34-56.mp4,0.03282326087355614,spit up milk,0.0,0.0,0.0009,0.0658,0,
2026-07-22_10-56-40.mp4,0.05754693225026131,milk on baby face,0.0,0.167,0.006,0.1163,0,
2026-07-08_13-55-43.mp4,0.052097875624895096,spit up milk,0.0,0.5,0.0004,0.1043,0,
2026-07-19_17-40-46.mp4,0.022122060880064964,spit up milk,0.0,0.0,0.0002,0.0443,0,
2026-07-06_18-01-54.mp4,0.04175783321261406,milk on baby face,0.0,0.0,0.0004,0.0836,0,
2026-07-01_21-24-47.mp4,0.04569828510284424,milk on baby face,0.0,0.0,0.0002,0.0914,0,
2026-07-20_00-45-17.mp4,0.04861225560307503,spit up milk,0.0,0.0,0.0005,0.0973,0,
2026-07-10_16-43-05.mp4,0.037706948816776276,milk on baby face,0.0,0.0,0.0007,0.0756,0,
2026-07-21_08-30-21.mp4,0.0459284782409668,milk on baby face,0.0,0.0,0.0003,0.0919,0,
2026-07-08_12-37-25.mp4,0.010326924733817577,spit up milk,0.0,0.0,0.0005,0.0208,0,
2026-07-23_19-06-32.mp4,0.036649543792009354,milk on baby face,0.0,0.0,0.0009,0.0735,0,
2026-07-23_19-08-44.mp4,0.047467444092035294,spit up milk,0.0,0.0,0.0011,0.0952,0,
2026-07-06_07-08-13.mp4,0.018831217661499977,spit up milk,0.0,0.0,0.0007,0.0378,0,
2026-07-22_16-58-39.mp4,0.035965271294116974,spit up milk,0.0,0.0,0.207,0.1133,0,
2026-07-20_12-32-49.mp4,0.05104155093431473,milk on baby face,0.0,0.0,0.0019,0.1025,0,
2026-07-26_02-27-30.mp4,0.04515327885746956,spit up milk,0.0,0.333,0.0007,0.0904,0,
2026-07-11_09-00-35.mp4,0.02337818220257759,spit up milk,0.0,0.0,0.0027,0.0473,0,
2026-07-18_22-02-34.mp4,0.04644167423248291,spit up milk,0.0,0.0,0.001,0.0931,0,
2026-07-12_12-22-41.mp4,0.02921232394874096,spit up milk,0.0,0.333,0.0011,0.0586,0,
2026-07-10_11-41-03.mp4,0.026477718725800514,spit up milk,0.0,0.0,0.0006,0.0531,0,
2026-07-05_03-52-22.mp4,0.05059788376092911,spit up milk,0.0,0.0,0.0021,0.1016,0,
2026-07-18_13-28-51.mp4,0.028540421277284622,milk on baby face,0.0,0.0,0.0005,0.0572,0,
2026-07-07_17-15-49.mp4,0.007830657064914703,spit up milk,0.0,0.0,0.0006,0.0158,0,
2026-07-12_19-09-05.mp4,0.024993250146508217,spit up milk,0.0,0.0,0.001,0.0502,0,
2026-07-03_14-19-24.mp4,0.022771377116441727,spit up milk,0.0,0.0,0.0014,0.0458,0,
2026-07-06_14-37-18.mp4,0.054214317351579666,spit up milk,0.0,0.0,0.0034,0.1091,0,
2026-07-22_02-04-16.mp4,0.03311415761709213,milk on baby face,0.0,0.0,0.1805,0.1023,0,
2026-07-08_08-28-16.mp4,0.027755461633205414,milk on baby face,0.0,0.0,0.0005,0.0556,0,
2026-07-12_03-59-23.mp4,0.014676832593977451,milk on baby face,0.0,0.0,0.0003,0.0294,0,
2026-07-20_22-51-51.mp4,0.22864514589309692,milk on baby face,0.0,0.0,0.003,0.4579,0,
2026-07-02_18-41-56.mp4,0.02010837011039257,spit up milk,0.0,0.5,0.0041,0.041,0,
2026-07-18_15-15-56.mp4,0.04444802552461624,spit up milk,0.0,0.0,0.0002,0.0889,0,
2026-07-24_10-47-25.mp4,0.054441288113594055,milk on baby face,0.0,0.0,0.0004,0.109,0,
2026-07-09_15-29-00.mp4,0.03306209668517113,milk on baby face,0.0,0.0,0.0007,0.0663,0,
2026-07-22_04-04-51.mp4,0.04267723113298416,spit up milk,0.0,0.0,0.0007,0.0855,0,
2026-07-18_03-15-27.mp4,0.11758117377758026,milk on baby face,0.0,0.667,0.0101,0.2372,0,
2026-07-17_04-55-28.mp4,0.03959361091256142,spit up milk,0.0,0.167,0.0058,0.0803,0,
2026-07-08_21-47-29.mp4,0.03387993574142456,milk on baby face,0.0,0.0,0.0007,0.0679,0,
2026-07-05_16-27-04.mp4,0.01436611544340849,spit up milk,0.0,0.0,0.0009,0.0289,0,
2026-07-06_17-03-00.mp4,0.051447752863168716,milk on baby face,0.0,0.0,0.006,0.1041,0,
2026-07-07_02-10-22.mp4,0.013354708440601826,spit up milk,0.0,0.0,0.0002,0.0267,0,
2026-07-21_00-39-20.mp4,0.11096570640802383,milk on baby face,0.0,0.0,0.0678,0.2355,0,
2026-07-12_20-08-29.mp4,0.00803289469331503,spit up milk,0.0,0.0,0.0014,0.0163,0,
2026-07-19_10-19-26.mp4,0.03933914005756378,milk on baby face,0.0,0.833,0.001,0.0789,0,
2026-07-15_20-36-59.mp4,0.03222420811653137,milk on baby face,0.0,0.0,0.001,0.0646,0,
2026-07-15_09-52-49.mp4,0.03637029603123665,milk on baby face,0.0,0.0,0.0141,0.0756,0,
2026-07-06_11-30-53.mp4,0.06439431756734848,milk on baby face,0.0,0.0,0.0004,0.1289,0,
2026-07-03_07-36-58.mp4,0.037836089730262756,milk on baby face,0.0,0.0,0.0011,0.0759,0,
2026-07-11_01-25-52.mp4,0.03297540917992592,spit up milk,0.0,0.0,0.001,0.0662,0,
2026-07-03_19-49-42.mp4,0.013095492497086525,spit up milk,0.0,0.0,0.0015,0.0265,0,
2026-07-10_07-20-48.mp4,0.04729786515235901,spit up milk,0.0,0.333,0.0044,0.0955,0,
2026-07-02_15-02-34.mp4,0.0075715030543506145,milk on baby face,0.0,0.0,0.0002,0.0152,0,
2026-07-02_10-40-48.mp4,0.023626528680324554,milk on baby face,0.0,0.0,0.0009,0.0474,0,
2026-07-07_01-16-59.mp4,0.15761637687683105,milk on baby face,0.2824,0.5,0.0035,0.6159,1,
2026-07-20_19-14-29.mp4,0.128135547041893,white vomit stain,0.0,0.0,0.0005,0.2564,0,
2026-07-03_07-34-34.mp4,0.03396347537636757,spit up milk,0.0,0.0,0.0003,0.068,0,
2026-07-16_17-14-23.mp4,0.03371235728263855,milk on baby face,0.0,0.0,0.0019,0.0678,0,
2026-07-07_18-56-31.mp4,0.034806448966264725,milk on baby face,0.0,0.0,0.0038,0.0704,0,
2026-07-07_17-45-19.mp4,0.019228560850024223,milk on baby face,0.0,0.0,0.0017,0.0388,0,
2026-07-03_12-43-25.mp4,0.020398404449224472,spit up milk,0.0,0.0,0.0011,0.041,0,
2026-07-14_12-00-33.mp4,0.06658872961997986,spit up milk,0.0,0.5,0.0004,0.1333,0,
2026-07-15_07-36-32.mp4,0.08925949037075043,spit up milk,0.0,0.333,0.4819,0.2749,0,
2026-07-21_15-37-35.mp4,0.07287265360355377,milk on baby face,0.0,0.0,0.0007,0.1459,0,
2026-07-12_19-29-10.mp4,0.036504581570625305,spit up milk,0.0,0.0,0.0007,0.0731,0,
2026-07-06_14-23-55.mp4,0.0066472310572862625,spit up milk,0.0,0.0,0.0058,0.0145,0,
2026-07-03_11-19-20.mp4,0.041272636502981186,milk on baby face,0.0,0.0,0.0015,0.0828,0,
2026-07-11_15-48-16.mp4,0.03561102971434593,spit up milk,0.0,0.0,0.0022,0.0717,0,
2026-07-19_14-54-07.mp4,0.06617587059736252,milk on baby face,0.0,0.0,0.0003,0.1324,0,
2026-07-21_23-56-12.mp4,0.02354356460273266,milk on baby face,0.006,1.0,0.0005,0.0544,0,
2026-07-06_21-09-10.mp4,0.01594703271985054,milk on baby face,0.0,0.0,0.0002,0.0319,0,
2026-07-17_11-09-12.mp4,0.02697533182799816,spit up milk,0.0,1.0,0.0004,0.054,0,
2026-07-23_08-31-16.mp4,0.02408467046916485,white vomit stain,0.0,0.167,0.0007,0.0483,0,
2026-06-30_18-27-13.mp4,0.018603306263685226,spit up milk,0.0,0.0,0.001,0.0374,0,
2026-07-09_19-57-45.mp4,0.03458409756422043,spit up milk,0.0,0.0,0.0009,0.0693,0,
2026-07-04_02-26-22.mp4,0.0564943291246891,milk on baby face,0.0,0.0,0.0014,0.1133,0,
2026-07-21_01-13-38.mp4,0.049021828919649124,milk on baby face,0.0,0.0,0.0008,0.0982,0,
2026-07-08_13-39-55.mp4,0.03804628551006317,spit up milk,0.0,0.5,0.017,0.0795,0,
2026-07-19_10-26-02.mp4,0.08954043686389923,spit up milk,0.0,0.167,0.0023,0.1795,0,
2026-07-02_09-49-36.mp4,0.025013770908117294,milk on baby face,0.0,0.0,0.0002,0.0501,0,
2026-07-10_09-28-05.mp4,0.03935975208878517,spit up milk,0.0,0.0,0.0004,0.0788,0,
2026-07-02_23-36-37.mp4,0.022170430049300194,milk on baby face,0.0,0.0,0.0055,0.0454,0,
2026-07-05_15-37-04.mp4,0.034384194761514664,milk on baby face,0.0,0.0,0.0033,0.0694,0,
2026-07-05_02-33-47.mp4,0.04352832958102226,spit up milk,0.0,0.0,0.0011,0.0873,0,
2026-07-07_23-55-35.mp4,0.03588969632983208,spit up milk,0.0,0.0,0.0963,0.091,0,
2026-07-08_07-19-17.mp4,0.025976931676268578,milk on baby face,0.0,0.0,0.0005,0.0521,0,
2026-07-10_13-17-32.mp4,0.03896425664424896,white vomit stain,0.0,0.0,0.0005,0.078,0,
2026-07-24_03-44-41.mp4,0.04969426989555359,spit up milk,0.0,0.167,0.0199,0.1034,0,
2026-07-14_19-35-43.mp4,0.02468452975153923,spit up milk,0.0,0.0,0.0004,0.0494,0,
2026-07-08_07-39-58.mp4,0.0258632805198431,milk on baby face,0.0,0.0,0.0007,0.0519,0,
2026-07-21_10-11-20.mp4,0.03182636946439743,milk on baby face,0.0,0.0,0.0005,0.0638,0,
2026-07-22_07-45-43.mp4,0.12071670591831207,milk on baby face,0.0,0.167,0.0007,0.2416,0,
2026-07-05_03-46-28.mp4,0.024329334497451782,spit up milk,0.0,0.0,0.0038,0.0494,0,
2026-07-25_04-17-44.mp4,0.05120275914669037,spit up milk,0.0,0.0,0.0411,0.1106,0,
2026-07-06_00-40-54.mp4,0.08249922841787338,milk on baby face,0.0,1.0,0.0002,0.165,0,
2026-07-05_05-39-47.mp4,0.0233794916421175,spit up milk,0.0,0.0,0.0027,0.0473,0,
2026-07-23_16-56-34.mp4,0.03087158128619194,milk on baby face,0.0,0.0,0.032,0.0681,0,
2026-07-15_16-04-50.mp4,0.13684329390525818,milk on baby face,0.0,0.0,0.1419,0.3021,0,
2026-07-11_12-22-39.mp4,0.02244758792221546,milk on baby face,0.0,0.167,0.0003,0.045,0,
2026-07-06_18-53-23.mp4,0.033361658453941345,milk on baby face,0.0,0.0,0.0033,0.0674,0,
2026-07-22_21-11-42.mp4,0.050815559923648834,milk on baby face,0.0,0.0,0.0006,0.1018,0,
2026-07-03_21-26-59.mp4,0.04770559072494507,spit up milk,0.0,0.0,0.0001,0.0954,0,
2026-07-06_18-12-12.mp4,0.0390898771584034,milk on baby face,0.0,0.0,0.0006,0.0783,0,
2026-07-04_09-31-16.mp4,0.04275697097182274,milk on baby face,0.0,0.0,0.0006,0.0856,0,
2026-07-13_23-50-58.mp4,0.0498412624001503,milk on baby face,0.0,0.0,0.0009,0.0999,0,
2026-07-02_14-44-52.mp4,0.01904144696891308,milk on baby face,0.0,0.0,0.0033,0.0387,0,
2026-07-09_22-32-53.mp4,0.04140172898769379,milk on baby face,0.0,0.0,0.0005,0.0829,0,
2026-07-05_18-24-12.mp4,0.13430628180503845,milk on baby face,0.0,1.0,0.0005,0.2687,0,
2026-07-03_23-34-58.mp4,0.04469064250588417,milk on baby face,0.0,0.0,0.0018,0.0897,0,
2026-07-22_21-07-00.mp4,0.05059437081217766,spit up milk,0.0,0.0,0.0008,0.1013,0,
2026-07-09_09-03-58.mp4,0.041573453694581985,spit up milk,0.0,0.833,0.0004,0.0832,0,
2026-07-21_06-02-41.mp4,0.04487857222557068,milk on baby face,0.0,0.0,0.0001,0.0898,0,
2026-07-15_22-26-49.mp4,0.06752781569957733,milk on baby face,0.0,0.0,0.0149,0.138,0,
2026-07-01_18-37-08.mp4,0.014303048141300678,milk on baby face,0.0,0.0,0.0003,0.0287,0,
2026-07-01_07-33-17.mp4,0.018426422029733658,milk on baby face,0.0,0.0,0.0029,0.0374,0,
2026-07-08_07-41-46.mp4,0.03177700191736221,milk on baby face,0.0,0.0,0.0252,0.0686,0,
2026-07-01_12-47-00.mp4,0.017526324838399887,spit up milk,0.0,1.0,0.0034,0.0357,0,
2026-07-03_15-22-41.mp4,0.01786373183131218,milk on baby face,0.0,0.167,0.0008,0.0359,0,
2026-07-19_14-43-13.mp4,0.08110576122999191,milk on baby face,0.0,0.833,0.0014,0.1625,0,
2026-07-10_16-27-47.mp4,0.0297076515853405,milk on baby face,0.0,0.0,0.0009,0.0596,0,
2026-07-10_18-26-08.mp4,0.03459284454584122,spit up milk,0.0,0.0,0.0028,0.0697,0,
2026-07-09_17-19-28.mp4,0.01895715855062008,spit up milk,0.0,0.167,0.0002,0.038,0,
2026-07-25_11-20-33.mp4,0.01357236597687006,spit up milk,0.0,0.0,0.0007,0.0273,0,
2026-07-09_21-59-32.mp4,0.03580319881439209,spit up milk,0.0,0.0,0.0004,0.0717,0,
2026-07-08_06-37-41.mp4,0.02028396911919117,milk on baby face,0.0,0.0,0.0011,0.0408,0,
2026-06-30_16-12-08.mp4,0.02968435175716877,milk on baby face,0.0,0.167,0.0025,0.0599,0,
2026-07-03_22-46-16.mp4,0.03064330853521824,spit up milk,0.0,0.0,0.0003,0.0613,0,
2026-07-08_19-29-44.mp4,0.023905985057353973,spit up milk,0.0,0.0,0.0005,0.0479,0,
2026-07-15_13-41-52.mp4,0.06809185445308685,milk on baby face,0.0,0.0,0.0005,0.1363,0,
2026-07-13_18-26-25.mp4,0.03430980443954468,spit up milk,0.0,0.0,0.001,0.0688,0,
2026-07-07_10-40-11.mp4,0.013608868233859539,milk on baby face,0.0,0.0,0.001,0.0274,0,
2026-07-05_16-32-27.mp4,0.04783685505390167,milk on baby face,0.0,0.0,0.022,0.1001,0,
2026-07-03_22-53-10.mp4,0.03106328658759594,milk on baby face,0.0,0.0,0.0011,0.0623,0,
2026-07-10_04-41-20.mp4,0.029614269733428955,milk on baby face,0.0,0.0,0.0004,0.0593,0,
2026-07-09_01-49-56.mp4,0.039639703929424286,spit up milk,0.0,0.833,0.0003,0.0793,0,
2026-07-10_07-19-24.mp4,0.03450193256139755,milk on baby face,0.0,0.333,0.0011,0.0692,0,
2026-07-07_14-17-33.mp4,0.05537170171737671,spit up milk,0.0,0.167,0.0021,0.1112,0,
2026-07-24_03-44-17.mp4,0.044657152146101,spit up milk,0.0,0.167,0.0356,0.0964,0,
2026-07-09_21-32-02.mp4,0.028305044397711754,spit up milk,0.0,1.0,0.0004,0.0567,0,
2026-07-17_03-23-47.mp4,0.059389639645814896,milk on baby face,0.0,0.833,0.1773,0.1542,0,
2026-07-20_09-53-51.mp4,0.015724550932645798,spit up milk,0.0,0.0,0.0479,0.041,0,
2026-07-13_13-01-06.mp4,0.03289269283413887,milk on baby face,0.0,0.0,0.0008,0.0659,0,
2026-07-10_08-19-41.mp4,0.028440432623028755,spit up milk,0.0,0.0,0.0005,0.057,0,
2026-07-12_14-38-00.mp4,0.05181453377008438,spit up milk,0.0,0.167,0.0004,0.1037,0,
2026-07-07_22-36-54.mp4,0.04988161101937294,spit up milk,0.0,0.0,0.0077,0.1013,0,
2026-07-06_09-33-42.mp4,0.036535076797008514,spit up milk,0.0,0.0,0.0005,0.0732,0,
2026-07-22_00-12-11.mp4,0.0353490374982357,milk on baby face,0.0,0.0,0.0104,0.0728,0,
2026-07-07_18-15-50.mp4,0.024945253506302834,milk on baby face,0.0,0.167,0.0016,0.0502,0,
2026-07-07_19-24-01.mp4,0.03746781498193741,milk on baby face,0.0,0.167,0.0054,0.076,0,
2026-07-22_09-03-35.mp4,0.04123573750257492,spit up milk,0.0,0.0,0.0005,0.0826,0,
2026-07-15_10-47-42.mp4,0.04381367191672325,milk on baby face,0.0,0.833,0.0013,0.0879,0,
2026-07-01_18-43-02.mp4,0.014769641682505608,milk on baby face,0.0,0.167,0.0006,0.0297,0,
2026-07-10_22-30-18.mp4,0.026048973202705383,milk on baby face,0.0,0.0,0.073,0.0667,0,
2026-07-14_13-47-56.mp4,0.031650081276893616,milk on baby face,0.0,0.0,0.002,0.0637,0,
2026-07-20_19-22-05.mp4,0.0685109943151474,white vomit stain,0.0,0.0,0.0004,0.1371,0,
2026-07-05_08-54-58.mp4,0.04523763060569763,spit up milk,0.0,0.167,0.0008,0.0906,0,
2026-07-11_15-18-47.mp4,0.03437955677509308,spit up milk,0.0,0.333,0.0003,0.0688,0,
2026-07-07_21-43-07.mp4,0.021886777132749557,spit up milk,0.0,0.0,0.0003,0.0438,0,
2026-07-09_10-55-20.mp4,0.01801225170493126,spit up milk,0.0,0.0,0.0015,0.0363,0,
2026-07-12_15-05-18.mp4,0.018158912658691406,spit up milk,0.0,0.0,0.0104,0.0384,0,
2026-07-14_07-02-36.mp4,0.043140485882759094,spit up milk,0.0,0.833,0.0004,0.0864,0,
2026-07-08_08-21-58.mp4,0.020584795624017715,milk on baby face,0.0,0.0,0.0003,0.0412,0,
2026-07-12_00-48-02.mp4,0.003787275869399309,white vomit stain,0.0,0.0,0.0021,0.008,0,
2026-07-21_11-54-55.mp4,0.03832114487886429,spit up milk,0.0,0.0,0.0003,0.0767,0,
2026-07-08_17-04-11.mp4,0.04519965127110481,spit up milk,0.0,0.167,0.0249,0.0954,0,
2026-07-20_21-32-34.mp4,0.06135427579283714,milk on baby face,0.0,0.167,0.0017,0.123,0,
2026-07-25_03-51-56.mp4,0.053849466145038605,spit up milk,0.0,0.333,0.001,0.1079,0,
2026-07-25_01-14-34.mp4,0.03272697329521179,milk on baby face,0.0,0.167,0.0002,0.0655,0,
2026-07-10_01-37-51.mp4,0.03971806541085243,spit up milk,0.0,0.0,0.0003,0.0795,0,
2026-07-21_23-37-36.mp4,0.010644222609698772,milk on baby face,0.0,0.0,0.0002,0.0213,0,
2026-07-14_07-17-30.mp4,0.051217347383499146,milk on baby face,0.0,0.333,0.0003,0.1025,0,
2026-07-15_11-00-00.mp4,0.011081107892096043,spit up milk,0.0,0.0,0.0006,0.0223,0,
2026-07-22_23-22-15.mp4,0.046818964183330536,spit up milk,0.0,0.0,0.0012,0.0939,0,
2026-07-20_21-38-40.mp4,0.12364018708467484,milk on baby face,0.0,0.0,0.0008,0.2474,0,
2026-07-03_03-28-48.mp4,0.021131381392478943,milk on baby face,0.0,0.0,0.001,0.0425,0,
2026-07-14_11-46-03.mp4,0.11245574057102203,milk on baby face,0.0,0.333,0.0019,0.2253,0,
2026-07-09_19-56-09.mp4,0.03172571584582329,milk on baby face,0.0,0.0,0.001,0.0637,0,
2026-07-22_10-43-52.mp4,0.04065883904695511,milk on baby face,0.0,0.0,0.0153,0.0844,0,
2026-07-02_22-52-26.mp4,0.015997711569070816,milk on baby face,0.0,0.0,0.0002,0.032,0,
2026-07-01_06-34-38.mp4,0.009085303172469139,white vomit stain,0.0,0.0,0.0017,0.0185,0,
2026-07-02_05-18-16.mp4,0.015093609690666199,milk on baby face,0.0,0.0,0.0007,0.0303,0,
2026-07-02_01-33-25.mp4,0.007150743622332811,milk on baby face,0.0,0.0,0.0003,0.0144,0,
2026-07-16_18-29-47.mp4,0.05991777777671814,milk on baby face,0.0,0.0,0.0003,0.1199,0,
2026-07-05_11-30-51.mp4,0.0401059053838253,spit up milk,0.0,0.0,0.0014,0.0805,0,
2026-07-02_14-09-04.mp4,0.020418470725417137,spit up milk,0.0,0.0,0.0005,0.0409,0,
2026-07-15_23-35-51.mp4,0.01813693158328533,white vomit stain,0.0,0.0,0.0313,0.0425,0,
2026-07-02_02-01-46.mp4,0.0069200037978589535,spit up milk,0.0,0.0,0.0003,0.0139,0,
2026-07-01_21-01-43.mp4,0.02407328598201275,milk on baby face,0.0,0.0,0.0009,0.0483,0,
2026-07-08_04-19-47.mp4,0.006520482245832682,spit up milk,0.0,0.0,0.0003,0.0131,0,
2026-07-11_05-03-56.mp4,0.021633468568325043,spit up milk,0.0,0.0,0.0004,0.0433,0,
2026-07-07_20-52-06.mp4,0.03368177264928818,milk on baby face,0.0,0.0,0.0041,0.0682,0,
2026-07-17_03-19-59.mp4,0.039696283638477325,spit up milk,0.0,0.167,0.0002,0.0794,0,
2026-07-01_21-14-37.mp4,0.016378555446863174,milk on baby face,0.0,0.0,0.0024,0.0332,0,
2026-07-07_04-49-15.mp4,0.01725279912352562,milk on baby face,0.0,0.0,0.0008,0.0347,0,
2026-07-04_18-05-45.mp4,0.030259806662797928,spit up milk,0.0,0.0,0.001,0.0607,0,
2026-07-24_03-41-35.mp4,0.05413052439689636,spit up milk,0.0,0.0,0.2128,0.1508,0,
2026-07-11_10-53-10.mp4,0.034698840230703354,spit up milk,0.0,0.5,0.015,0.0724,0,
2026-07-19_14-40-13.mp4,0.055788036435842514,milk on baby face,0.0,0.667,0.0003,0.1116,0,
2026-07-06_09-33-18.mp4,0.041534192860126495,milk on baby face,0.0,0.0,0.0005,0.0832,0,
2026-07-19_17-32-46.mp4,0.016347577795386314,milk on baby face,0.0,0.0,0.0004,0.0328,0,
2026-07-11_23-33-24.mp4,0.027455337345600128,spit up milk,0.0,0.667,0.0018,0.0553,0,
2026-07-21_08-29-21.mp4,0.027639707550406456,milk on baby face,0.0,0.0,0.0007,0.0554,0,
2026-07-05_19-55-17.mp4,0.04914013668894768,spit up milk,0.0,0.0,0.0007,0.0984,0,
2026-07-08_08-33-52.mp4,0.016729362308979034,milk on baby face,0.0,0.0,0.0005,0.0336,0,
2026-07-20_09-29-09.mp4,0.03406708315014839,milk on baby face,0.0,0.333,0.0002,0.0682,0,
2026-07-24_09-04-14.mp4,0.03583526238799095,milk on baby face,0.0,0.0,0.0005,0.0718,0,
2026-07-14_07-09-24.mp4,0.005659181158989668,milk on baby face,0.0,0.0,0.0006,0.0114,0,
2026-07-04_03-04-31.mp4,0.0058989208191633224,milk on baby face,0.0,0.0,0.001,0.012,0,
2026-07-24_05-05-52.mp4,0.02871791645884514,milk on baby face,0.0,0.0,0.0005,0.0575,0,
2026-07-10_00-32-58.mp4,0.03092215210199356,milk on baby face,0.0,0.0,0.004,0.0626,0,
2026-07-17_07-50-08.mp4,0.0719020813703537,milk on baby face,0.0,0.0,0.0041,0.1446,0,
2026-07-05_00-09-37.mp4,0.026118695735931396,spit up milk,0.0,0.0,0.0035,0.0529,0,
2026-06-30_16-26-32.mp4,0.015370840206742287,spit up milk,0.0,0.333,0.0379,0.0383,0,
2026-07-10_15-54-01.mp4,0.04336195066571236,spit up milk,0.0,0.0,0.0072,0.0882,0,
2026-07-08_00-06-53.mp4,0.07340315729379654,milk on baby face,0.0,0.0,0.0099,0.1488,0,
2026-07-05_04-30-01.mp4,0.030525796115398407,milk on baby face,0.0,0.0,0.0004,0.0611,0,
2026-07-09_16-19-47.mp4,0.0504206083714962,milk on baby face,0.0,1.0,0.0007,0.101,0,
2026-07-09_14-27-48.mp4,0.031384147703647614,milk on baby face,0.0,0.0,0.0003,0.0628,0,
2026-07-10_08-41-59.mp4,0.04530841112136841,spit up milk,0.0,0.0,0.0002,0.0907,0,
2026-07-15_18-25-25.mp4,0.03787263110280037,milk on baby face,0.0,0.0,0.0009,0.0759,0,
2026-07-23_00-57-02.mp4,0.029349571093916893,spit up milk,0.0,0.167,0.0549,0.0697,0,
2026-07-11_04-12-03.mp4,0.029957028105854988,spit up milk,0.0,0.0,0.0019,0.0603,0,
2026-07-10_10-21-52.mp4,0.035241976380348206,spit up milk,0.0,0.167,0.0006,0.0706,0,
2026-07-06_00-35-00.mp4,0.08699235320091248,milk on baby face,0.0,1.0,0.0016,0.1743,0,
2026-06-30_21-38-57.mp4,0.019518449902534485,spit up milk,0.0,0.0,0.0003,0.0391,0,
2026-07-13_11-48-43.mp4,0.03947213292121887,spit up milk,0.0,0.0,0.0079,0.0805,0,
2026-07-22_16-59-39.mp4,0.03176054358482361,milk on baby face,0.0,0.0,0.0002,0.0636,0,
2026-07-06_18-58-23.mp4,0.06902733445167542,milk on baby face,0.0,0.0,0.0014,0.1383,0,
2026-07-02_04-19-09.mp4,0.026863010600209236,white vomit stain,0.0,0.0,0.0005,0.0538,0,
2026-07-21_11-54-31.mp4,0.029266800731420517,spit up milk,0.0,0.0,0.0003,0.0586,0,
2026-07-09_09-20-27.mp4,0.0126951914280653,milk on baby face,0.0,0.0,0.0011,0.0256,0,
2026-07-08_09-01-51.mp4,0.025220273062586784,milk on baby face,0.0,0.0,0.0005,0.0505,0,
2026-07-20_04-38-15.mp4,0.02449275366961956,spit up milk,0.0,0.0,0.006,0.0502,0,
2026-07-19_00-24-02.mp4,0.0405159629881382,spit up milk,0.0,0.333,0.0007,0.0812,0,
2026-07-02_12-29-11.mp4,0.021982986479997635,spit up milk,0.0,0.0,0.0008,0.0441,0,
2026-07-04_02-38-10.mp4,0.02174038253724575,milk on baby face,0.0,0.0,0.0009,0.0437,0,
2026-07-12_20-03-47.mp4,0.03925396874547005,milk on baby face,0.0,0.0,0.0038,0.0793,0,
2026-07-04_02-39-52.mp4,0.008977479301393032,spit up milk,0.0,0.0,0.0012,0.0182,0,
2026-07-11_10-53-58.mp4,0.0403970442712307,spit up milk,0.0,0.0,0.0003,0.0809,0,
2026-07-06_23-40-24.mp4,0.04328273981809616,spit up milk,0.0,0.167,0.0007,0.0867,0,
2026-07-19_10-21-02.mp4,0.03793653845787048,spit up milk,0.0,1.0,0.0004,0.076,0,
2026-07-22_13-26-15.mp4,0.051811665296554565,milk on baby face,0.0,0.0,0.0017,0.104,0,
2026-07-03_14-24-00.mp4,0.016062958166003227,milk on baby face,0.0,0.0,0.0011,0.0323,0,
2026-07-20_21-41-58.mp4,0.07530621439218521,milk on baby face,0.0,0.0,0.0008,0.1508,0,
2026-07-22_04-04-39.mp4,0.03181375190615654,spit up milk,0.0,0.0,0.0008,0.0638,0,
2026-07-21_11-18-25.mp4,0.022526413202285767,milk on baby face,0.0,0.0,0.0016,0.0454,0,
2026-07-17_07-52-56.mp4,0.0648055300116539,spit up milk,0.0,0.0,0.0015,0.1299,0,
2026-07-15_09-02-19.mp4,0.026014510542154312,milk on baby face,0.0,0.0,0.0007,0.0522,0,
2026-07-04_06-54-24.mp4,0.008299346081912518,spit up milk,0.0,0.0,0.0008,0.0168,0,
2026-07-14_23-54-31.mp4,0.028096970170736313,milk on baby face,0.0,0.0,0.0007,0.0563,0,
2026-07-26_00-13-13.mp4,0.05998515337705612,milk on baby face,0.0009,0.667,0.0195,0.125,0,
2026-07-10_14-56-37.mp4,0.02776210941374302,milk on baby face,0.0,0.5,0.0008,0.0557,0,
2026-07-12_13-50-13.mp4,0.023740708827972412,milk on baby face,0.0,0.0,0.0013,0.0477,0,
2026-07-25_11-24-27.mp4,0.01866375468671322,spit up milk,0.0,0.0,0.0005,0.0374,0,
2026-07-20_09-16-34.mp4,0.007237179204821587,spit up milk,0.0,0.0,0.0007,0.0146,0,
2026-07-07_01-16-11.mp4,0.05687868595123291,milk on baby face,0.2488,0.667,0.0006,0.4124,0,
2026-07-06_00-34-00.mp4,0.08711531013250351,milk on baby face,0.0,0.5,0.2912,0.2325,0,
2026-07-07_22-37-54.mp4,0.03868782892823219,spit up milk,0.0,0.0,0.0139,0.0802,0,
2026-06-30_16-51-20.mp4,0.016264325007796288,milk on baby face,0.0,0.0,0.001,0.0327,0,
2026-07-06_22-51-47.mp4,0.00989497173577547,spit up milk,0.0,0.0,0.0005,0.0199,0,
2026-07-09_17-03-59.mp4,0.02418365329504013,spit up milk,0.0,0.667,0.0003,0.0484,0,
2026-07-22_22-43-16.mp4,0.03890851512551308,milk on baby face,0.0,0.0,0.0125,0.0803,0,
2026-07-14_07-04-48.mp4,0.03627520799636841,milk on baby face,0.0,0.833,0.0008,0.0727,0,
2026-07-07_20-58-00.mp4,0.04299301281571388,spit up milk,0.0,0.0,0.0359,0.0932,0,
2026-07-02_03-54-15.mp4,0.029084645211696625,milk on baby face,0.0,0.0,0.001,0.0584,0,
2026-07-06_22-36-21.mp4,0.012609278783202171,milk on baby face,0.0,0.0,0.0007,0.0254,0,
2026-07-01_07-05-41.mp4,0.02497258596122265,milk on baby face,0.0,0.0,0.001,0.0501,0,
2026-07-23_17-04-34.mp4,0.046385977417230606,spit up milk,0.0,0.167,0.001,0.093,0,
2026-07-05_05-53-29.mp4,0.03352097049355507,milk on baby face,0.0,0.0,0.0002,0.0671,0,
2026-06-30_21-53-26.mp4,0.023581594228744507,spit up milk,0.0,0.0,0.0183,0.0508,0,
2026-07-21_12-20-37.mp4,0.06328514218330383,milk on baby face,0.0,0.0,0.0004,0.1267,0,
2026-07-05_03-40-40.mp4,0.038463663309812546,spit up milk,0.0,0.0,0.0052,0.078,0,
2026-07-01_20-18-25.mp4,0.01208999939262867,milk on baby face,0.0,0.0,0.003,0.0248,0,
2026-07-08_03-44-54.mp4,0.0679144561290741,milk on baby face,0.0,0.0,0.0007,0.136,0,
2026-07-11_13-31-06.mp4,0.08956898003816605,milk on baby face,0.0,0.0,0.0004,0.1792,0,
2026-07-20_14-52-18.mp4,0.024392854422330856,milk on baby face,0.0,0.0,0.0003,0.0488,0,
2026-07-20_11-37-14.mp4,0.0152110755443573,spit up milk,0.0,0.0,0.0004,0.0305,0,
2026-07-13_11-49-31.mp4,0.023561852052807808,spit up milk,0.0,0.0,0.0004,0.0472,0,
2026-07-10_14-20-07.mp4,0.03328865393996239,spit up milk,0.0,0.5,0.0004,0.0667,0,
2026-07-08_20-41-44.mp4,0.026023579761385918,spit up milk,0.0,0.0,0.0016,0.0524,0,
2026-07-15_18-29-25.mp4,0.07892592251300812,milk on baby face,0.0,0.0,0.0006,0.158,0,
2026-07-13_07-20-43.mp4,0.005341712385416031,white vomit stain,0.0,0.0,0.0027,0.0112,0,
2026-07-09_14-42-12.mp4,0.022538915276527405,milk on baby face,0.0,0.0,0.0008,0.0452,0,
2026-07-11_22-31-00.mp4,0.005626245401799679,spit up milk,0.0,0.0,0.0004,0.0113,0,
2026-07-05_16-26-40.mp4,0.04792631417512894,milk on baby face,0.0,0.0,0.0004,0.0959,0,
2026-07-02_16-19-51.mp4,0.05487832799553871,spit up milk,0.0,0.0,0.0019,0.1101,0,
2026-07-24_05-22-58.mp4,0.03326185792684555,spit up milk,0.0,0.0,0.0217,0.0709,0,
2026-07-10_14-24-01.mp4,0.03692387044429779,spit up milk,0.0,0.0,0.0006,0.074,0,
2026-07-02_23-44-07.mp4,0.027343370020389557,milk on baby face,0.0,0.0,0.0012,0.0549,0,
2026-07-23_19-03-56.mp4,0.03838884457945824,milk on baby face,0.0,0.0,0.003,0.0774,0,
2026-07-03_11-01-26.mp4,0.03562083840370178,spit up milk,0.0,0.0,0.0014,0.0715,0,
2026-07-06_18-13-42.mp4,0.05026935786008835,milk on baby face,0.0,0.0,0.0064,0.1018,0,
2026-07-06_02-55-58.mp4,0.03814404085278511,spit up milk,0.0,0.0,0.0003,0.0763,0,
2026-07-20_19-16-41.mp4,0.10679618269205093,milk on baby face,0.0,1.0,0.0008,0.2138,0,
2026-07-04_18-01-03.mp4,0.022918034344911575,spit up milk,0.0,0.0,0.0009,0.046,0,
2026-07-11_10-47-40.mp4,0.019263358786702156,spit up milk,0.0,0.833,0.0005,0.0386,0,
2026-07-23_16-32-41.mp4,0.04570362716913223,spit up milk,0.0,0.0,0.0556,0.1025,0,
2026-07-07_09-29-54.mp4,0.02213278040289879,spit up milk,0.0,0.0,0.0016,0.0446,0,
2026-07-03_21-27-47.mp4,0.005287424195557833,spit up milk,0.0,0.0,0.0004,0.0107,0,
2026-07-22_01-54-34.mp4,0.045556191354990005,milk on baby face,0.0,0.833,0.0004,0.0912,0,
2026-07-25_11-31-21.mp4,0.014683607034385204,spit up milk,0.0,0.0,0.0004,0.0294,0,
2026-07-12_18-19-29.mp4,0.05089327320456505,spit up milk,0.0,0.167,0.1306,0.1279,0,
2026-07-12_12-21-05.mp4,0.028999965637922287,spit up milk,0.0,0.0,0.0017,0.0583,0,
2026-07-20_19-34-59.mp4,0.0070156012661755085,spit up milk,0.0,0.0,0.0041,0.0149,0,
2026-07-17_09-13-25.mp4,0.02721843682229519,milk on baby face,0.0,1.0,0.0015,0.0547,0,
2026-07-08_19-34-20.mp4,0.016189469024538994,spit up milk,0.0,0.0,0.0002,0.0324,0,
2026-07-25_23-35-50.mp4,0.019215621054172516,spit up milk,0.0,0.0,0.0334,0.0451,0,
2026-07-23_15-44-53.mp4,0.02917594276368618,spit up milk,0.0,0.0,0.0017,0.0587,0,
2026-07-10_22-24-24.mp4,0.04310474172234535,spit up milk,0.0,0.0,0.0014,0.0865,0,
2026-07-01_21-17-41.mp4,0.04289878159761429,milk on baby face,0.0,0.0,0.0002,0.0858,0,
2026-07-25_20-25-34.mp4,0.03401987627148628,spit up milk,0.0,0.333,0.0614,0.0803,0,
2026-07-26_04-29-53.mp4,0.054056599736213684,spit up milk,0.0,0.0,0.0003,0.1082,0,
2026-07-21_06-13-53.mp4,0.036947060376405716,milk on baby face,0.0,0.0,0.0007,0.074,0,
2026-07-02_15-32-57.mp4,0.034367818385362625,milk on baby face,0.0,0.0,0.0008,0.0689,0,
2026-07-03_11-00-50.mp4,0.047548696398735046,milk on baby face,0.0,0.0,0.0008,0.0953,0,
2026-07-02_03-23-16.mp4,0.017130795866250992,milk on baby face,0.0,0.0,0.0023,0.0347,0,
2026-07-19_00-00-56.mp4,0.015575017780065536,milk on baby face,0.0,1.0,0.0024,0.0316,0,
2026-07-20_15-08-06.mp4,0.031066587194800377,milk on baby face,0.0,0.0,0.1558,0.0933,0,
2026-07-22_07-49-37.mp4,0.012513600289821625,spit up milk,0.0,0.0,0.0005,0.0251,0,
2026-07-25_12-46-02.mp4,0.1661902219057083,spit up milk,0.0,0.0,0.0005,0.3325,0,
2026-07-14_13-58-02.mp4,0.02673214301466942,spit up milk,0.0,0.0,0.0005,0.0536,0,
2026-07-05_12-23-14.mp4,0.042153697460889816,spit up milk,0.0,0.0,0.0005,0.0844,0,
2026-07-20_22-53-51.mp4,0.04508892446756363,milk on baby face,0.0,0.333,0.0039,0.091,0,
2026-07-17_13-24-40.mp4,0.07349035143852234,milk on baby face,0.0,0.0,0.0003,0.147,0,
2026-07-10_16-45-53.mp4,0.04213287681341171,milk on baby face,0.0,0.0,0.0002,0.0843,0,
2026-07-16_21-41-14.mp4,0.03383830189704895,spit up milk,0.0,0.833,0.0005,0.0678,0,
2026-07-14_14-55-01.mp4,0.030745532363653183,milk on baby face,0.0,0.0,0.0002,0.0615,0,
2026-07-18_11-26-34.mp4,0.035841722041368484,milk on baby face,0.0,0.0,0.001,0.0719,0,
2026-07-03_00-27-08.mp4,0.02408747561275959,milk on baby face,0.0,0.0,0.0019,0.0486,0,
2026-07-06_01-28-35.mp4,0.03655624017119408,spit up milk,0.0,0.0,0.0007,0.0733,0,
2026-07-09_16-21-17.mp4,0.030257636681199074,milk on baby face,0.0,0.833,0.0044,0.0614,0,
2026-07-17_23-07-42.mp4,0.04289936646819115,spit up milk,0.0,0.0,0.0003,0.0859,0,
2026-07-24_23-31-59.mp4,0.03383393958210945,spit up milk,0.0,0.0,0.0034,0.0683,0,
2026-07-08_22-17-58.mp4,0.03498140349984169,milk on baby face,0.0,0.0,0.0003,0.07,0,
2026-07-08_17-28-41.mp4,0.03157709911465645,spit up milk,0.0,0.0,0.0004,0.0632,0,
2026-07-03_01-42-25.mp4,0.021760622039437294,milk on baby face,0.0,0.0,0.001,0.0437,0,
2026-07-10_11-02-52.mp4,0.022857846692204475,milk on baby face,0.0,0.0,0.0003,0.0458,0,
2026-07-09_21-47-26.mp4,0.02467343769967556,spit up milk,0.0,0.0,0.0002,0.0494,0,
2026-07-01_18-41-02.mp4,0.00979794841259718,milk on baby face,0.0,0.333,0.0263,0.0249,0,
2026-07-08_15-56-47.mp4,0.08057672530412674,milk on baby face,0.0,0.0,0.0015,0.1615,0,
2026-07-10_11-10-21.mp4,0.0320257730782032,milk on baby face,0.0,0.0,0.0007,0.0642,0,
2026-07-02_15-48-45.mp4,0.07389738410711288,spit up milk,0.0,0.0,0.0112,0.15,0,
2026-07-15_08-53-14.mp4,0.08433011919260025,milk on baby face,0.0,0.0,0.0026,0.1692,0,
2026-07-04_19-05-36.mp4,0.006879674736410379,spit up milk,0.0,0.0,0.0037,0.0145,0,
2026-07-07_14-04-21.mp4,0.05670087784528732,spit up milk,0.0,0.0,0.0024,0.1139,0,
2026-07-14_03-14-08.mp4,0.03193873539566994,milk on baby face,0.0,0.0,0.0006,0.064,0,
2026-07-02_03-13-10.mp4,0.01088500302284956,spit up milk,0.0,0.0,0.0009,0.022,0,
2026-07-14_16-37-54.mp4,0.10519803315401077,milk on baby face,0.0,0.0,0.001,0.2106,0,
2026-07-25_11-28-33.mp4,0.01302541047334671,spit up milk,0.0,0.0,0.0004,0.0261,0,
2026-07-04_00-56-53.mp4,0.017367923632264137,spit up milk,0.0,0.0,0.0044,0.0356,0,
2026-07-06_20-48-52.mp4,0.020759141072630882,milk on baby face,0.0,0.0,0.0021,0.0419,0,
2026-07-14_19-00-19.mp4,0.09016057103872299,milk on baby face,0.0,0.167,0.0106,0.1824,0,
2026-07-14_15-02-13.mp4,0.041637569665908813,spit up milk,0.0,0.0,0.0005,0.0834,0,
2026-07-13_21-27-17.mp4,0.022137735038995743,milk on baby face,0.0,0.0,0.0439,0.0531,0,
2026-07-05_15-23-46.mp4,0.03798798471689224,spit up milk,0.0,0.0,0.0008,0.0761,0,
2026-07-15_12-57-35.mp4,0.05681604519486427,milk on baby face,0.0,0.0,0.0008,0.1138,0,
2026-07-20_09-15-57.mp4,0.024589750915765762,milk on baby face,0.0,0.167,0.0007,0.0493,0,
2026-07-13_10-55-13.mp4,0.03243820741772652,milk on baby face,0.0,0.167,0.0008,0.065,0,
2026-07-08_22-38-40.mp4,0.012907721102237701,spit up milk,0.0,0.0,0.0013,0.0261,0,
2026-07-03_01-24-49.mp4,0.019002461805939674,white vomit stain,0.0,0.0,0.0014,0.0383,0,
2026-07-15_13-49-10.mp4,0.03630157560110092,milk on baby face,0.0,0.0,0.0003,0.0727,0,
2026-07-25_07-43-54.mp4,0.026335958391427994,spit up milk,0.0,0.0,0.0045,0.0536,0,
2026-06-30_13-05-55.mp4,0.02478862553834915,milk on baby face,0.0,0.0,0.0157,0.0527,0,
2026-07-07_06-17-08.mp4,0.02547222562134266,spit up milk,0.0,0.667,0.0005,0.051,0,
2026-07-05_05-56-41.mp4,0.00562983239069581,spit up milk,0.0,0.0,0.0004,0.0113,0,
2026-07-07_02-10-46.mp4,0.012773208320140839,spit up milk,0.0,0.0,0.0005,0.0256,0,
2026-07-09_14-09-30.mp4,0.021610714495182037,spit up milk,0.0,0.0,0.002,0.0436,0,
2026-07-10_12-35-51.mp4,0.03767687454819679,spit up milk,0.0,0.0,0.0004,0.0754,0,
2026-07-23_06-10-11.mp4,0.005786244757473469,spit up milk,0.0,0.0,0.0003,0.0116,0,
2026-07-21_09-06-09.mp4,0.035130757838487625,spit up milk,0.0,0.0,0.001,0.0705,0,
2026-07-05_10-19-03.mp4,0.06021410599350929,milk on baby face,0.0,0.0,0.0006,0.1205,0,
2026-07-12_21-22-33.mp4,0.017290888354182243,spit up milk,0.0,0.0,0.0003,0.0346,0,
2026-07-05_08-25-28.mp4,0.005558118224143982,spit up milk,0.0,0.0,0.0005,0.0112,0,
2026-07-18_15-45-44.mp4,0.004859688226133585,spit up milk,0.0,0.0,0.0008,0.0099,0,
2026-07-13_19-37-31.mp4,0.0170562993735075,milk on baby face,0.0,0.0,0.0013,0.0344,0,
2026-07-05_02-13-53.mp4,0.047379668802022934,spit up milk,0.0,0.0,0.0002,0.0948,0,
2026-07-08_14-48-36.mp4,0.008536102250218391,spit up milk,0.0,0.0,0.0003,0.0171,0,
2026-07-11_12-52-26.mp4,0.04586349055171013,spit up milk,0.0,0.0,0.0004,0.0918,0,
2026-07-03_01-37-01.mp4,0.017175966873764992,milk on baby face,0.0,0.0,0.0362,0.0416,0,
2026-07-20_19-20-29.mp4,0.17273491621017456,milk on baby face,0.0,0.0,0.0005,0.3456,0,
2026-07-15_08-08-44.mp4,0.0038564149290323257,spit up milk,0.0,0.0,0.0053,0.0088,0,
2026-07-12_21-18-39.mp4,0.02508655935525894,spit up milk,0.0,0.0,0.0003,0.0502,0,
2026-07-04_03-05-31.mp4,0.005804102867841721,milk on baby face,0.0,0.0,0.0018,0.012,0,
2026-07-03_12-47-43.mp4,0.05249731242656708,milk on baby face,0.0,0.0,0.0018,0.1054,0,
2026-07-22_22-38-22.mp4,0.04139026999473572,spit up milk,0.0,0.167,0.0011,0.083,0,
2026-07-07_07-33-49.mp4,0.01846443861722946,milk on baby face,0.0,0.0,0.0041,0.0377,0,
2026-07-24_22-27-11.mp4,0.036501090973615646,milk on baby face,0.0,0.0,0.0347,0.0799,0,
2026-07-10_11-12-27.mp4,0.029390957206487656,spit up milk,0.0,0.0,0.0009,0.059,0,
2026-07-12_14-37-48.mp4,0.03648139536380768,spit up milk,0.0,0.833,0.0457,0.0821,0,
2026-07-02_03-23-04.mp4,0.014999698847532272,milk on baby face,0.0,0.0,0.0227,0.0345,0,
2026-07-07_12-29-34.mp4,0.0413828045129776,spit up milk,0.0,0.167,0.0009,0.0829,0,
2026-07-05_13-09-08.mp4,0.04696078971028328,spit up milk,0.0,0.0,0.001,0.0941,0,
2026-07-02_03-30-28.mp4,0.015314225107431412,milk on baby face,0.0,0.0,0.0003,0.0307,0,
2026-07-04_02-42-22.mp4,0.011044579558074474,milk on baby face,0.0,0.0,0.0019,0.0225,0,
2026-07-05_19-59-47.mp4,0.04916955158114433,milk on baby face,0.0,1.0,0.0061,0.0996,0,
2026-07-16_18-58-58.mp4,0.037026409059762955,milk on baby face,0.0,0.0,0.0034,0.0747,0,
2026-07-25_19-46-52.mp4,0.05226859077811241,milk on baby face,0.0,0.0,0.007,0.1059,0,
2026-07-09_12-16-56.mp4,0.017414599657058716,spit up milk,0.0,0.0,0.0004,0.0349,0,
2026-07-06_05-58-38.mp4,0.027784239500761032,milk on baby face,0.0,0.0,0.0007,0.0557,0,
2026-07-11_05-51-38.mp4,0.021401483565568924,spit up milk,0.0,0.0,0.0008,0.043,0,
2026-07-20_12-30-37.mp4,0.05815081670880318,milk on baby face,0.0,0.0,0.001,0.1165,0,
2026-07-10_12-27-57.mp4,0.03355066105723381,spit up milk,0.0,0.0,0.0003,0.0672,0,
2026-07-01_12-38-54.mp4,0.019564760848879814,spit up milk,0.0,0.667,0.0006,0.0392,0,
2026-07-22_15-16-01.mp4,0.04960392415523529,milk on baby face,0.0,0.333,0.0593,0.1111,0,
2026-07-22_13-43-38.mp4,0.025468546897172928,spit up milk,0.0,0.0,0.0006,0.0511,0,
2026-07-23_15-32-11.mp4,0.06299639493227005,milk on baby face,0.0,0.0,0.0004,0.1261,0,
2026-07-05_15-51-34.mp4,0.009338228031992912,spit up milk,0.0,0.0,0.0014,0.019,0,
2026-07-02_05-18-40.mp4,0.01814812608063221,milk on baby face,0.0,0.333,0.0011,0.0365,0,
2026-07-08_14-04-31.mp4,0.0570191852748394,spit up milk,0.0,0.0,0.0002,0.1141,0,
2026-07-05_00-56-00.mp4,0.027831897139549255,spit up milk,0.0,0.0,0.0005,0.0558,0,
2026-07-23_12-35-25.mp4,0.034531231969594955,spit up milk,0.0,0.833,0.0028,0.0696,0,
2026-07-02_14-28-58.mp4,0.037262190133333206,milk on baby face,0.0,0.0,0.0005,0.0746,0,
2026-07-22_09-01-23.mp4,0.03276306018233299,spit up milk,0.0,0.5,0.0014,0.0658,0,
2026-07-06_00-32-12.mp4,0.017925838008522987,spit up milk,0.0,0.0,0.0006,0.036,0,
2026-07-10_17-23-21.mp4,0.026947280392050743,milk on baby face,0.0,0.0,0.0066,0.0552,0,
2026-07-12_13-50-49.mp4,0.024223683401942253,milk on baby face,0.0,0.167,0.006,0.0496,0,
2026-07-04_14-50-12.mp4,0.030858753249049187,spit up milk,0.0,0.0,0.0024,0.0622,0,
2026-07-24_19-30-31.mp4,0.03221157565712929,milk on baby face,0.0,0.167,0.0037,0.0652,0,
2026-07-14_23-12-20.mp4,0.0262217465788126,milk on baby face,0.0,1.0,0.0002,0.0525,0,
2026-07-18_11-45-40.mp4,0.04799594357609749,spit up milk,0.0,0.0,0.0013,0.0963,0,
2026-07-02_03-32-04.mp4,0.017741600051522255,milk on baby face,0.0,0.0,0.0018,0.0358,0,
2026-07-04_09-17-58.mp4,0.03180675208568573,spit up milk,0.0,0.0,0.0006,0.0637,0,
2026-07-10_10-33-40.mp4,0.026622772216796875,spit up milk,0.0,0.5,0.0005,0.0533,0,
2026-07-06_13-26-03.mp4,0.024657653644680977,spit up milk,0.0,0.0,0.0006,0.0494,0,
2026-07-21_11-17-31.mp4,0.027780897915363312,milk on baby face,0.0,0.0,0.0072,0.057,0,
2026-07-12_10-30-31.mp4,0.02636229246854782,spit up milk,0.0,0.0,0.0004,0.0528,0,
2026-07-21_05-59-47.mp4,0.049680206924676895,spit up milk,0.0,0.0,0.0004,0.0994,0,
2026-07-10_21-42-07.mp4,0.023213056847453117,spit up milk,0.0,0.0,0.5059,0.1476,0,
2026-07-06_23-43-00.mp4,0.04974350705742836,spit up milk,0.0,0.333,0.0068,0.1008,0,
2026-07-03_08-56-45.mp4,0.008789654821157455,spit up milk,0.0,0.0,0.0009,0.0178,0,
2026-07-13_12-36-24.mp4,0.031942132860422134,milk on baby face,0.0,0.0,0.0099,0.0659,0,
2026-07-07_07-18-31.mp4,0.04717989265918732,milk on baby face,0.0,0.0,0.0004,0.0944,0,
2026-07-26_04-37-53.mp4,0.04784300923347473,spit up milk,0.0,0.0,0.0252,0.1007,0,
2026-07-23_09-04-57.mp4,0.02850017324090004,spit up milk,0.0,0.0,0.0012,0.0572,0,
2026-07-19_11-21-03.mp4,0.004440105054527521,spit up milk,0.0,0.0,0.0011,0.0091,0,
2026-07-19_23-44-48.mp4,0.02396884560585022,spit up milk,0.0,0.0,0.0007,0.0481,0,
2026-07-22_14-13-08.mp4,0.01821747049689293,milk on baby face,0.0,0.0,0.0017,0.0368,0,
2026-07-07_21-52-13.mp4,0.01975204236805439,spit up milk,0.0,0.0,0.0024,0.04,0,
2026-07-23_20-55-51.mp4,0.04238225147128105,spit up milk,0.0,0.167,0.1317,0.1111,0,
2026-07-07_04-24-33.mp4,0.02981259487569332,spit up milk,0.0,0.0,0.0003,0.0597,0,
2026-07-21_12-58-36.mp4,0.04142404720187187,milk on baby face,0.0,0.0,0.0005,0.0829,0,
2026-07-04_20-39-41.mp4,0.07101242989301682,spit up milk,0.0,0.0,0.0028,0.1426,0,
2026-07-02_20-30-19.mp4,0.022451501339673996,milk on baby face,0.0,0.0,0.0009,0.0451,0,
2026-07-16_19-17-46.mp4,0.033481135964393616,milk on baby face,0.0,0.0,0.0005,0.0671,0,
2026-07-12_14-13-36.mp4,0.016363006085157394,spit up milk,0.0,0.0,0.0002,0.0328,0,
2026-07-08_12-16-32.mp4,0.05561882257461548,spit up milk,0.0,0.0,0.0004,0.1113,0,
2026-07-03_03-53-35.mp4,0.03918657451868057,spit up milk,0.0,0.167,0.0009,0.0786,0,
2026-07-17_07-51-08.mp4,0.055016640573740005,milk on baby face,0.0,0.0,0.0002,0.1101,0,
2026-07-21_15-22-53.mp4,0.07488848268985748,milk on baby face,0.0,0.167,0.0002,0.1498,0,
2026-07-08_20-42-20.mp4,0.022161830216646194,spit up milk,0.0,0.0,0.0036,0.045,0,
2026-07-24_07-29-45.mp4,0.03050662763416767,milk on baby face,0.0,0.333,0.0485,0.0707,0,
2026-07-12_11-52-00.mp4,0.03174201399087906,milk on baby face,0.0,0.0,0.0004,0.0636,0,
2026-07-02_04-04-03.mp4,0.020011182874441147,milk on baby face,0.0,0.333,0.0021,0.0404,0,
2026-07-10_07-20-12.mp4,0.04566114395856857,spit up milk,0.0,0.5,0.0005,0.0914,0,
2026-07-08_04-14-17.mp4,0.028459766879677773,spit up milk,0.0,0.0,0.0005,0.057,0,
2026-07-24_01-20-13.mp4,0.052316173911094666,milk on baby face,0.0,0.0,0.0012,0.1049,0,
2026-07-06_15-55-18.mp4,0.04513232037425041,spit up milk,0.0,0.0,0.0002,0.0903,0,
2026-07-22_01-44-28.mp4,0.012175370939075947,spit up milk,0.0,0.0,0.0006,0.0245,0,
2026-07-07_09-25-42.mp4,0.026262305676937103,spit up milk,0.0,0.0,0.0007,0.0527,0,
2026-07-12_04-43-10.mp4,0.018296249210834503,white vomit stain,0.0,0.0,0.0003,0.0367,0,
2026-07-14_07-04-24.mp4,0.04621482267975807,milk on baby face,0.0,0.667,0.0052,0.0935,0,
2026-07-09_07-53-04.mp4,0.02955937758088112,spit up milk,0.0,0.833,0.0025,0.0596,0,
2026-07-08_06-35-41.mp4,0.021495692431926727,spit up milk,0.0,1.0,0.0011,0.0432,0,
2026-07-03_07-22-40.mp4,0.02151886560022831,milk on baby face,0.0,0.0,0.0003,0.0431,0,
2026-07-14_16-35-48.mp4,0.139341339468956,milk on baby face,0.0,0.0,0.0005,0.2788,0,
2026-07-01_23-44-50.mp4,0.019537562504410744,spit up milk,0.0,0.0,0.0005,0.0392,0,
2026-07-10_14-11-02.mp4,0.0401793047785759,spit up milk,0.0,0.0,0.0003,0.0804,0,
2026-07-04_23-40-09.mp4,0.04048585519194603,spit up milk,0.0,0.0,0.0028,0.0815,0,
2026-07-07_00-14-36.mp4,0.023046176880598068,milk on baby face,0.0,0.0,0.0006,0.0462,0,
2026-07-26_00-56-55.mp4,0.04153677448630333,spit up milk,0.0,0.0,0.0005,0.0832,0,
2026-07-06_02-54-58.mp4,0.01769019477069378,spit up milk,0.0,0.0,0.0006,0.0355,0,
2026-07-06_00-43-18.mp4,0.008780308067798615,spit up milk,0.0,0.0,0.0003,0.0176,0,
2026-07-10_11-16-45.mp4,0.023300224915146828,spit up milk,0.0,0.0,0.0004,0.0467,0,
2026-07-11_18-49-21.mp4,0.02606046013534069,spit up milk,0.0,0.0,0.0003,0.0522,0,
2026-07-05_13-03-38.mp4,0.03879018500447273,spit up milk,0.0,0.0,0.0004,0.0777,0,
2026-07-22_13-42-38.mp4,0.023354994133114815,milk on baby face,0.0,0.0,0.0005,0.0468,0,
2026-07-09_19-58-45.mp4,0.08343420922756195,spit up milk,0.0,0.0,0.0007,0.167,0,
2026-07-03_19-50-54.mp4,0.015201165340840816,spit up milk,0.0,0.0,0.0036,0.0311,0,
2026-07-02_08-32-24.mp4,0.019307918846607208,milk on baby face,0.0,0.0,0.0003,0.0387,0,
2026-07-14_06-39-55.mp4,0.038192957639694214,milk on baby face,0.0,0.167,0.0004,0.0765,0,
2026-07-02_10-36-42.mp4,0.015249558724462986,milk on baby face,0.0,0.0,0.0014,0.0308,0,
2026-07-11_13-47-42.mp4,0.029784241691231728,spit up milk,0.0,1.0,0.0004,0.0596,0,
2026-07-05_21-55-02.mp4,0.011068318039178848,spit up milk,0.0,0.0,0.0355,0.0292,0,
2026-07-22_07-42-37.mp4,0.08270738273859024,spit up milk,0.0,0.5,0.005,0.1664,0,
2026-07-03_07-19-22.mp4,0.041870903223752975,milk on baby face,0.0,0.167,0.0002,0.0838,0,
2026-07-02_22-56-56.mp4,0.04331900179386139,white vomit stain,0.0,0.0,0.0018,0.087,0,
2026-07-15_09-57-19.mp4,0.07352636754512787,milk on baby face,0.0,0.0,0.0009,0.1472,0,
2026-07-07_00-14-00.mp4,0.03088478185236454,spit up milk,0.0,0.0,0.0046,0.0627,0,
2026-07-05_16-29-21.mp4,0.02258678339421749,milk on baby face,0.0,0.0,0.0012,0.0454,0,
2026-07-06_19-13-11.mp4,0.017880581319332123,milk on baby face,0.0,0.0,0.0013,0.036,0,
2026-07-20_15-26-24.mp4,0.04447995498776436,milk on baby face,0.0,0.0,0.0037,0.0897,0,
2026-07-18_21-01-40.mp4,0.03545983508229256,spit up milk,0.0,0.0,0.0021,0.0713,0,
2026-07-12_21-42-21.mp4,0.012044193223118782,white vomit stain,0.0,0.0,0.0015,0.0244,0,
2026-07-10_10-09-28.mp4,0.028011266142129898,spit up milk,0.0,0.0,0.0012,0.0563,0,
2026-07-04_02-21-04.mp4,0.0206389669328928,spit up milk,0.0,0.0,0.0009,0.0415,0,
2026-07-11_16-58-06.mp4,0.029424164444208145,spit up milk,0.0,0.0,0.0035,0.0595,0,
2026-07-03_22-43-04.mp4,0.01854531466960907,spit up milk,0.0,0.0,0.0003,0.0372,0,
2026-07-06_07-06-07.mp4,0.016127869486808777,milk on baby face,0.0,0.0,0.0005,0.0324,0,
2026-07-09_14-43-12.mp4,0.026654109358787537,milk on baby face,0.0,0.0,0.0008,0.0535,0,
2026-07-09_20-29-15.mp4,0.012967259623110294,spit up milk,0.0,0.0,0.0006,0.0261,0,
2026-07-18_15-06-44.mp4,0.03910202533006668,spit up milk,0.0,0.0,0.0013,0.0785,0,
2026-07-10_14-23-01.mp4,0.03675614297389984,spit up milk,0.0,0.0,0.0009,0.0737,0,
2026-07-10_11-40-51.mp4,0.03155064210295677,spit up milk,0.0,0.0,0.0041,0.0639,0,
2026-07-02_14-27-46.mp4,0.08114881068468094,milk on baby face,0.0,0.0,0.001,0.1625,0,
2026-07-11_13-43-12.mp4,0.02759738452732563,spit up milk,0.0,0.333,0.0061,0.0564,0,
2026-07-20_19-59-23.mp4,0.009801996871829033,spit up milk,0.0,0.0,0.0004,0.0197,0,
2026-07-03_03-53-47.mp4,0.027881158515810966,spit up milk,0.0,0.167,0.0011,0.056,0,
