file,cry_prob,cry_any_prob,face_rate,mouth_open_max,eye_open_min,label_crying,error
2026-07-18_03-15-51.mp4,0.07662385702133179,0.16682277619838715,0.0,0.0,1.0,0,
2026-07-21_23-59-05.mp4,0.0003177625185344368,0.0008271674159914255,0.0,0.0,1.0,0,
2026-07-07_20-52-18.mp4,0.000971063447650522,0.006710359361022711,0.0,0.0,1.0,0,
2026-07-11_10-46-16.mp4,0.00046141797793097794,0.0016162312822416425,0.0,0.0,1.0,0,
2026-07-02_18-28-08.mp4,0.00017958103853743523,0.0007924432284198701,0.0,0.0,1.0,0,
2026-07-04_15-25-25.mp4,0.0002684838545974344,0.0013052001595497131,0.0,0.0,1.0,0,
2026-07-06_11-18-17.mp4,0.0002150463842554018,0.0009149919496849179,0.0,0.0,1.0,0,
2026-07-13_10-44-07.mp4,0.00022823928156867623,0.0012022600276395679,0.0,0.0,1.0,0,
2026-07-15_18-43-49.mp4,0.0004890261916443706,0.0014147155452519655,0.0,0.0,1.0,0,
2026-07-03_20-05-24.mp4,0.0002678720047697425,0.001324870390817523,0.0,0.0,1.0,0,
2026-07-02_14-21-40.mp4,0.0004245117015670985,0.0013434374704957008,0.0,0.0,1.0,0,
2026-07-24_09-05-02.mp4,0.43432074785232544,0.45409372448921204,0.0,0.0,1.0,0,
2026-07-04_11-27-03.mp4,8.181573502952233e-05,0.0006974389543756843,0.0,0.0,1.0,0,
2026-07-03_21-39-11.mp4,0.0001862309145508334,0.0007227629539556801,0.0,0.0,1.0,0,
2026-07-09_07-36-17.mp4,7.947055564727634e-05,0.0005373537424020469,0.0,0.0,1.0,0,
2026-07-08_07-36-22.mp4,0.000348960718838498,0.0017060100799426436,0.0,0.0,1.0,0,
2026-07-11_10-58-46.mp4,0.00033708629780448973,0.0018213893054053187,0.0,0.0,1.0,0,
2026-07-14_14-57-37.mp4,0.0007057286566123366,0.002122253179550171,0.0,0.0,1.0,0,
2026-07-06_18-30-24.mp4,0.0004812550323549658,0.0017856761114671826,0.0,0.0,1.0,0,
2026-07-04_08-43-52.mp4,0.00041497740312479436,0.0019622263498604298,0.0,0.0,1.0,0,
2026-07-01_13-47-17.mp4,0.00043342195567674935,0.0006566037191078067,0.0,0.0,1.0,0,
2026-07-04_14-38-54.mp4,0.00021619829931296408,0.0014246079372242093,0.0,0.0,1.0,0,
2026-07-05_11-14-39.mp4,0.0008611824596300721,0.0061095720157027245,0.0,0.0,1.0,0,
2026-07-21_14-07-06.mp4,0.00048426477587781847,0.002051153453066945,0.0,0.0,1.0,0,
2026-07-02_18-39-38.mp4,0.00057360710343346,0.003575977636501193,0.0,0.0,1.0,0,
2026-07-08_19-30-32.mp4,0.00046276170178316534,0.0014312874991446733,0.0,0.0,1.0,0,
2026-07-21_15-21-23.mp4,0.00034542192588560283,0.0017703663324937224,0.0,0.0,1.0,0,
2026-07-14_13-43-38.mp4,0.0008111904608085752,0.003488430054858327,0.0,0.0,1.0,0,
2026-07-04_11-24-27.mp4,0.00015348655870184302,0.0013209154130890965,0.0,0.0,1.0,0,
2026-07-08_00-02-05.mp4,0.0006034186226315796,0.0032959890086203814,0.0,0.0,1.0,0,
2026-07-15_13-47-22.mp4,0.0006762970588169992,0.0028125259559601545,0.0,0.0,1.0,0,
2026-07-09_14-16-30.mp4,0.0001357227738481015,0.0010801578173413873,0.0,0.0,1.0,0,
2026-07-03_23-37-58.mp4,0.00017803366063162684,0.0009082980686798692,0.0,0.0,1.0,0,
2026-07-26_04-03-05.mp4,0.0004036475729662925,0.002134519163519144,0.0,0.0,1.0,0,
2026-07-09_16-29-05.mp4,0.0004572102043312043,0.0032637102995067835,0.0,0.0,1.0,0,
2026-07-21_10-11-08.mp4,0.0001429082767572254,0.0004529209982138127,0.0,0.0,1.0,0,
2026-07-03_15-19-59.mp4,0.00014351650315802544,0.0005086176097393036,0.0,0.0,1.0,0,
2026-07-21_11-15-56.mp4,0.0015306482091546059,0.012807485647499561,0.0,0.0,1.0,0,
2026-07-14_11-13-40.mp4,0.00033911390346474946,0.0015399716794490814,0.0,0.0,1.0,0,
2026-07-18_15-37-50.mp4,0.00029899514629505575,0.001046259654685855,0.0,0.0,1.0,0,
2026-07-07_23-43-53.mp4,0.030286099761724472,0.10286463052034378,0.0,0.0,1.0,0,
2026-07-03_03-29-48.mp4,0.0003587012179195881,0.0008038139785639942,0.0,0.0,1.0,0,
2026-07-07_02-58-34.mp4,0.00011823333625216037,0.0009305403800681233,0.0,0.0,1.0,0,
2026-07-24_22-36-41.mp4,0.00024727507843635976,0.0011722411727532744,0.0,0.0,1.0,0,
2026-07-02_07-07-33.mp4,0.000592757947742939,0.002937104320153594,0.0,0.0,1.0,0,
2026-07-21_01-27-08.mp4,0.000691685825586319,0.0026729321107268333,0.0,0.0,1.0,0,
2026-07-09_23-39-23.mp4,0.0008398802601732314,0.0022142152301967144,0.0,0.0,1.0,0,
2026-07-03_17-30-29.mp4,0.0003798857796937227,0.0022766643669456244,0.0,0.0,1.0,0,
2026-07-07_05-36-56.mp4,0.0003077791479881853,0.0031739904079586267,0.0,0.0,1.0,0,
2026-07-06_00-38-42.mp4,0.0026504579000175,0.014998890459537506,0.0,0.0,1.0,0,
2026-07-19_14-44-25.mp4,0.0004117907665204257,0.001601340831257403,0.0,0.0,1.0,0,
2026-07-05_19-03-42.mp4,0.0017343375366181135,0.005712825804948807,0.0,0.0,1.0,0,
2026-06-30_22-30-55.mp4,0.0003110917750746012,0.0005764702800661325,0.0,0.0,1.0,0,
2026-07-22_15-11-20.mp4,0.00013528592535294592,0.0005518533871509135,0.0,0.0,1.0,0,
2026-07-09_10-54-20.mp4,0.00029311925754882395,0.0008344038506038487,0.0,0.0,1.0,0,
2026-07-03_05-08-42.mp4,0.0003551752888597548,0.0003551752888597548,0.0,0.0,1.0,0,
2026-07-14_19-39-43.mp4,0.0007936637266539037,0.004370831418782473,0.0,0.0,1.0,0,
2026-07-08_01-41-58.mp4,0.00017386412946507335,0.00125324132386595,0.0,0.0,1.0,0,
2026-07-05_04-39-07.mp4,0.00013406774087343365,0.0007391906692646444,0.0,0.0,1.0,0,
2026-07-10_08-25-17.mp4,0.0006693510804325342,0.002432188717648387,0.0,0.0,1.0,0,
2026-07-10_13-43-02.mp4,0.0009187750983983278,0.004013741854578257,0.0,0.0,1.0,0,
2026-07-03_12-57-19.mp4,0.0001717442210065201,0.0007233041687868536,0.0,0.0,1.0,0,
2026-07-10_17-41-21.mp4,0.001543952152132988,0.005361548624932766,0.0,0.0,1.0,0,
2026-07-01_23-44-26.mp4,0.00017459878290537745,0.0014813386369496584,0.0,0.0,1.0,0,
2026-07-09_20-02-45.mp4,0.0006060630548745394,0.003478528233245015,0.0,0.0,1.0,0,
2026-07-04_21-37-53.mp4,0.00023272632097359747,0.0007691049831919372,0.0,0.0,1.0,0,
2026-07-21_12-26-37.mp4,0.00028900738107040524,0.0009238419006578624,0.0,0.0,1.0,0,
2026-07-05_08-50-28.mp4,0.0001379597670165822,0.0007569700828753412,0.0,0.0,1.0,0,
2026-07-20_22-59-51.mp4,0.000219846231630072,0.0016585601260885596,0.0,0.0,1.0,0,
2026-07-23_16-30-17.mp4,0.0004317745042499155,0.00153696711640805,0.0,0.0,1.0,0,
2026-07-08_14-17-00.mp4,0.0012749350862577558,0.006936250254511833,0.0,0.0,1.0,0,
2026-07-11_22-47-47.mp4,0.0002892047050409019,0.001963244518265128,0.0,0.0,1.0,0,
2026-07-05_12-53-32.mp4,4.5657976443180814e-05,0.000725900346878916,0.0,0.0,1.0,0,
2026-07-04_03-14-07.mp4,0.00023465386766474694,0.0006225146353244781,0.0,0.0,1.0,0,
2026-07-22_21-21-30.mp4,0.00046849975478835404,0.001090356265194714,0.0,0.0,1.0,0,
2026-07-11_02-08-52.mp4,0.001104988157749176,0.00484895147383213,0.0,0.0,1.0,0,
2026-07-24_11-44-30.mp4,0.0013118945062160492,0.003111178521066904,0.0,0.0,1.0,0,
2026-07-04_01-28-59.mp4,0.0008297006716020405,0.002874423051252961,0.0,0.0,1.0,0,
2026-07-23_16-33-41.mp4,0.0004219021648168564,0.0021612080745399,0.0,0.0,1.0,0,
2026-07-02_03-28-28.mp4,0.00012732585310004652,0.0004534263862296939,0.0,0.0,1.0,0,
2026-07-10_07-19-36.mp4,0.0018794010393321514,0.006364667788147926,0.0,0.0,1.0,0,
2026-07-03_13-42-00.mp4,0.00035006279358640313,0.0012455300893634558,0.0,0.0,1.0,0,
2026-07-08_20-28-32.mp4,0.00041201498243026435,0.002100664423778653,0.0,0.0,1.0,0,
2026-07-05_13-24-32.mp4,0.00030629945104010403,0.0011236864374950528,0.0,0.0,1.0,0,
2026-07-02_22-02-44.mp4,0.0003145890950690955,0.0009379086550325155,0.0,0.0,1.0,0,
2026-07-03_19-51-30.mp4,0.001172150718048215,0.006236328277736902,0.0,0.0,1.0,0,
2026-07-02_00-33-19.mp4,0.00018140632892027497,0.0008950158953666687,0.0,0.0,1.0,0,
2026-07-14_04-52-43.mp4,0.0004260264686308801,0.0017426435369998217,0.0,0.0,1.0,0,
2026-07-07_07-21-55.mp4,0.00020703805785160512,0.0011690848041325808,0.0,0.0,1.0,0,
2026-07-05_02-32-35.mp4,0.00036670855479314923,0.0008232189575210214,0.0,0.0,1.0,0,
2026-07-12_15-51-19.mp4,0.0001521290250821039,0.000371828064089641,0.0,0.0,1.0,0,
2026-07-05_02-22-41.mp4,0.00017372725415043533,0.0008318531326949596,0.0,0.0,1.0,0,
2026-07-09_16-19-35.mp4,0.00042607748764567077,0.0023304703645408154,0.0,0.0,1.0,0,
2026-07-08_00-06-41.mp4,0.012533354572951794,0.036422234028577805,0.0,0.0,1.0,0,
2026-07-17_12-08-29.mp4,0.000530095596332103,0.0020910087041556835,0.0,0.0,1.0,0,
2026-07-02_07-06-57.mp4,0.0009585556690581143,0.0024362795520573854,0.0,0.0,1.0,0,
2026-07-14_19-34-19.mp4,0.00012591898848768324,0.0002583251625765115,0.0,0.0,1.0,0,
2026-07-01_18-55-25.mp4,0.000529374519828707,0.0008424664847552776,0.0,0.0,1.0,0,
2026-07-03_22-51-04.mp4,0.0320155955851078,0.17165549099445343,0.0,0.0,1.0,0,
2026-07-04_08-57-10.mp4,0.000532030186150223,0.0021490934304893017,0.0,0.0,1.0,0,
2026-07-19_18-28-09.mp4,0.001043454627506435,0.0034467133227735758,0.0,0.0,1.0,0,
2026-07-25_11-11-51.mp4,0.005010790657252073,0.02885131724178791,0.0,0.0,1.0,0,
2026-07-05_11-45-33.mp4,0.0003869705833494663,0.0021757599897682667,0.0,0.0,1.0,0,
2026-07-05_12-00-14.mp4,0.0004210379265714437,0.0017709335079416633,0.0,0.0,1.0,0,
2026-07-12_14-49-12.mp4,0.014410753734409809,0.03566145896911621,0.0,0.0,1.0,0,
2026-07-18_21-03-34.mp4,0.0012572375126183033,0.015156366862356663,0.0,0.0,1.0,0,
2026-07-17_07-51-32.mp4,0.0008453798945993185,0.0036097189877182245,0.0,0.0,1.0,0,
2026-07-15_08-54-13.mp4,0.005899225361645222,0.01468359213322401,0.0,0.0,1.0,0,
2026-07-10_10-11-58.mp4,0.0009154467843472958,0.0033597350120544434,0.0,0.0,1.0,0,
2026-07-18_11-21-10.mp4,0.000675997172947973,0.008729986846446991,0.0,0.0,1.0,0,
2026-07-02_04-18-21.mp4,0.0004253015504218638,0.0013718133559450507,0.0,0.0,1.0,0,
2026-07-07_12-03-04.mp4,0.0005513778305612504,0.0017281289910897613,0.0,0.0,1.0,0,
2026-07-12_05-31-52.mp4,0.0009403107105754316,0.0028717266395688057,0.0,0.0,1.0,0,
2026-07-10_16-41-17.mp4,0.00048204034101217985,0.002250570571050048,0.0,0.0,1.0,0,
2026-07-08_22-03-34.mp4,0.0006374612567014992,0.003602069104090333,0.0,0.0,1.0,0,
2026-07-02_22-51-50.mp4,0.0007865192019380629,0.002224326366558671,0.0,0.0,1.0,0,
2026-07-14_14-55-25.mp4,0.0005835025804117322,0.0021837197709828615,0.0,0.0,1.0,0,
2026-07-09_14-06-48.mp4,0.0001918528723763302,0.0006515435525216162,0.0,0.0,1.0,0,
2026-07-05_11-44-27.mp4,0.00041269557550549507,0.0015777961816638708,0.0,0.0,1.0,0,
2026-07-07_09-29-42.mp4,5.5660002544755116e-05,0.0005129163037054241,0.0,0.0,1.0,0,
2026-07-04_05-06-13.mp4,0.00023218421847559512,0.0008189434884116054,0.0,0.0,1.0,0,
2026-07-25_13-45-14.mp4,0.0010523394448682666,0.005747283808887005,0.0,0.0,1.0,0,
2026-07-20_11-29-50.mp4,0.0006073096883483231,0.0025554734747856855,0.0,0.0,1.0,0,
2026-07-23_07-55-46.mp4,0.00025795598048716784,0.0008910124888643622,0.0,0.0,1.0,0,
2026-07-05_03-45-40.mp4,0.0003385926247574389,0.001567278290167451,0.0,0.0,1.0,0,
2026-07-11_10-50-10.mp4,0.0024215932935476303,0.010239711031317711,0.0,0.0,1.0,0,
2026-07-06_11-38-17.mp4,0.0004785124910995364,0.0018439401173964143,0.0,0.0,1.0,0,
2026-07-10_11-16-33.mp4,0.0005571281653828919,0.001461993670091033,0.0,0.0,1.0,0,
2026-07-21_15-33-11.mp4,0.0006736022187396884,0.0044182296842336655,0.0,0.0,1.0,0,
2026-07-01_07-34-41.mp4,0.00014815005124546587,0.00045864415005780756,0.0,0.0,1.0,0,
2026-07-09_20-06-33.mp4,0.00047728369827382267,0.0025003524497151375,0.0,0.0,1.0,0,
2026-07-05_08-54-34.mp4,0.000369577290257439,0.0018205625237897038,0.0,0.0,1.0,0,
2026-07-13_07-11-03.mp4,0.0001539266959298402,0.0013197057414799929,0.0,0.0,1.0,0,
2026-06-30_22-36-31.mp4,0.0003382480936124921,0.0007051565335132182,0.0,0.0,1.0,0,
2026-07-02_02-26-28.mp4,0.0008008441072888672,0.0038413763977587223,0.0,0.0,1.0,0,
2026-07-16_06-47-41.mp4,0.0002574505633674562,0.0011458456283435225,0.0,0.0,1.0,0,
2026-07-09_14-43-24.mp4,0.0001675324165262282,0.0003918189322575927,0.0,0.0,1.0,0,
2026-07-08_07-39-46.mp4,0.00017828574345912784,0.000985890394076705,0.0,0.0,1.0,0,
2026-07-01_21-39-52.mp4,0.00035621781717054546,0.002483819145709276,0.0,0.0,1.0,0,
2026-07-03_00-43-25.mp4,0.0002258929016534239,0.0008804983808659017,0.0,0.0,1.0,0,
2026-07-07_13-09-16.mp4,0.00014142875443212688,0.000888367707375437,0.0,0.0,1.0,0,
2026-07-06_21-21-10.mp4,0.0004941522493027151,0.0019190831808373332,0.0,0.0,1.0,0,
2026-07-19_09-47-20.mp4,0.000839847547467798,0.0022820974700152874,0.0,0.0,1.0,0,
2026-07-06_17-55-18.mp4,0.00032287975773215294,0.0013458975590765476,0.0,0.0,1.0,0,
2026-07-04_00-54-53.mp4,0.008500288240611553,0.019619284197688103,0.0,0.0,1.0,0,
2026-07-06_00-12-00.mp4,0.008776029571890831,0.029455259442329407,0.0,0.0,1.0,0,
2026-07-10_22-16-06.mp4,0.0005873408517800272,0.0025501870550215244,0.0,0.0,1.0,0,
2026-07-17_18-55-40.mp4,0.0006408236804418266,0.0020983086433261633,0.0,0.0,1.0,0,
2026-07-10_14-08-38.mp4,0.0006531749968416989,0.0019132975721731782,0.0,0.0,1.0,0,
2026-07-14_13-50-14.mp4,0.0006935839192010462,0.0024533907417207956,0.0,0.0,1.0,0,
2026-07-13_14-19-17.mp4,0.0002712471759878099,0.0016773975221440196,0.0,0.0,1.0,0,
2026-07-11_17-01-06.mp4,0.00194131163880229,0.003688446944579482,0.0,0.0,1.0,0,
2026-07-15_07-45-14.mp4,0.0004920027568005025,0.0025551889557391405,0.0,0.0,1.0,0,
2026-07-17_02-48-17.mp4,0.0011391097214072943,0.002886743750423193,0.0,0.0,1.0,0,
2026-07-11_01-54-22.mp4,0.0003596013702917844,0.0016684111906215549,0.0,0.0,1.0,0,
2026-07-07_11-13-41.mp4,0.00022818402794655412,0.0006262236856855452,0.0,0.0,1.0,0,
2026-07-09_20-30-03.mp4,0.000394900533137843,0.0017890383023768663,0.0,0.0,1.0,0,
2026-07-04_06-44-10.mp4,0.00012123433407396078,0.00030315975891426206,0.0,0.0,1.0,0,
2026-07-06_00-40-30.mp4,0.0015496512642130256,0.007634822279214859,0.0,0.0,1.0,0,
2026-07-26_04-39-41.mp4,0.0045710233971476555,0.009429450146853924,0.0,0.0,1.0,0,
2026-07-07_04-51-03.mp4,0.00014346669195219874,0.0010718374978750944,0.0,0.0,1.0,0,
2026-07-18_15-16-56.mp4,0.00036780742811970413,0.001071459730155766,0.0,0.0,1.0,0,
2026-07-05_13-05-20.mp4,0.00040678109508007765,0.001454137614928186,0.0,0.0,1.0,0,
2026-07-08_01-03-52.mp4,0.00038018723716959357,0.0014109771000221372,0.0,0.0,1.0,0,
2026-07-12_18-22-53.mp4,0.00020483125990722328,0.0010186717845499516,0.0,0.0,1.0,0,
2026-07-04_08-29-11.mp4,0.0001943480019690469,0.0010007403325289488,0.0,0.0,1.0,0,
2026-06-30_14-24-25.mp4,0.002654480515047908,0.009440390393137932,0.0,0.0,1.0,0,
2026-06-30_18-22-13.mp4,0.00017469502927269787,0.0007201142725534737,0.0,0.0,1.0,0,
2026-07-25_01-14-46.mp4,0.0005250002723187208,0.002088941168040037,0.0,0.0,1.0,0,
2026-07-04_02-40-16.mp4,0.00037753910874016583,0.0016360381850972772,0.0,0.0,1.0,0,
2026-07-01_09-36-54.mp4,0.0005654179258272052,0.0013706197496503592,0.0,0.0,1.0,0,
2026-07-17_07-23-14.mp4,0.0005957718240097165,0.001907007535919547,0.0,0.0,1.0,0,
2026-07-13_10-50-01.mp4,0.0002851678291335702,0.0015305147971957922,0.0,0.0,1.0,0,
2026-07-22_03-10-40.mp4,0.0004507856792770326,0.0016311303479596972,0.0,0.0,1.0,0,
2026-07-06_00-19-30.mp4,0.0035702954046428204,0.012486794963479042,0.0,0.0,1.0,0,
2026-07-25_19-45-28.mp4,0.005264611449092627,0.035584706813097,0.0,0.0,1.0,0,
2026-07-07_04-57-45.mp4,0.00030090624932199717,0.0018783612176775932,0.0,0.0,1.0,0,
2026-07-02_02-31-16.mp4,0.0006363385473378003,0.0031067966483533382,0.0,0.0,1.0,0,
2026-07-21_10-13-44.mp4,0.00013071020657662302,0.0007399074384011328,0.0,0.0,1.0,0,
2026-07-06_15-22-42.mp4,0.00037051847903057933,0.0009456370607949793,0.0,0.0,1.0,0,
2026-07-05_13-04-02.mp4,0.0006141165504232049,0.002654614392668009,0.0,0.0,1.0,0,
2026-07-11_17-57-30.mp4,0.003563587088137865,0.020677795633673668,0.0,0.0,1.0,0,
2026-07-06_13-28-15.mp4,0.0003443198511376977,0.0011278720339760184,0.0,0.0,1.0,0,
2026-07-22_08-55-23.mp4,0.0004126216226723045,0.0013013224815949798,0.0,0.0,1.0,0,
2026-07-14_11-50-03.mp4,0.0010990927694365382,0.0066779619082808495,0.0,0.0,1.0,0,
2026-07-05_04-36-37.mp4,0.00013662496348842978,0.00040430689114145935,0.0,0.0,1.0,0,
2026-07-18_15-12-44.mp4,0.0005813661846332252,0.002200790448114276,0.0,0.0,1.0,0,
2026-07-05_11-30-27.mp4,0.00030386203434318304,0.001079229055903852,0.0,0.0,1.0,0,
2026-07-09_19-59-21.mp4,0.0002378324861638248,0.0018839901313185692,0.0,0.0,1.0,0,
2026-07-08_23-17-10.mp4,0.0002183219912694767,0.0006402385770343244,0.0,0.0,1.0,0,
2026-07-11_02-05-10.mp4,0.0003062810574192554,0.0012043799506500363,0.0,0.0,1.0,0,
2026-07-18_17-58-18.mp4,0.7365129590034485,0.7365129590034485,0.0,0.0,1.0,1,
2026-07-26_02-22-06.mp4,0.004162218421697617,0.016316255554556847,0.0,0.0,1.0,0,
2026-07-25_23-50-02.mp4,0.03591694310307503,0.07983355969190598,0.0,0.0,1.0,0,
2026-07-15_18-36-07.mp4,0.0004974681069143116,0.001984191359952092,0.0,0.0,1.0,0,
2026-07-05_19-02-30.mp4,0.0007540304795838892,0.0031694797798991203,0.0,0.0,1.0,0,
2026-07-02_14-21-52.mp4,0.0006411804934032261,0.0011009365553036332,0.0,0.0,1.0,0,
2026-07-10_13-30-56.mp4,0.0016610751627013087,0.005584025755524635,0.0,0.0,1.0,0,
2026-07-19_10-43-50.mp4,0.003664986230432987,0.025638522580266,0.0,0.0,1.0,0,
2026-07-22_08-55-11.mp4,0.0017499909736216068,0.009767739102244377,0.0,0.0,1.0,0,
2026-07-11_14-51-59.mp4,0.00015519635053351521,0.0010766012128442526,0.0,0.0,1.0,0,
2026-07-14_13-36-50.mp4,0.003441323759034276,0.009038916788995266,0.0,0.0,1.0,0,
2026-07-09_05-41-42.mp4,0.0004215340886730701,0.001814389368519187,0.0,0.0,1.0,0,
2026-07-13_19-47-54.mp4,0.0007482279324904084,0.0023160933051258326,0.0,0.0,1.0,0,
2026-07-04_08-07-23.mp4,0.00041551096364855766,0.002394690876826644,0.0,0.0,1.0,0,
2026-07-12_06-40-09.mp4,0.012589588761329651,0.033093828707933426,0.0,0.0,1.0,0,
2026-07-20_22-00-40.mp4,0.000646082335151732,0.002051856368780136,0.0,0.0,1.0,0,
2026-07-09_14-09-54.mp4,0.00035062924143858254,0.0012104195775464177,0.0,0.0,1.0,0,
2026-07-11_17-16-00.mp4,0.0013376257847994566,0.0042444379068911076,0.0,0.0,1.0,0,
2026-07-22_11-06-16.mp4,0.00243982020765543,0.011538641527295113,0.0,0.0,1.0,0,
2026-07-11_18-03-59.mp4,0.0008948015165515244,0.0027498833369463682,0.0,0.0,1.0,0,
2026-07-07_02-08-58.mp4,0.0005158119020052254,0.006221174728125334,0.0,0.0,1.0,0,
2026-07-05_08-50-04.mp4,0.00034216276253573596,0.0025884569622576237,0.0,0.0,1.0,0,
2026-07-12_13-49-37.mp4,0.003556040581315756,0.005864977370947599,0.0,0.0,1.0,0,
2026-07-05_16-17-58.mp4,0.0001104375915019773,0.00022075933520682156,0.0,0.0,1.0,0,
2026-07-18_14-15-57.mp4,0.0005427692667581141,0.001332770800217986,0.0,0.0,1.0,0,
2026-07-07_08-40-54.mp4,0.0002654460840858519,0.0015282590175047517,0.0,0.0,1.0,0,
2026-07-14_07-22-30.mp4,0.0008349275449290872,0.009135788306593895,0.0,0.0,1.0,0,
2026-07-02_03-37-04.mp4,0.00028293763170950115,0.0005382249364629388,0.0,0.0,1.0,0,
2026-07-18_07-25-37.mp4,0.00029508114675991237,0.0010181356919929385,0.0,0.0,1.0,0,
2026-07-09_16-03-11.mp4,0.0001409006945323199,0.0004622707492671907,0.0,0.0,1.0,0,
2026-07-07_00-25-47.mp4,0.0005496245576068759,0.00806488934904337,0.0,0.0,1.0,0,
2026-07-08_15-52-23.mp4,0.0003092050028499216,0.0006661227089352906,0.0,0.0,1.0,0,
2026-07-07_18-54-31.mp4,0.0004694776434917003,0.0025571282021701336,0.0,0.0,1.0,0,
2026-07-08_22-28-52.mp4,0.0008853394538164139,0.002615130040794611,0.0,0.0,1.0,0,
2026-07-10_06-38-12.mp4,0.0008365596877411008,0.0016728942282497883,0.0,0.0,1.0,0,
2026-07-06_00-06-48.mp4,0.00018592752167023718,0.00203181360848248,0.0,0.0,1.0,0,
2026-06-30_21-42-49.mp4,0.0005257604643702507,0.0023956228978931904,0.0,0.0,1.0,0,
2026-07-09_17-06-41.mp4,0.0007352508255280554,0.003907912876456976,0.0,0.0,1.0,0,
2026-07-10_14-14-32.mp4,0.0006766796577721834,0.0018610813422128558,0.0,0.0,1.0,0,
2026-07-17_22-41-12.mp4,0.00028806651243939996,0.0019464114448055625,0.0,0.0,1.0,0,
2026-07-07_09-21-30.mp4,0.00027578978915698826,0.001070720492862165,0.0,0.0,1.0,0,
2026-07-23_23-23-20.mp4,0.0006242165109142661,0.003322099568322301,0.0,0.0,1.0,0,
2026-07-01_23-34-02.mp4,0.0004970746231265366,0.002479454269632697,0.0,0.0,1.0,0,
2026-07-02_10-03-43.mp4,0.00042362583917565644,0.0012866612523794174,0.0,0.0,1.0,0,
2026-07-23_16-34-53.mp4,0.0010170465102419257,0.004025713540613651,0.0,0.0,1.0,0,
2026-07-05_09-24-45.mp4,0.00030114935361780226,0.001736034988425672,0.0,0.0,1.0,0,
2026-07-08_14-14-06.mp4,0.00022379113943316042,0.0010667070746421814,0.0,0.0,1.0,0,
2026-07-15_19-51-18.mp4,0.001384873641654849,0.016069741919636726,0.0,0.0,1.0,0,
2026-07-07_20-22-24.mp4,0.00012854087981395423,0.0011391285806894302,0.0,0.0,1.0,0,
2026-07-02_04-20-51.mp4,0.0004873846482951194,0.0017973737558349967,0.0,0.0,1.0,0,
2026-07-06_21-32-40.mp4,0.0013620697427541018,0.0044638472609221935,0.0,0.0,1.0,0,
2026-07-01_21-39-40.mp4,0.001220050035044551,0.008741652593016624,0.0,0.0,1.0,0,
2026-07-08_14-04-43.mp4,0.00035061704693362117,0.0011853300966322422,0.0,0.0,1.0,0,
2026-07-25_10-54-16.mp4,0.023466723039746284,0.08607235550880432,0.0,0.0,1.0,0,
2026-07-22_00-40-41.mp4,0.0016646214062348008,0.006451213266700506,0.0,0.0,1.0,0,
2026-07-08_21-47-05.mp4,0.0002535060921218246,0.001146098948083818,0.0,0.0,1.0,0,
2026-07-06_10-36-35.mp4,0.0010366718051955104,0.003446639282628894,0.0,0.0,1.0,0,
2026-07-11_01-38-52.mp4,9.110326209338382e-05,0.0004542574461083859,0.0,0.0,1.0,0,
2026-07-16_03-54-01.mp4,0.0010328060016036034,0.002846023067831993,0.0,0.0,1.0,0,
2026-07-24_07-27-45.mp4,0.002416932722553611,0.02265298180282116,0.0,0.0,1.0,0,
2026-07-21_12-03-43.mp4,0.00035631938953883946,0.0010046637617051601,0.0,0.0,1.0,0,
2026-07-25_17-53-47.mp4,0.00030786279239691794,0.0013480784837156534,0.0,0.0,1.0,0,
2026-07-15_23-38-39.mp4,0.0016451909905299544,0.006645823363214731,0.0,0.0,1.0,0,
2026-07-17_02-45-53.mp4,0.0005460918764583766,0.0027901518624275923,0.0,0.0,1.0,0,
2026-07-01_08-20-13.mp4,0.0005130338831804693,0.0015033251838758588,0.0,0.0,1.0,0,
2026-07-14_14-23-08.mp4,0.0006147062522359192,0.0026439782232046127,0.0,0.0,1.0,0,
2026-07-01_18-03-11.mp4,0.0007015095907263458,0.002931885188445449,0.0,0.0,1.0,0,
2026-07-22_15-16-25.mp4,0.000567098380997777,0.002151763066649437,0.0,0.0,1.0,0,
2026-07-21_15-30-17.mp4,0.0002921436389442533,0.002045710338279605,0.0,0.0,1.0,0,
2026-07-15_10-09-37.mp4,0.0003275330818723887,0.0010168575681746006,0.0,0.0,1.0,0,
2026-07-13_09-23-56.mp4,0.0004276540712453425,0.0009424648014828563,0.0,0.0,1.0,0,
2026-07-26_02-38-12.mp4,0.036022529006004333,0.04615731164813042,0.0,0.0,1.0,0,
2026-07-06_18-28-18.mp4,0.00039266099338419735,0.0011478655505925417,0.0,0.0,1.0,0,
2026-07-20_22-58-39.mp4,0.003296950599178672,0.015681127086281776,0.0,0.0,1.0,0,
2026-07-08_20-45-44.mp4,0.0006338499952107668,0.0021706591360270977,0.0,0.0,1.0,0,
2026-07-07_06-17-32.mp4,0.00015136259025894105,0.0009627320687286556,0.0,0.0,1.0,0,
2026-07-20_19-56-17.mp4,0.0023758269380778074,0.006705326959490776,0.0,0.0,1.0,0,
2026-07-07_17-24-13.mp4,0.00012156042794231325,0.0008143099839799106,0.0,0.0,1.0,0,
2026-07-01_21-46-28.mp4,0.001232207752764225,0.008945747278630733,0.0,0.0,1.0,0,
2026-07-04_10-20-39.mp4,0.0003182248619850725,0.0010008829412981868,0.0,0.0,1.0,0,
2026-07-03_06-02-05.mp4,0.0021639883052557707,0.013088771142065525,0.0,0.0,1.0,0,
2026-07-21_08-35-09.mp4,0.0003339973045513034,0.0020131270866841078,0.0,0.0,1.0,0,
2026-07-07_11-21-29.mp4,0.00015334233467001468,0.00041775559657253325,0.0,0.0,1.0,0,
2026-07-10_17-56-38.mp4,0.0010036204475909472,0.0034584207460284233,0.0,0.0,1.0,0,
2026-07-01_06-22-02.mp4,9.773106285138056e-05,0.0012276534689590335,0.0,0.0,1.0,0,
2026-07-07_22-36-30.mp4,0.00021172460401430726,0.0013973623281344771,0.0,0.0,1.0,0,
2026-07-14_18-58-55.mp4,0.0004800706810783595,0.0019516568863764405,0.0,0.0,1.0,0,
2026-07-05_10-26-43.mp4,0.00024658007896505296,0.0014992629876360297,0.0,0.0,1.0,0,
2026-07-06_20-46-10.mp4,0.00012525412603281438,0.0008573940140195191,0.0,0.0,1.0,0,
2026-07-03_20-40-42.mp4,0.0007680568378418684,0.0038763463962823153,0.0,0.0,1.0,0,
2026-07-09_09-56-15.mp4,0.0002524058800190687,0.0008828943828120828,0.0,0.0,1.0,0,
2026-07-07_11-22-23.mp4,0.00020170531934127212,0.0009739305824041367,0.0,0.0,1.0,0,
2026-07-21_06-13-05.mp4,0.00044533429900184274,0.0027213681023567915,0.0,0.0,1.0,0,
2026-07-02_06-23-27.mp4,0.0003839487617369741,0.0007534831529483199,0.0,0.0,1.0,0,
2026-07-18_13-11-33.mp4,0.0016436950536444783,0.008799663744866848,0.0,0.0,1.0,0,
2026-07-20_15-33-11.mp4,0.0007365078199654818,0.001943071256391704,0.0,0.0,1.0,0,
2026-07-03_20-17-06.mp4,0.00017994374502450228,0.0006458677817136049,0.0,0.0,1.0,0,
2026-07-25_02-51-45.mp4,0.00020739645697176456,0.000771575840190053,0.0,0.0,1.0,0,
2026-07-10_00-33-58.mp4,0.000741847266908735,0.002282301429659128,0.0,0.0,1.0,0,
2026-07-14_22-37-56.mp4,0.00017749160178937018,0.0005612347740679979,0.0,0.0,1.0,0,
2026-07-11_22-47-35.mp4,0.0005230562528595328,0.0036898083053529263,0.0,0.0,1.0,0,
2026-07-25_03-50-44.mp4,0.0006096549332141876,0.0060609993524849415,0.0,0.0,1.0,0,
2026-07-18_22-02-58.mp4,0.009456184692680836,0.031729720532894135,0.0,0.0,1.0,0,
2026-07-03_12-08-55.mp4,0.00019645781139843166,0.0005632362444885075,0.0,0.0,1.0,0,
2026-07-09_11-22-26.mp4,0.001284411526285112,0.08232040703296661,0.0,0.0,1.0,0,
2026-07-08_20-45-56.mp4,0.00599735276773572,0.022562213242053986,0.0,0.0,1.0,0,
2026-07-25_14-19-55.mp4,0.0011044350685551763,0.008545421995222569,0.0,0.0,1.0,0,
2026-07-02_12-47-41.mp4,0.00030350996530614793,0.0008935852674767375,0.0,0.0,1.0,0,
2026-07-22_13-37-14.mp4,0.0005605357582680881,0.0019603429827839136,0.0,0.0,1.0,0,
2026-07-02_17-24-03.mp4,0.0010986304841935635,0.0033122305758297443,0.0,0.0,1.0,0,
2026-07-05_13-30-13.mp4,0.00020329008111730218,0.0005144441965967417,0.0,0.0,1.0,0,
2026-07-25_23-28-20.mp4,0.00027376916841603816,0.0013609059387817979,0.0,0.0,1.0,0,
2026-07-20_19-49-41.mp4,0.0002846429997589439,0.0010488878469914198,0.0,0.0,1.0,0,
2026-07-04_07-10-35.mp4,0.00024642402422614396,0.0011607889318838716,0.0,0.0,1.0,0,
2026-07-18_15-37-26.mp4,0.0005350015708245337,0.002013040706515312,0.0,0.0,1.0,0,
2026-07-05_03-38-10.mp4,0.0005373634630814195,0.0019411977846175432,0.0,0.0,1.0,0,
2026-07-11_05-08-14.mp4,0.0004579277301672846,0.002431680681183934,0.0,0.0,1.0,0,
2026-07-12_17-42-44.mp4,0.00023137051903177053,0.0006176826427690685,0.0,0.0,1.0,0,
2026-07-06_12-48-04.mp4,0.003906672820448875,0.006994134746491909,0.0,0.0,1.0,0,
2026-07-02_10-13-13.mp4,0.00028082128847017884,0.0010633299825713038,0.0,0.0,1.0,0,
2026-07-04_06-33-19.mp4,0.00032435572938993573,0.0006078885053284466,0.0,0.0,1.0,0,
2026-07-01_08-19-22.mp4,0.00015674109454266727,0.0004895877791568637,0.0,0.0,1.0,0,
2026-07-03_16-17-47.mp4,0.0029828911647200584,0.007968750782310963,0.0,0.0,1.0,0,
2026-07-04_08-06-05.mp4,0.00027443922590464354,0.001135591184720397,0.0,0.0,1.0,0,
2026-07-08_12-00-50.mp4,0.0002455187786836177,0.0005260978359729052,0.0,0.0,1.0,0,
2026-07-04_02-22-22.mp4,0.00026526395231485367,0.0007896225433796644,0.0,0.0,1.0,0,
2026-07-08_20-46-32.mp4,0.0002741797943599522,0.0011067643063142896,0.0,0.0,1.0,0,
2026-07-09_11-46-02.mp4,0.00025563372764736414,0.0008649126393720508,0.0,0.0,1.0,0,
2026-07-02_00-53-31.mp4,0.0028366686310619116,0.007995623163878918,0.0,0.0,1.0,0,
2026-07-21_11-17-55.mp4,0.031052593141794205,0.12102838605642319,0.0,0.0,1.0,0,
2026-07-02_15-36-51.mp4,0.0005306986859068274,0.0013086094986647367,0.0,0.0,1.0,0,
2026-07-10_14-21-31.mp4,0.001217363285832107,0.003418092615902424,0.0,0.0,1.0,0,
2026-07-09_14-39-36.mp4,0.00033017192617990077,0.0011472873156890273,0.0,0.0,1.0,0,
2026-07-06_23-41-24.mp4,0.00029240918229334056,0.0009674623725004494,0.0,0.0,1.0,0,
2026-07-19_11-29-03.mp4,0.0004615283978637308,0.001589330960996449,0.0,0.0,1.0,0,
2026-07-01_18-41-38.mp4,0.00242588110268116,0.006324659567326307,0.0,0.0,1.0,0,
2026-07-07_02-06-58.mp4,0.00047356553841382265,0.0027249788399785757,0.0,0.0,1.0,0,
2026-07-03_21-26-05.mp4,0.0005904678255319595,0.0013518647756427526,0.0,0.0,1.0,0,
2026-07-05_15-50-46.mp4,0.0015895337564870715,0.014121531508862972,0.0,0.0,1.0,0,
2026-07-14_22-46-20.mp4,0.0015741527313366532,0.00811000820249319,0.0,0.0,1.0,0,
2026-07-03_11-05-56.mp4,0.00015862274449318647,0.0006716265925206244,0.0,0.0,1.0,0,
2026-07-03_06-39-47.mp4,0.00029789964901283383,0.0008217882132157683,0.0,0.0,1.0,0,
2026-07-04_23-49-45.mp4,0.00011261156032560393,0.0004255353705957532,0.0,0.0,1.0,0,
2026-07-09_06-00-42.mp4,0.0003679657820612192,0.0017071837792173028,0.0,0.0,1.0,0,
2026-07-09_16-02-35.mp4,0.00014433609612751752,0.0002813119499478489,0.0,0.0,1.0,0,
2026-07-07_01-16-47.mp4,0.00045864266576245427,0.0025634176563471556,0.0,0.0,1.0,0,
2026-07-01_12-42-18.mp4,0.0003529870300553739,0.0009020860306918621,0.0,0.0,1.0,0,
2026-07-06_18-02-30.mp4,0.0005379946087487042,0.002481571864336729,0.0,0.0,1.0,0,
2026-07-21_13-04-06.mp4,0.0002639465092215687,0.0008684872882440686,0.0,0.0,1.0,0,
2026-07-03_12-54-31.mp4,8.714402065379545e-05,0.0004292759986128658,0.0,0.0,1.0,0,
2026-07-07_19-13-01.mp4,0.0007998430519364774,0.0045514535158872604,0.0,0.0,1.0,0,
2026-07-06_18-34-41.mp4,0.000344799947924912,0.0017497461521998048,0.0,0.0,1.0,0,
2026-07-22_00-10-05.mp4,0.0002492681669536978,0.0011450611054897308,0.0,0.0,1.0,0,
2026-07-05_22-00-32.mp4,0.0004380866594146937,0.0025003666523844004,0.0,0.0,1.0,0,
2026-07-04_06-38-19.mp4,0.0002220216119894758,0.0007399254245683551,0.0,0.0,1.0,0,
2026-07-15_17-49-49.mp4,0.00016258332470897585,0.0004468986007850617,0.0,0.0,1.0,0,
2026-07-03_00-17-57.mp4,0.0003147351962979883,0.001284966361708939,0.0,0.0,1.0,0,
2026-07-10_13-31-08.mp4,0.0012897077249363065,0.009249900467693806,0.0,0.0,1.0,0,
2026-07-05_05-32-41.mp4,0.00031476037111133337,0.0012384256115183234,0.0,0.0,1.0,0,
2026-07-06_03-20-46.mp4,0.0004109106375835836,0.0012305780546739697,0.0,0.0,1.0,0,
2026-07-03_09-52-33.mp4,0.0001843238715082407,0.0008189396467059851,0.0,0.0,1.0,0,
2026-07-19_23-44-12.mp4,0.00020409043645486236,0.0008495337096974254,0.0,0.0,1.0,0,
2026-07-06_08-08-19.mp4,0.0012415891978889704,0.00572065869346261,0.0,0.0,1.0,0,
2026-07-09_17-33-59.mp4,0.00019366653577890247,0.0004996671923436224,0.0,0.0,1.0,0,
2026-07-19_01-49-19.mp4,0.00297568179666996,0.010573376901447773,0.0,0.0,1.0,0,
2026-07-06_00-38-06.mp4,0.0018430032068863511,0.0048657869920134544,0.0,0.0,1.0,0,
2026-07-09_06-58-17.mp4,0.00024669154663570225,0.0014451243914663792,0.0,0.0,1.0,0,
2026-07-05_03-38-35.mp4,0.0002287396928295493,0.0010320348665118217,0.0,0.0,1.0,0,
2026-07-23_00-50-32.mp4,0.009541613981127739,0.037187084555625916,0.0,0.0,1.0,0,
2026-07-02_10-35-18.mp4,0.00029189500492066145,0.0013675399823114276,0.0,0.0,1.0,0,
2026-07-26_09-36-50.mp4,0.002421640558168292,0.008918427862226963,0.0,0.0,1.0,0,
2026-07-05_07-56-22.mp4,0.0003167339018546045,0.0013301855651661754,0.0,0.0,1.0,0,
2026-07-24_02-31-24.mp4,0.00045929188490845263,0.0016150468727573752,0.0,0.0,1.0,0,
2026-07-22_02-35-10.mp4,0.0003289512824267149,0.0010959785431623459,0.0,0.0,1.0,0,
2026-07-15_04-26-46.mp4,0.0004845861694775522,0.0008558370172977448,0.0,0.0,1.0,0,
2026-07-08_18-53-51.mp4,0.0005131745128892362,0.00136198487598449,0.0,0.0,1.0,0,
2026-07-09_05-52-06.mp4,0.0004117102944292128,0.0028187299612909555,0.0,0.0,1.0,0,
2026-07-05_12-13-44.mp4,0.0002908807364292443,0.0017509583849459887,0.0,0.0,1.0,0,
2026-07-04_01-44-23.mp4,0.00027908370248042047,0.0012432567309588194,0.0,0.0,1.0,0,
2026-07-18_07-18-19.mp4,0.0003278329677414149,0.0012678770581260324,0.0,0.0,1.0,0,
2026-07-14_14-58-01.mp4,0.002172390930354595,0.006960831582546234,0.0,0.0,1.0,0,
2026-07-26_04-10-11.mp4,0.0007590855238959193,0.0022142836824059486,0.0,0.0,1.0,0,
2026-07-09_18-51-05.mp4,0.0018111892277374864,0.01352159958332777,0.0,0.0,1.0,0,
2026-07-07_10-49-23.mp4,0.0003436465922277421,0.001562766032293439,0.0,0.0,1.0,0,
2026-07-24_21-13-12.mp4,0.00036570869269780815,0.001711460528895259,0.0,0.0,1.0,0,
2026-07-21_14-07-30.mp4,0.0005556941614486277,0.001431046985089779,0.0,0.0,1.0,0,
2026-07-25_02-48-09.mp4,0.0059291888028383255,0.10601209104061127,0.0,0.0,1.0,0,
2026-06-30_16-10-44.mp4,0.001337907975539565,0.009531129151582718,0.0,0.0,1.0,0,
2026-07-09_17-03-23.mp4,9.604397200746462e-05,0.0002615693665575236,0.0,0.0,1.0,0,
2026-07-12_14-51-36.mp4,0.0005878384690731764,0.0022228274028748274,0.0,0.0,1.0,0,
2026-07-12_08-11-32.mp4,0.0012617530301213264,0.006054404657334089,0.0,0.0,1.0,0,
2026-07-15_17-42-13.mp4,0.00066249945666641,0.002320200204849243,0.0,0.0,1.0,0,
2026-07-11_18-51-27.mp4,0.0005584331229329109,0.002722610952332616,0.0,0.0,1.0,0,
2026-07-04_10-40-16.mp4,0.0006218315684236586,0.003872126806527376,0.0,0.0,1.0,0,
2026-07-01_06-16-14.mp4,0.0002478344540577382,0.0005684650968760252,0.0,0.0,1.0,0,
2026-07-06_14-35-42.mp4,0.0005184890469536185,0.001010815380141139,0.0,0.0,1.0,0,
2026-07-16_22-31-38.mp4,0.0009073948604054749,0.0042618652805686,0.0,0.0,1.0,0,
2026-07-03_07-32-40.mp4,0.00018490353249944746,0.0004304276080802083,0.0,0.0,1.0,0,
2026-07-13_09-31-02.mp4,0.004091987386345863,0.011698653921484947,0.0,0.0,1.0,0,
2026-07-03_12-15-31.mp4,0.00018111492681782693,0.0008562464499846101,0.0,0.0,1.0,0,
2026-07-17_03-23-23.mp4,0.00032666552579030395,0.003203451866284013,0.0,0.0,1.0,0,
2026-07-03_13-22-00.mp4,0.0002454289060551673,0.0007692482322454453,0.0,0.0,1.0,0,
2026-07-10_15-18-43.mp4,0.00046871567610651255,0.0014511467888951302,0.0,0.0,1.0,0,
2026-07-10_02-11-09.mp4,0.0003783112042583525,0.001323120086453855,0.0,0.0,1.0,0,
2026-07-14_14-22-20.mp4,0.0008550793863832951,0.0038258389104157686,0.0,0.0,1.0,0,
2026-07-08_01-04-34.mp4,0.0003449806245043874,0.0017008301801979542,0.0,0.0,1.0,0,
2026-07-21_12-03-07.mp4,0.00012203626829432324,0.00045967972255311906,0.0,0.0,1.0,0,
2026-07-19_03-56-54.mp4,0.00045670775580219924,0.0011261522304266691,0.0,0.0,1.0,0,
2026-07-05_14-34-19.mp4,0.0003269870940130204,0.001272846362553537,0.0,0.0,1.0,0,
2026-07-16_09-07-34.mp4,0.0010468647815287113,0.018789054825901985,0.0,0.0,1.0,0,
2026-07-05_04-34-49.mp4,0.00021402054699137807,0.0007138167275115848,0.0,0.0,1.0,0,
2026-07-18_23-58-45.mp4,0.0006817487301304936,0.002643727697432041,0.0,0.0,1.0,0,
2026-07-11_04-10-27.mp4,0.00031797317205928266,0.0012988719390705228,0.0,0.0,1.0,0,
2026-07-06_20-15-34.mp4,0.00029683930915780365,0.0016557564958930016,0.0,0.0,1.0,0,
2026-06-30_18-52-59.mp4,0.001015143352560699,0.003639873815700412,0.0,0.0,1.0,0,
2026-07-15_14-54-40.mp4,0.0011583063751459122,0.0019264722941443324,0.0,0.0,1.0,0,
2026-07-10_15-05-07.mp4,0.0008510683546774089,0.003641759278252721,0.0,0.0,1.0,0,
2026-07-22_23-18-27.mp4,0.0005952322972007096,0.002739943563938141,0.0,0.0,1.0,0,
2026-07-12_14-35-06.mp4,0.00020926164870616049,0.0005510064074769616,0.0,0.0,1.0,0,
2026-07-01_18-49-19.mp4,0.00032056280178949237,0.0019360164878889918,0.0,0.0,1.0,0,
2026-07-26_03-27-59.mp4,0.000581712054554373,0.002736145630478859,0.0,0.0,1.0,0,
2026-07-25_23-40-26.mp4,0.0006051960517652333,0.0029810084961354733,0.0,0.0,1.0,0,
2026-07-03_03-37-18.mp4,0.0004729633219540119,0.0013300798600539565,0.0,0.0,1.0,0,
2026-07-09_00-17-33.mp4,0.000454106368124485,0.001697186497040093,0.0,0.0,1.0,0,
2026-07-13_18-34-49.mp4,0.00019824961782433093,0.0002741554635576904,0.0,0.0,1.0,0,
2026-07-03_15-12-23.mp4,0.00033499032724648714,0.0012739567318931222,0.0,0.0,1.0,0,
2026-07-10_15-13-43.mp4,0.0005117169348523021,0.0012756844516843557,0.0,0.0,1.0,0,
2026-07-03_22-44-40.mp4,0.0005481871194206178,0.0025631177704781294,0.0,0.0,1.0,0,
2026-07-10_16-20-06.mp4,0.0012042587623000145,0.0029843593947589397,0.0,0.0,1.0,0,
2026-07-11_10-54-22.mp4,0.0004954811302013695,0.0013673120411112905,0.0,0.0,1.0,0,
2026-07-15_09-44-07.mp4,0.004380406346172094,0.01875937357544899,0.0,0.0,1.0,0,
2026-07-03_22-52-58.mp4,0.00018503720639273524,0.002311988268047571,0.0,0.0,1.0,0,
2026-07-06_18-03-42.mp4,0.0005107292090542614,0.0016770237125456333,0.0,0.0,1.0,0,
2026-07-18_11-26-46.mp4,0.00048641065950505435,0.002612713258713484,0.0,0.0,1.0,0,
2026-07-13_17-22-14.mp4,0.0005165816401131451,0.002838348736986518,0.0,0.0,1.0,0,
2026-07-04_08-38-35.mp4,0.0005055004148744047,0.0015833156649023294,0.0,0.0,1.0,0,
2026-07-08_20-17-20.mp4,0.00033355437335558236,0.0007307752384804189,0.0,0.0,1.0,0,
2026-07-19_14-45-49.mp4,0.00036842102417722344,0.003973335959017277,0.0,0.0,1.0,0,
2026-07-15_09-11-55.mp4,0.00040263895061798394,0.0023695931304246187,0.0,0.0,1.0,0,
2026-07-06_00-40-06.mp4,0.004006659146398306,0.0075796362943947315,0.0,0.0,1.0,0,
2026-07-06_08-19-01.mp4,0.0003536731528583914,0.0003536731528583914,0.0,0.0,1.0,0,
2026-07-09_18-50-29.mp4,0.0003065290511585772,0.0020670215599238873,0.0,0.0,1.0,0,
2026-07-09_03-05-13.mp4,0.0002837464271578938,0.0012755856150761247,0.0,0.0,1.0,0,
2026-07-23_20-50-03.mp4,0.0002838825457729399,0.0016048408579081297,0.0,0.0,1.0,0,
2026-07-26_01-40-06.mp4,0.00047609134344384074,0.002162585500627756,0.0,0.0,1.0,0,
2026-07-03_13-07-43.mp4,0.0003279870725236833,0.002584598958492279,0.0,0.0,1.0,0,
2026-07-08_18-48-45.mp4,0.0003667274722829461,0.002797149820253253,0.0,0.0,1.0,0,
2026-07-04_04-38-44.mp4,0.00028556122560985386,0.001146623631939292,0.0,0.0,1.0,0,
2026-07-05_04-31-49.mp4,0.0002043936401605606,0.0008811362786218524,0.0,0.0,1.0,0,
2026-07-05_16-29-33.mp4,0.0008003237890079618,0.003139882581308484,0.0,0.0,1.0,0,
2026-07-15_04-22-58.mp4,0.0006238626665435731,0.0022776371333748102,0.0,0.0,1.0,0,
2026-07-15_15-51-50.mp4,0.0029205128084868193,0.01210204977542162,0.0,0.0,1.0,0,
2026-07-14_18-08-43.mp4,0.0008873791084624827,0.0031352515798062086,0.0,0.0,1.0,0,
2026-07-24_19-20-43.mp4,0.0008447659201920033,0.00869796983897686,0.0,0.0,1.0,0,
2026-07-23_20-10-58.mp4,8.502368291374296e-05,0.0006215968751348555,0.0,0.0,1.0,0,
2026-07-03_13-08-31.mp4,0.000206069671548903,0.0007800384773872793,0.0,0.0,1.0,0,
2026-07-04_10-39-52.mp4,0.00021023678709752858,0.0007214882061816752,0.0,0.0,1.0,0,
2026-07-17_13-16-22.mp4,0.00043748115422204137,0.0023507869336754084,0.0,0.0,1.0,0,
2026-07-17_04-58-40.mp4,0.0005398648791015148,0.0021357524674385786,0.0,0.0,1.0,0,
2026-07-11_04-49-08.mp4,0.000399510987335816,0.0012538478476926684,0.0,0.0,1.0,0,
2026-07-23_18-39-57.mp4,0.00035426270915195346,0.002162638818845153,0.0,0.0,1.0,0,
2026-07-04_01-46-05.mp4,0.0010742320446297526,0.002583833411335945,0.0,0.0,1.0,0,
2026-07-18_10-44-29.mp4,0.0014113910729065537,0.003985017072409391,0.0,0.0,1.0,0,
2026-07-04_09-32-52.mp4,0.000556844926904887,0.0020037004724144936,0.0,0.0,1.0,0,
2026-07-09_23-39-11.mp4,0.002666834043338895,0.010196015238761902,0.0,0.0,1.0,0,
2026-07-18_22-03-34.mp4,0.0013170187594369054,0.0021585430949926376,0.0,0.0,1.0,0,
2026-07-03_20-40-18.mp4,0.00012792630877811462,0.000326423003571108,0.0,0.0,1.0,0,
2026-07-14_16-26-43.mp4,0.0007982764509506524,0.0030399730894714594,0.0,0.0,1.0,0,
2026-07-08_20-36-08.mp4,0.0007282394799403846,0.0025054740253835917,0.0,0.0,1.0,0,
2026-07-17_11-07-00.mp4,0.0007949345163069665,0.001749353832565248,0.0,0.0,1.0,0,
2026-07-22_07-45-31.mp4,0.0004103766696061939,0.001751291798427701,0.0,0.0,1.0,0,
2026-07-06_00-21-24.mp4,0.0009279042715206742,0.0034100196789950132,0.0,0.0,1.0,0,
2026-07-22_23-21-15.mp4,0.0003487417125143111,0.0023609979543834925,0.0,0.0,1.0,0,
2026-07-03_06-38-59.mp4,0.0003606208192650229,0.0006626048707403243,0.0,0.0,1.0,0,
2026-07-11_13-41-12.mp4,0.0003352535713929683,0.0009271398303098977,0.0,0.0,1.0,0,
2026-07-11_08-41-23.mp4,0.0002458682865835726,0.0009341522818431258,0.0,0.0,1.0,0,
2026-07-23_03-03-13.mp4,0.0009054396068677306,0.003830765374004841,0.0,0.0,1.0,0,
2026-07-17_09-15-13.mp4,0.0006330434116534889,0.002987405750900507,0.0,0.0,1.0,0,
2026-07-15_10-15-01.mp4,0.0006548704113811255,0.0013350663939490914,0.0,0.0,1.0,0,
2026-07-22_04-06-39.mp4,0.00016746883920859545,0.0006670840084552765,0.0,0.0,1.0,0,
2026-07-10_05-12-43.mp4,0.00028424002812244,0.0009026490733958781,0.0,0.0,1.0,0,
2026-07-10_01-37-04.mp4,0.0008431466994807124,0.0024839986581355333,0.0,0.0,1.0,0,
2026-07-03_14-24-48.mp4,0.0001280617871088907,0.0004407526575960219,0.0,0.0,1.0,0,
2026-07-18_21-02-04.mp4,0.00031055306317284703,0.0013477972242981195,0.0,0.0,1.0,0,
2026-07-07_21-48-43.mp4,0.0004469707782845944,0.003662646748125553,0.0,0.0,1.0,0,
2026-07-19_00-04-02.mp4,0.00034160021459683776,0.0010323002934455872,0.0,0.0,1.0,0,
2026-07-20_22-57-45.mp4,0.00018208599067293108,0.00065710733179003,0.0,0.0,1.0,0,
2026-07-13_10-39-37.mp4,0.00036614632699638605,0.002374924486503005,0.0,0.0,1.0,0,
2026-07-10_08-25-53.mp4,0.001199381542392075,0.003219927428290248,0.0,0.0,1.0,0,
2026-07-12_21-43-14.mp4,0.050240639597177505,0.10817418992519379,0.0,0.0,1.0,0,
2026-07-10_05-36-19.mp4,0.000524942937772721,0.0019463762873783708,0.0,0.0,1.0,0,
2026-07-18_11-17-40.mp4,0.0005429803859442472,0.003987832460552454,0.0,0.0,1.0,0,
2026-07-17_11-05-12.mp4,0.0005721481284126639,0.0018714829348027706,0.0,0.0,1.0,0,
2026-07-04_12-31-03.mp4,0.00018571117834653705,0.0006111917900852859,0.0,0.0,1.0,0,
2026-07-11_13-47-18.mp4,0.00031369298812933266,0.0022592172026634216,0.0,0.0,1.0,0,
2026-07-12_20-03-59.mp4,0.0003148537070956081,0.0011826284462586045,0.0,0.0,1.0,0,
2026-07-19_06-44-40.mp4,0.0007595432107336819,0.002687883097678423,0.0,0.0,1.0,0,
2026-07-18_15-08-08.mp4,0.00039188581285998225,0.0013708886690437794,0.0,0.0,1.0,0,
2026-07-20_21-42-22.mp4,0.0010714734671637416,0.0021938455756753683,0.0,0.0,1.0,0,
2026-07-21_01-05-44.mp4,0.0008559997659176588,0.003107671160250902,0.0,0.0,1.0,0,
2026-07-11_10-15-04.mp4,0.0008404406835325062,0.001961610047146678,0.0,0.0,1.0,0,
2026-07-08_07-12-47.mp4,0.00046753411879763007,0.0023988019675016403,0.0,0.0,1.0,0,
2026-07-10_18-12-44.mp4,0.0008271879050880671,0.0033425840083509684,0.0,0.0,1.0,0,
2026-07-09_21-34-56.mp4,0.0008266465738415718,0.0024199385661631823,0.0,0.0,1.0,0,
2026-07-22_10-56-40.mp4,0.0014597504632547498,0.01484062522649765,0.0,0.0,1.0,0,
2026-07-08_13-55-43.mp4,0.00017678154108580202,0.001110897515900433,0.0,0.0,1.0,0,
2026-07-19_17-40-46.mp4,0.0002775182365439832,0.0008826244156807661,0.0,0.0,1.0,0,
2026-07-06_18-01-54.mp4,0.00033807416912168264,0.0014533589128404856,0.0,0.0,1.0,0,
2026-07-01_21-24-47.mp4,0.0003964980714954436,0.0017353176372125745,0.0,0.0,1.0,0,
2026-07-20_00-45-17.mp4,0.0008145606843754649,0.0032667829655110836,0.0,0.0,1.0,0,
2026-07-10_16-43-05.mp4,0.0003126581141259521,0.001129010459408164,0.0,0.0,1.0,0,
2026-07-21_08-30-21.mp4,9.690384467830881e-05,0.00036614754935726523,0.0,0.0,1.0,0,
2026-07-08_12-37-25.mp4,0.0004209935723338276,0.002200459595769644,0.0,0.0,1.0,0,
2026-07-23_19-06-32.mp4,0.0006665453547611833,0.004147614352405071,0.0,0.0,1.0,0,
2026-07-23_19-08-44.mp4,0.0007361667812801898,0.005046323873102665,0.0,0.0,1.0,0,
2026-07-06_07-08-13.mp4,0.008476794697344303,0.024282095953822136,0.0,0.0,1.0,0,
2026-07-22_16-58-39.mp4,0.0069422535598278046,0.030365947633981705,0.0,0.0,1.0,0,
2026-07-20_12-32-49.mp4,0.0011328706750646234,0.004764691926538944,0.0,0.0,1.0,0,
2026-07-26_02-27-30.mp4,0.0011456770589575171,0.0028677871450781822,0.0,0.0,1.0,0,
2026-07-11_09-00-35.mp4,0.0009981223847717047,0.006858757697045803,0.0,0.0,1.0,0,
2026-07-18_22-02-34.mp4,0.0007608503801748157,0.0023311323020607233,0.0,0.0,1.0,0,
2026-07-12_12-22-41.mp4,0.0004728172207251191,0.0017088163876906037,0.0,0.0,1.0,0,
2026-07-10_11-41-03.mp4,0.001104159513488412,0.00399373471736908,0.0,0.0,1.0,0,
2026-07-05_03-52-22.mp4,0.0004487555706873536,0.0014798181364312768,0.0,0.0,1.0,0,
2026-07-18_13-28-51.mp4,0.0006461574230343103,0.00188794219866395,0.0,0.0,1.0,0,
2026-07-07_17-15-49.mp4,0.00024247914552688599,0.001044824835844338,0.0,0.0,1.0,0,
2026-07-12_19-09-05.mp4,0.0005208016955293715,0.0029234373942017555,0.0,0.0,1.0,0,
2026-07-03_14-19-24.mp4,0.0013775030383840203,0.01534963771700859,0.0,0.0,1.0,0,
2026-07-06_14-37-18.mp4,0.0067787859588861465,0.03373101353645325,0.0,0.0,1.0,0,
2026-07-22_02-04-16.mp4,0.005552617367357016,0.06939979642629623,0.0,0.0,1.0,0,
2026-07-08_08-28-16.mp4,0.00031569082057103515,0.0013414174318313599,0.0,0.0,1.0,0,
2026-07-12_03-59-23.mp4,0.0004366073408164084,0.001785442465916276,0.0,0.0,1.0,0,
2026-07-20_22-51-51.mp4,0.0011248361552134156,0.0022539072670042515,0.0,0.0,1.0,0,
2026-07-02_18-41-56.mp4,0.005474526435136795,0.01694805733859539,0.0,0.0,1.0,0,
2026-07-18_15-15-56.mp4,0.0003073150001000613,0.0008186517516151071,0.0,0.0,1.0,0,
2026-07-24_10-47-25.mp4,0.0006065682973712683,0.0017632958479225636,0.0,0.0,1.0,0,
2026-07-09_15-29-00.mp4,0.0001116554340114817,0.000263829278992489,0.0,0.0,1.0,0,
2026-07-22_04-04-51.mp4,0.00028618972282856703,0.0006560957990586758,0.0,0.0,1.0,0,
2026-07-18_03-15-27.mp4,0.0026538758538663387,0.012585031799972057,0.0,0.0,1.0,0,
2026-07-17_04-55-28.mp4,0.0005783617962151766,0.002030736766755581,0.0,0.0,1.0,0,
2026-07-08_21-47-29.mp4,0.0007887771935202181,0.0035668211057782173,0.0,0.0,1.0,0,
2026-07-05_16-27-04.mp4,0.0009173047146759927,0.004445183556526899,0.0,0.0,1.0,0,
2026-07-06_17-03-00.mp4,0.0008234346751123667,0.002984793856739998,0.0,0.0,1.0,0,
2026-07-07_02-10-22.mp4,9.314682392869145e-05,0.00032275207922793925,0.0,0.0,1.0,0,
2026-07-21_00-39-20.mp4,0.012529424391686916,0.12540294229984283,0.0,0.0,1.0,0,
2026-07-12_20-08-29.mp4,0.00017562262655701488,0.0005388822173699737,0.0,0.0,1.0,0,
2026-07-19_10-19-26.mp4,0.0017107705352827907,0.0054108137264847755,0.0,0.0,1.0,0,
2026-07-15_20-36-59.mp4,0.0003948220983147621,0.0017503417329862714,0.0,0.0,1.0,0,
2026-07-15_09-52-49.mp4,0.003001680364832282,0.016507107764482498,0.0,0.0,1.0,0,
2026-07-06_11-30-53.mp4,0.00023564707953482866,0.0008556429529562593,0.0,0.0,1.0,0,
2026-07-03_07-36-58.mp4,0.002402203856036067,0.005908390507102013,0.0,0.0,1.0,0,
2026-07-11_01-25-52.mp4,0.0004336304555181414,0.0018016563262790442,0.0,0.0,1.0,0,
2026-07-03_19-49-42.mp4,0.0003714541089721024,0.0016900146147236228,0.0,0.0,1.0,0,
2026-07-10_07-20-48.mp4,0.0011909924214705825,0.0037912449333816767,0.0,0.0,1.0,0,
2026-07-02_15-02-34.mp4,0.0003739852400030941,0.0009139794856309891,0.0,0.0,1.0,0,
2026-07-02_10-40-48.mp4,0.0003563319332897663,0.0009655728354118764,0.0,0.0,1.0,0,
2026-07-07_01-16-59.mp4,0.0004481404321268201,0.0020738402381539345,0.0,0.0,1.0,0,
2026-07-20_19-14-29.mp4,0.0004909521667286754,0.0013566542183980346,0.0,0.0,1.0,0,
2026-07-03_07-34-34.mp4,0.00044662068830803037,0.0011668807128444314,0.0,0.0,1.0,0,
2026-07-16_17-14-23.mp4,0.0007916194153949618,0.0055007245391607285,0.0,0.0,1.0,0,
2026-07-07_18-56-31.mp4,0.000684252183418721,0.005250297021120787,0.0,0.0,1.0,0,
2026-07-07_17-45-19.mp4,0.00019980836077593267,0.0013347307685762644,0.0,0.0,1.0,0,
2026-07-03_12-43-25.mp4,0.0002908513124566525,0.0009571306873112917,0.0,0.0,1.0,0,
2026-07-14_12-00-33.mp4,0.00047923147212713957,0.002182529540732503,0.0,0.0,1.0,0,
2026-07-15_07-36-32.mp4,0.005489342380315065,0.029092630371451378,0.0,0.0,1.0,0,
2026-07-21_15-37-35.mp4,0.0006446614279411733,0.0019067454850301147,0.0,0.0,1.0,0,
2026-07-12_19-29-10.mp4,0.00023158063413575292,0.000933441799134016,0.0,0.0,1.0,0,
2026-07-06_14-23-55.mp4,0.0016721707070246339,0.009834980592131615,0.0,0.0,1.0,0,
2026-07-03_11-19-20.mp4,0.00044298297143541276,0.001054384047165513,0.0,0.0,1.0,0,
2026-07-11_15-48-16.mp4,0.2539656460285187,0.25426462292671204,0.0,0.0,1.0,0,
2026-07-19_14-54-07.mp4,0.00010558097710600123,0.0004813031991943717,0.0,0.0,1.0,0,
2026-07-21_23-56-12.mp4,0.0005602948367595673,0.000996371265500784,0.0,0.0,1.0,0,
2026-07-06_21-09-10.mp4,0.00027997998404316604,0.0009998135501518846,0.0,0.0,1.0,0,
2026-07-17_11-09-12.mp4,0.0006526793004013598,0.0020001535303890705,0.0,0.0,1.0,0,
2026-07-23_08-31-16.mp4,0.00010864994692383334,0.0005635002162307501,0.0,0.0,1.0,0,
2026-06-30_18-27-13.mp4,0.003556058742105961,0.00791244488209486,0.0,0.0,1.0,0,
2026-07-09_19-57-45.mp4,0.00046052446123212576,0.0014019935624673963,0.0,0.0,1.0,0,
2026-07-04_02-26-22.mp4,0.00016320492431987077,0.000987704494036734,0.0,0.0,1.0,0,
2026-07-21_01-13-38.mp4,0.0008392867166548967,0.002867487259209156,0.0,0.0,1.0,0,
2026-07-08_13-39-55.mp4,0.0015228948323056102,0.010538782924413681,0.0,0.0,1.0,0,
2026-07-19_10-26-02.mp4,0.0010822161566466093,0.0025034653954207897,0.0,0.0,1.0,0,
2026-07-02_09-49-36.mp4,0.0001528005232103169,0.00030158463050611317,0.0,0.0,1.0,0,
2026-07-10_09-28-05.mp4,0.000309056747937575,0.0006340209511108696,0.0,0.0,1.0,0,
2026-07-02_23-36-37.mp4,0.0010530103463679552,0.003824741579592228,0.0,0.0,1.0,0,
2026-07-05_15-37-04.mp4,0.0006206476246006787,0.00216482556425035,0.0,0.0,1.0,0,
2026-07-05_02-33-47.mp4,0.0002777244080789387,0.0008770160493440926,0.0,0.0,1.0,0,
2026-07-07_23-55-35.mp4,0.0027441030833870173,0.0136943394318223,0.0,0.0,1.0,0,
2026-07-08_07-19-17.mp4,0.0006512319087050855,0.002948919078335166,0.0,0.0,1.0,0,
2026-07-10_13-17-32.mp4,0.00041119667002931237,0.001568508567288518,0.0,0.0,1.0,0,
2026-07-24_03-44-41.mp4,0.0022884064819663763,0.018326682969927788,0.0,0.0,1.0,0,
2026-07-14_19-35-43.mp4,0.00027077406411990523,0.001001109485514462,0.0,0.0,1.0,0,
2026-07-08_07-39-58.mp4,0.0005542482249438763,0.0022031604312360287,0.0,0.0,1.0,0,
2026-07-21_10-11-20.mp4,0.0002685939543880522,0.0009869368514046073,0.0,0.0,1.0,0,
2026-07-22_07-45-43.mp4,0.0006351519259624183,0.0019520794739946723,0.0,0.0,1.0,0,
2026-07-05_03-46-28.mp4,0.0001424761430826038,0.0006512613617815077,0.0,0.0,1.0,0,
2026-07-25_04-17-44.mp4,0.0030560758896172047,0.015581183135509491,0.0,0.0,1.0,0,
2026-07-06_00-40-54.mp4,0.00015986268408596516,0.0007533459574915469,0.0,0.0,1.0,0,
2026-07-05_05-39-47.mp4,0.0004722819139715284,0.002174596767872572,0.0,0.0,1.0,0,
2026-07-23_16-56-34.mp4,0.0038747135549783707,0.018273387104272842,0.0,0.0,1.0,0,
2026-07-15_16-04-50.mp4,0.03017139993607998,0.09666048735380173,0.0,0.0,1.0,0,
2026-07-11_12-22-39.mp4,0.00020422223315108567,0.000647860870230943,0.0,0.0,1.0,0,
2026-07-06_18-53-23.mp4,0.0007469402626156807,0.002495742170140147,0.0,0.0,1.0,0,
2026-07-22_21-11-42.mp4,0.0007984202238731086,0.0032551840413361788,0.0,0.0,1.0,0,
2026-07-03_21-26-59.mp4,0.4744890630245209,0.4744890630245209,0.0,0.0,1.0,0,
2026-07-06_18-12-12.mp4,0.0006271587917581201,0.0029723604675382376,0.0,0.0,1.0,0,
2026-07-04_09-31-16.mp4,0.00027650303672999144,0.0010431793052703142,0.0,0.0,1.0,0,
2026-07-13_23-50-58.mp4,0.0007446684176102281,0.009591734036803246,0.0,0.0,1.0,0,
2026-07-02_14-44-52.mp4,0.0005308176041580737,0.0012365762377157807,0.0,0.0,1.0,0,
2026-07-09_22-32-53.mp4,0.00047255816753022373,0.0014587568584829569,0.0,0.0,1.0,0,
2026-07-05_18-24-12.mp4,0.0007796695572324097,0.003315150272101164,0.0,0.0,1.0,0,
2026-07-03_23-34-58.mp4,0.00022235169308260083,0.001046525314450264,0.0,0.0,1.0,0,
2026-07-22_21-07-00.mp4,0.0005256224540062249,0.003061424009501934,0.0,0.0,1.0,0,
2026-07-09_09-03-58.mp4,0.00019573776808101684,0.0006506224162876606,0.0,0.0,1.0,0,
2026-07-21_06-02-41.mp4,0.0002464987337589264,0.0006799824768677354,0.0,0.0,1.0,0,
2026-07-15_22-26-49.mp4,0.000285627378616482,0.0017373955342918634,0.0,0.0,1.0,0,
2026-07-01_18-37-08.mp4,0.0002574186946731061,0.0005327733815647662,0.0,0.0,1.0,0,
2026-07-01_07-33-17.mp4,0.0009493789402768016,0.004077049903571606,0.0,0.0,1.0,0,
2026-07-08_07-41-46.mp4,0.025893783196806908,0.08049075305461884,0.0,0.0,1.0,0,
2026-07-01_12-47-00.mp4,0.0023391139693558216,0.004820771049708128,0.0,0.0,1.0,0,
2026-07-03_15-22-41.mp4,0.00021942028251942247,0.0006792644853703678,0.0,0.0,1.0,0,
2026-07-19_14-43-13.mp4,0.008648211136460304,0.36253198981285095,0.0,0.0,1.0,0,
2026-07-10_16-27-47.mp4,0.0005532706854864955,0.0011960400734096766,0.0,0.0,1.0,0,
2026-07-10_18-26-08.mp4,0.00024752464378252625,0.0009303674451075494,0.0,0.0,1.0,0,
2026-07-09_17-19-28.mp4,0.00023904029512777925,0.0005151235382072628,0.0,0.0,1.0,0,
2026-07-25_11-20-33.mp4,0.0005758035695180297,0.0022404396440833807,0.0,0.0,1.0,0,
2026-07-09_21-59-32.mp4,0.0006778001552447677,0.0036636770237237215,0.0,0.0,1.0,0,
2026-07-08_06-37-41.mp4,0.0002980698482133448,0.0013120620278641582,0.0,0.0,1.0,0,
2026-06-30_16-12-08.mp4,0.0007168131414800882,0.0032063061371445656,0.0,0.0,1.0,0,
2026-07-03_22-46-16.mp4,0.0009264484397135675,0.0019799324218183756,0.0,0.0,1.0,0,
2026-07-08_19-29-44.mp4,0.0005051444750279188,0.001520934863947332,0.0,0.0,1.0,0,
2026-07-15_13-41-52.mp4,0.0007483328226953745,0.0026469044387340546,0.0,0.0,1.0,0,
2026-07-13_18-26-25.mp4,0.0030083374585956335,0.008477207273244858,0.0,0.0,1.0,0,
2026-07-07_10-40-11.mp4,0.0002984540187753737,0.0011822297237813473,0.0,0.0,1.0,0,
2026-07-05_16-32-27.mp4,0.000604108558036387,0.005146445240825415,0.0,0.0,1.0,0,
2026-07-03_22-53-10.mp4,0.00027378168306313455,0.0006263380055315793,0.0,0.0,1.0,0,
2026-07-10_04-41-20.mp4,0.0011444712290540338,0.0027085579931735992,0.0,0.0,1.0,0,
2026-07-09_01-49-56.mp4,0.00030044731101952493,0.0006977221928536892,0.0,0.0,1.0,0,
2026-07-10_07-19-24.mp4,0.0003448929637670517,0.0014236491406336427,0.0,0.0,1.0,0,
2026-07-07_14-17-33.mp4,0.00013400524039752781,0.0009140988113358617,0.0,0.0,1.0,0,
2026-07-24_03-44-17.mp4,0.008232440799474716,0.06089544668793678,0.0,0.0,1.0,0,
2026-07-09_21-32-02.mp4,0.00040177948540076613,0.001320699113421142,0.0,0.0,1.0,0,
2026-07-17_03-23-47.mp4,0.016526317223906517,0.1340678483247757,0.0,0.0,1.0,0,
2026-07-20_09-53-51.mp4,0.008771846070885658,0.045275285840034485,0.0,0.0,1.0,0,
2026-07-13_13-01-06.mp4,0.00023552894708700478,0.0010165616404265165,0.0,0.0,1.0,0,
2026-07-10_08-19-41.mp4,0.0007018005126155913,0.008583386428654194,0.0,0.0,1.0,0,
2026-07-12_14-38-00.mp4,0.0003993503050878644,0.0009590865229256451,0.0,0.0,1.0,0,
2026-07-07_22-36-54.mp4,0.0009013719391077757,0.00467331986874342,0.0,0.0,1.0,0,
2026-07-06_09-33-42.mp4,0.0006517916917800903,0.0018820891855284572,0.0,0.0,1.0,0,
2026-07-22_00-12-11.mp4,0.00041864559170790017,0.003534371266141534,0.0,0.0,1.0,0,
2026-07-07_18-15-50.mp4,0.00025748152984306216,0.001574273337610066,0.0,0.0,1.0,0,
2026-07-07_19-24-01.mp4,0.003278627758845687,0.014167970046401024,0.0,0.0,1.0,0,
2026-07-22_09-03-35.mp4,0.00022872444242238998,0.0006551225669682026,0.0,0.0,1.0,0,
2026-07-15_10-47-42.mp4,0.0024359121453016996,0.01662161760032177,0.0,0.0,1.0,0,
2026-07-01_18-43-02.mp4,0.00038817382301203907,0.0007390632526949048,0.0,0.0,1.0,0,
2026-07-10_22-30-18.mp4,0.036422234028577805,0.036422234028577805,0.0,0.0,1.0,0,
2026-07-14_13-47-56.mp4,0.0012444574385881424,0.0066136945970356464,0.0,0.0,1.0,0,
2026-07-20_19-22-05.mp4,0.00042568042408674955,0.0016169993905350566,0.0,0.0,1.0,0,
2026-07-05_08-54-58.mp4,0.0010339056607335806,0.003397459862753749,0.0,0.0,1.0,0,
2026-07-11_15-18-47.mp4,0.00045092959771864116,0.0012340272078290582,0.0,0.0,1.0,0,
2026-07-07_21-43-07.mp4,0.00022246598382480443,0.0005001818644814193,0.0,0.0,1.0,0,
2026-07-09_10-55-20.mp4,0.0008956399979069829,0.00455736368894577,0.0,0.0,1.0,0,
2026-07-12_15-05-18.mp4,0.0008750252891331911,0.0035944171249866486,0.0,0.0,1.0,0,
2026-07-14_07-02-36.mp4,0.0001823010534280911,0.0005453543271869421,0.0,0.0,1.0,0,
2026-07-08_08-21-58.mp4,0.00040833945968188345,0.0014223711332306266,0.0,0.0,1.0,0,
2026-07-12_00-48-02.mp4,0.00016030289407353848,0.0004723753372672945,0.0,0.0,1.0,0,
2026-07-21_11-54-55.mp4,0.0001991983299376443,0.0005348462727852166,0.0,0.0,1.0,0,
2026-07-08_17-04-11.mp4,0.005794475320726633,0.023209763690829277,0.0,0.0,1.0,0,
2026-07-20_21-32-34.mp4,0.0004588747979141772,0.0012714662589132786,0.0,0.0,1.0,0,
2026-07-25_03-51-56.mp4,0.00013316732656676322,0.001146742724813521,0.0,0.0,1.0,0,
2026-07-25_01-14-34.mp4,0.0006973675335757434,0.0013557282509282231,0.0,0.0,1.0,0,
2026-07-10_01-37-51.mp4,0.0007605032296851277,0.0017774022417142987,0.0,0.0,1.0,0,
2026-07-21_23-37-36.mp4,0.00020323038916103542,0.0005225547356531024,0.0,0.0,1.0,0,
2026-07-14_07-17-30.mp4,0.0003465843328740448,0.0018574135610833764,0.0,0.0,1.0,0,
2026-07-15_11-00-00.mp4,0.00024357609800063074,0.0007308556814678013,0.0,0.0,1.0,0,
2026-07-22_23-22-15.mp4,0.0008356777252629399,0.002051908988505602,0.0,0.0,1.0,0,
2026-07-20_21-38-40.mp4,0.0004750050138682127,0.0013290750794112682,0.0,0.0,1.0,0,
2026-07-03_03-28-48.mp4,0.00039744266541674733,0.0009576570009812713,0.0,0.0,1.0,0,
2026-07-14_11-46-03.mp4,0.00043549208203330636,0.0015361784026026726,0.0,0.0,1.0,0,
2026-07-09_19-56-09.mp4,0.00042876394581981003,0.0018686763942241669,0.0,0.0,1.0,0,
2026-07-22_10-43-52.mp4,0.00457308255136013,0.024241890758275986,0.0,0.0,1.0,0,
2026-07-02_22-52-26.mp4,0.00022241911210585386,0.0005276533775031567,0.0,0.0,1.0,0,
2026-07-01_06-34-38.mp4,0.0008179144933819771,0.0030847874004393816,0.0,0.0,1.0,0,
2026-07-02_05-18-16.mp4,0.0002582409360911697,0.0008318106411024928,0.0,0.0,1.0,0,
2026-07-02_01-33-25.mp4,0.00030172584229148924,0.0006586663657799363,0.0,0.0,1.0,0,
2026-07-16_18-29-47.mp4,0.0002226448559667915,0.0010054694721475244,0.0,0.0,1.0,0,
2026-07-05_11-30-51.mp4,0.00017128059698734432,0.00037498344318009913,0.0,0.0,1.0,0,
2026-07-02_14-09-04.mp4,0.0006212092703208327,0.0010808169608935714,0.0,0.0,1.0,0,
2026-07-15_23-35-51.mp4,0.0017011278541758657,0.012896716594696045,0.0,0.0,1.0,0,
2026-07-02_02-01-46.mp4,0.0003356227825861424,0.0010999584337696433,0.0,0.0,1.0,0,
2026-07-01_21-01-43.mp4,0.00037780229467898607,0.0012314415071159601,0.0,0.0,1.0,0,
2026-07-08_04-19-47.mp4,0.0002643651096150279,0.0007135450141504407,0.0,0.0,1.0,0,
2026-07-11_05-03-56.mp4,0.0005370329017750919,0.0021479465067386627,0.0,0.0,1.0,0,
2026-07-07_20-52-06.mp4,0.0009119961760006845,0.0040706149302423,0.0,0.0,1.0,0,
2026-07-17_03-19-59.mp4,0.0001965897245099768,0.0008159003336913884,0.0,0.0,1.0,0,
2026-07-01_21-14-37.mp4,0.0016055569285526872,0.005358363501727581,0.0,0.0,1.0,0,
2026-07-07_04-49-15.mp4,0.0002989649074152112,0.0017091857735067606,0.0,0.0,1.0,0,
2026-07-04_18-05-45.mp4,0.0001227177563123405,0.00043064370402134955,0.0,0.0,1.0,0,
2026-07-24_03-41-35.mp4,0.00962824933230877,0.04012598097324371,0.0,0.0,1.0,0,
2026-07-11_10-53-10.mp4,0.0014027147553861141,0.08964778482913971,0.0,0.0,1.0,0,
2026-07-19_14-40-13.mp4,0.0001512261078460142,0.0006159968324936926,0.0,0.0,1.0,0,
2026-07-06_09-33-18.mp4,0.0009946015197783709,0.0030268216505646706,0.0,0.0,1.0,0,
2026-07-19_17-32-46.mp4,0.000563425594009459,0.0010504868114367127,0.0,0.0,1.0,0,
2026-07-11_23-33-24.mp4,0.00034673887421377003,0.001785601256415248,0.0,0.0,1.0,0,
2026-07-21_08-29-21.mp4,0.0002457274531479925,0.001027240650728345,0.0,0.0,1.0,0,
2026-07-05_19-55-17.mp4,0.00018230872228741646,0.0010556525085121393,0.0,0.0,1.0,0,
2026-07-08_08-33-52.mp4,0.0008516171365045011,0.002627195790410042,0.0,0.0,1.0,0,
2026-07-20_09-29-09.mp4,0.00023470172891393304,0.001133661367930472,0.0,0.0,1.0,0,
2026-07-24_09-04-14.mp4,0.0013763405149802566,0.011540968902409077,0.0,0.0,1.0,0,
2026-07-14_07-09-24.mp4,0.0003686397394631058,0.0020862093660980463,0.0,0.0,1.0,0,
2026-07-04_03-04-31.mp4,0.0005636165151372552,0.0016287458129227161,0.0,0.0,1.0,0,
2026-07-24_05-05-52.mp4,0.0005615603877231479,0.0017885785782709718,0.0,0.0,1.0,0,
2026-07-10_00-32-58.mp4,0.0008732042042538524,0.005616946145892143,0.0,0.0,1.0,0,
2026-07-17_07-50-08.mp4,0.0032790687400847673,0.013794041238725185,0.0,0.0,1.0,0,
2026-07-05_00-09-37.mp4,0.00042618042789399624,0.0016157514182850718,0.0,0.0,1.0,0,
2026-06-30_16-26-32.mp4,0.0011823744280263782,0.008089845068752766,0.0,0.0,1.0,0,
2026-07-10_15-54-01.mp4,0.001580705982632935,0.007273439783602953,0.0,0.0,1.0,0,
2026-07-08_00-06-53.mp4,0.00044027544208802283,0.005643486976623535,0.0,0.0,1.0,0,
2026-07-05_04-30-01.mp4,7.058418850647286e-05,0.00022310897475108504,0.0,0.0,1.0,0,
2026-07-09_16-19-47.mp4,0.0001670777564868331,0.0015976567519828677,0.0,0.0,1.0,0,
2026-07-09_14-27-48.mp4,9.585876978235319e-05,0.00019945298845414072,0.0,0.0,1.0,0,
2026-07-10_08-41-59.mp4,0.00025806447956711054,0.000936408992856741,0.0,0.0,1.0,0,
2026-07-15_18-25-25.mp4,0.00046858013956807554,0.0021596176084131002,0.0,0.0,1.0,0,
2026-07-23_00-57-02.mp4,0.011619086377322674,0.08831306546926498,0.0,0.0,1.0,0,
2026-07-11_04-12-03.mp4,0.00015484896721318364,0.0010804269695654511,0.0,0.0,1.0,0,
2026-07-10_10-21-52.mp4,0.0008139446144923568,0.0024862494319677353,0.0,0.0,1.0,0,
2026-07-06_00-35-00.mp4,0.0002578888670541346,0.0017143648583441973,0.0,0.0,1.0,0,
2026-06-30_21-38-57.mp4,0.00024956330889835954,0.0008142964798025787,0.0,0.0,1.0,0,
2026-07-13_11-48-43.mp4,0.007553179282695055,0.02935030683875084,0.0,0.0,1.0,0,
2026-07-22_16-59-39.mp4,0.00042193292756564915,0.0005871578468941152,0.0,0.0,1.0,0,
2026-07-06_18-58-23.mp4,0.00024367643345613033,0.000508751894813031,0.0,0.0,1.0,0,
2026-07-02_04-19-09.mp4,0.00039553974056616426,0.0009214477031491697,0.0,0.0,1.0,0,
2026-07-21_11-54-31.mp4,0.0002064783766400069,0.0007730400539003313,0.0,0.0,1.0,0,
2026-07-09_09-20-27.mp4,0.00045387636055238545,0.001475384458899498,0.0,0.0,1.0,0,
2026-07-08_09-01-51.mp4,0.00046342407586053014,0.0020049698650836945,0.0,0.0,1.0,0,
2026-07-20_04-38-15.mp4,0.001682200818322599,0.012885138392448425,0.0,0.0,1.0,0,
2026-07-19_00-24-02.mp4,0.004667703062295914,0.022186793386936188,0.0,0.0,1.0,0,
2026-07-02_12-29-11.mp4,0.00023334157594945282,0.0004394221177790314,0.0,0.0,1.0,0,
2026-07-04_02-38-10.mp4,0.0001851844135671854,0.0007981505477800965,0.0,0.0,1.0,0,
2026-07-12_20-03-47.mp4,0.002414652844890952,0.013631749898195267,0.0,0.0,1.0,0,
2026-07-04_02-39-52.mp4,0.0003259270451962948,0.0018282700330018997,0.0,0.0,1.0,0,
2026-07-11_10-53-58.mp4,0.0003728869778569788,0.0013115134788677096,0.0,0.0,1.0,0,
2026-07-06_23-40-24.mp4,0.0004684977466240525,0.004662627819925547,0.0,0.0,1.0,0,
2026-07-19_10-21-02.mp4,0.0005562047008424997,0.0013889570254832506,0.0,0.0,1.0,0,
2026-07-22_13-26-15.mp4,0.00017838027270045131,0.0009078035363927484,0.0,0.0,1.0,0,
2026-07-03_14-24-00.mp4,0.0003176886239089072,0.001686647068709135,0.0,0.0,1.0,0,
2026-07-20_21-41-58.mp4,0.00039584661135450006,0.0017647476634010673,0.0,0.0,1.0,0,
2026-07-22_04-04-39.mp4,0.00022221816470846534,0.0007616074290126562,0.0,0.0,1.0,0,
2026-07-21_11-18-25.mp4,0.0009567454690113664,0.00276056001894176,0.0,0.0,1.0,0,
2026-07-17_07-52-56.mp4,0.0011649422813206911,0.004726854618638754,0.0,0.0,1.0,0,
2026-07-15_09-02-19.mp4,0.0005397730856202543,0.0022287704050540924,0.0,0.0,1.0,0,
2026-07-04_06-54-24.mp4,0.000373365415725857,0.001680306508205831,0.0,0.0,1.0,0,
2026-07-14_23-54-31.mp4,0.0008199464646168053,0.0030811645556241274,0.0,0.0,1.0,0,
2026-07-26_00-13-13.mp4,0.003589128376916051,0.030308004468679428,0.0,0.0,1.0,0,
2026-07-10_14-56-37.mp4,0.0007284070597961545,0.002239903435111046,0.0,0.0,1.0,0,
2026-07-12_13-50-13.mp4,0.001046879799105227,0.010659297928214073,0.0,0.0,1.0,0,
2026-07-25_11-24-27.mp4,0.0006062028114683926,0.0022335152607411146,0.0,0.0,1.0,0,
2026-07-20_09-16-34.mp4,0.0008690969552844763,0.0036236250307410955,0.0,0.0,1.0,0,
2026-07-07_01-16-11.mp4,0.00029359469772316515,0.001605855068191886,0.0,0.0,1.0,0,
2026-07-06_00-34-00.mp4,0.0023841848596930504,0.014208979904651642,0.0,0.0,1.0,0,
2026-07-07_22-37-54.mp4,0.00020182573643978685,0.002379972953349352,0.0,0.0,1.0,0,
2026-06-30_16-51-20.mp4,0.0009933311957865953,0.0024174051359295845,0.0,0.0,1.0,0,
2026-07-06_22-51-47.mp4,0.0007093745516613126,0.0015507119242101908,0.0,0.0,1.0,0,
2026-07-09_17-03-59.mp4,0.00021082091552671045,0.0005544519517570734,0.0,0.0,1.0,0,
2026-07-22_22-43-16.mp4,0.0005584415630437434,0.007733961101621389,0.0,0.0,1.0,0,
2026-07-14_07-04-48.mp4,0.0007825657958164811,0.0029188068583607674,0.0,0.0,1.0,0,
2026-07-07_20-58-00.mp4,0.0007401888142339885,0.003903683042153716,0.0,0.0,1.0,0,
2026-07-02_03-54-15.mp4,0.0006522260955534875,0.001349075697362423,0.0,0.0,1.0,0,
2026-07-06_22-36-21.mp4,0.00018708556308411062,0.0006125662475824356,0.0,0.0,1.0,0,
2026-07-01_07-05-41.mp4,0.0004193969361949712,0.0014160391874611378,0.0,0.0,1.0,0,
2026-07-23_17-04-34.mp4,0.0008670043898746371,0.0034473061095923185,0.0,0.0,1.0,0,
2026-07-05_05-53-29.mp4,8.353473822353408e-05,0.0005085855955258012,0.0,0.0,1.0,0,
2026-06-30_21-53-26.mp4,0.0022804206237196922,0.015019536949694157,0.0,0.0,1.0,0,
2026-07-21_12-20-37.mp4,0.0001709332427708432,0.0008156197727657855,0.0,0.0,1.0,0,
2026-07-05_03-40-40.mp4,0.00013445540389511734,0.0005081669078208506,0.0,0.0,1.0,0,
2026-07-01_20-18-25.mp4,0.00048396483180113137,0.0028446295764297247,0.0,0.0,1.0,0,
2026-07-08_03-44-54.mp4,0.0005109112826175988,0.0010322192683815956,0.0,0.0,1.0,0,
2026-07-11_13-31-06.mp4,0.00015136980800889432,0.0009723340626806021,0.0,0.0,1.0,0,
2026-07-20_14-52-18.mp4,0.0003077665460295975,0.0012349325697869062,0.0,0.0,1.0,0,
2026-07-20_11-37-14.mp4,0.0006685124826617539,0.0023592363577336073,0.0,0.0,1.0,0,
2026-07-13_11-49-31.mp4,0.0005184959154576063,0.0017484864220023155,0.0,0.0,1.0,0,
2026-07-10_14-20-07.mp4,0.0005615560803562403,0.0015764875570312142,0.0,0.0,1.0,0,
2026-07-08_20-41-44.mp4,0.002820659428834915,0.010618487372994423,0.0,0.0,1.0,0,
2026-07-15_18-29-25.mp4,0.00039995493716560304,0.0017177198315039277,0.0,0.0,1.0,0,
2026-07-13_07-20-43.mp4,6.539344758493826e-05,0.00042713864240795374,0.0,0.0,1.0,0,
2026-07-09_14-42-12.mp4,0.0003551977570168674,0.0010696346871554852,0.0,0.0,1.0,0,
2026-07-11_22-31-00.mp4,0.0005037716473452747,0.004555313382297754,0.0,0.0,1.0,0,
2026-07-05_16-26-40.mp4,0.0004117405042052269,0.001534020877443254,0.0,0.0,1.0,0,
2026-07-02_16-19-51.mp4,0.00016314766253344715,0.0009777285158634186,0.0,0.0,1.0,0,
2026-07-24_05-22-58.mp4,0.002786551835015416,0.016469357535243034,0.0,0.0,1.0,0,
2026-07-10_14-24-01.mp4,0.0007400889880955219,0.0022383821196854115,0.0,0.0,1.0,0,
2026-07-02_23-44-07.mp4,0.0002981809666380286,0.0015175598673522472,0.0,0.0,1.0,0,
2026-07-23_19-03-56.mp4,0.00035561012919060886,0.0012599785113707185,0.0,0.0,1.0,0,
2026-07-03_11-01-26.mp4,0.0006414249655790627,0.002392715075984597,0.0,0.0,1.0,0,
2026-07-06_18-13-42.mp4,0.0015553442062810063,0.00533639220520854,0.0,0.0,1.0,0,
2026-07-06_02-55-58.mp4,0.00010460860357852653,0.000318542355671525,0.0,0.0,1.0,0,
2026-07-20_19-16-41.mp4,0.0007741436129435897,0.003286055289208889,0.0,0.0,1.0,0,
2026-07-04_18-01-03.mp4,0.0003886112244799733,0.0018997787265107036,0.0,0.0,1.0,0,
2026-07-11_10-47-40.mp4,0.0005993847735226154,0.0019576027989387512,0.0,0.0,1.0,0,
2026-07-23_16-32-41.mp4,0.0035806375090032816,0.023911472409963608,0.0,0.0,1.0,0,
2026-07-07_09-29-54.mp4,0.000842039124108851,0.006504768505692482,0.0,0.0,1.0,0,
2026-07-03_21-27-47.mp4,8.381041698157787e-05,0.0006394589436240494,0.0,0.0,1.0,0,
2026-07-22_01-54-34.mp4,0.00025491524138487875,0.0009766857838258147,0.0,0.0,1.0,0,
2026-07-25_11-31-21.mp4,0.0004270908248145133,0.001346489880234003,0.0,0.0,1.0,0,
2026-07-12_18-19-29.mp4,0.0035738626029342413,0.02179955504834652,0.0,0.0,1.0,0,
2026-07-12_12-21-05.mp4,0.0011714028660207987,0.0038401864003390074,0.0,0.0,1.0,0,
2026-07-20_19-34-59.mp4,0.0012441077269613743,0.011580889113247395,0.0,0.0,1.0,0,
2026-07-17_09-13-25.mp4,0.00041914056055247784,0.0016690784832462668,0.0,0.0,1.0,0,
2026-07-08_19-34-20.mp4,0.0001620883122086525,0.00018461988656781614,0.0,0.0,1.0,0,
2026-07-25_23-35-50.mp4,0.0016882052877917886,0.005768805742263794,0.0,0.0,1.0,0,
2026-07-23_15-44-53.mp4,0.0005680628819391131,0.0014878460206091404,0.0,0.0,1.0,0,
2026-07-10_22-24-24.mp4,0.00024459167616441846,0.0012425481108948588,0.0,0.0,1.0,0,
2026-07-01_21-17-41.mp4,0.0002199139416916296,0.0006674467585980892,0.0,0.0,1.0,0,
2026-07-25_20-25-34.mp4,0.051551297307014465,0.19667863845825195,0.0,0.0,1.0,0,
2026-07-26_04-29-53.mp4,0.0007857505115680397,0.0033957904670387506,0.0,0.0,1.0,0,
2026-07-21_06-13-53.mp4,0.0015624869847670197,0.00263450900092721,0.0,0.0,1.0,0,
2026-07-02_15-32-57.mp4,0.0007890967535786331,0.0022206297144293785,0.0,0.0,1.0,0,
2026-07-03_11-00-50.mp4,0.000334731099428609,0.0013145417906343937,0.0,0.0,1.0,0,
2026-07-02_03-23-16.mp4,0.00023698070435784757,0.0016750139184296131,0.0,0.0,1.0,0,
2026-07-19_00-00-56.mp4,0.00034171485458500683,0.0012236207257956266,0.0,0.0,1.0,0,
2026-07-20_15-08-06.mp4,0.0019045323133468628,0.008112628944218159,0.0,0.0,1.0,0,
2026-07-22_07-49-37.mp4,0.00032012516749091446,0.001039532944560051,0.0,0.0,1.0,0,
2026-07-25_12-46-02.mp4,0.0006015047547407448,0.0019610910676419735,0.0,0.0,1.0,0,
2026-07-14_13-58-02.mp4,0.0004851763660553843,0.0021650169510394335,0.0,0.0,1.0,0,
2026-07-05_12-23-14.mp4,0.00011347130202921107,0.0020695480052381754,0.0,0.0,1.0,0,
2026-07-20_22-53-51.mp4,0.00023969142057467252,0.0010051180142909288,0.0,0.0,1.0,0,
2026-07-17_13-24-40.mp4,0.0005725037772208452,0.0012640968197956681,0.0,0.0,1.0,0,
2026-07-10_16-45-53.mp4,0.0002059082326013595,0.0009741102112457156,0.0,0.0,1.0,0,
2026-07-16_21-41-14.mp4,0.0003581662895157933,0.002030095085501671,0.0,0.0,1.0,0,
2026-07-14_14-55-01.mp4,0.00039598511648364365,0.0011607060441747308,0.0,0.0,1.0,0,
2026-07-18_11-26-34.mp4,0.008032013662159443,0.017362577840685844,0.0,0.0,1.0,0,
2026-07-03_00-27-08.mp4,0.0002622653264552355,0.0016605241689831018,0.0,0.0,1.0,0,
2026-07-06_01-28-35.mp4,0.0001798361772671342,0.0006779748946428299,0.0,0.0,1.0,0,
2026-07-09_16-21-17.mp4,0.0006964300409890711,0.0019479350885376334,0.0,0.0,1.0,0,
2026-07-17_23-07-42.mp4,0.0005352927837520838,0.00231163646094501,0.0,0.0,1.0,0,
2026-07-24_23-31-59.mp4,0.00013982554082758725,0.0003121688205283135,0.0,0.0,1.0,0,
2026-07-08_22-17-58.mp4,0.0003172376600559801,0.0008116342942230403,0.0,0.0,1.0,0,
2026-07-08_17-28-41.mp4,0.00033591085230000317,0.0010917260078713298,0.0,0.0,1.0,0,
2026-07-03_01-42-25.mp4,0.0007465968956239522,0.002494493732228875,0.0,0.0,1.0,0,
2026-07-10_11-02-52.mp4,0.0016259762924164534,0.00525106443092227,0.0,0.0,1.0,0,
2026-07-09_21-47-26.mp4,0.00026104366406798363,0.0008554685045965016,0.0,0.0,1.0,0,
2026-07-01_18-41-02.mp4,0.0056033870205283165,0.010015083476901054,0.0,0.0,1.0,0,
2026-07-08_15-56-47.mp4,0.0004721925070043653,0.0019917134195566177,0.0,0.0,1.0,0,
2026-07-10_11-10-21.mp4,0.0009973928099498153,0.0023813636507838964,0.0,0.0,1.0,0,
2026-07-02_15-48-45.mp4,0.0001952265010913834,0.0007923532975837588,0.0,0.0,1.0,0,
2026-07-15_08-53-14.mp4,0.0011818924685940146,0.006070060655474663,0.0,0.0,1.0,0,
2026-07-04_19-05-36.mp4,0.00020647798373829573,0.0017756882589310408,0.0,0.0,1.0,0,
2026-07-07_14-04-21.mp4,0.00021926217596046627,0.001107575255446136,0.0,0.0,1.0,0,
2026-07-14_03-14-08.mp4,0.0007932380540296435,0.0014649133663624525,0.0,0.0,1.0,0,
2026-07-02_03-13-10.mp4,0.0005963160074315965,0.002484740922227502,0.0,0.0,1.0,0,
2026-07-14_16-37-54.mp4,0.0006003998569212854,0.0020636948756873608,0.0,0.0,1.0,0,
2026-07-25_11-28-33.mp4,0.0004648400645237416,0.0013040234334766865,0.0,0.0,1.0,0,
2026-07-04_00-56-53.mp4,0.0010166066931560636,0.006424726452678442,0.0,0.0,1.0,0,
2026-07-06_20-48-52.mp4,0.0002480228431522846,0.001316375331953168,0.0,0.0,1.0,0,
2026-07-14_19-00-19.mp4,0.003956930711865425,0.018165327608585358,0.0,0.0,1.0,0,
2026-07-14_15-02-13.mp4,0.0004911915748380125,0.0019339389400556684,0.0,0.0,1.0,0,
2026-07-13_21-27-17.mp4,0.004119801335036755,0.037355538457632065,0.0,0.0,1.0,0,
2026-07-05_15-23-46.mp4,0.00038531466270796955,0.002550873439759016,0.0,0.0,1.0,0,
2026-07-15_12-57-35.mp4,0.0011344538070261478,0.0026452771853655577,0.0,0.0,1.0,0,
2026-07-20_09-15-57.mp4,0.0004300900618545711,0.0024009894113987684,0.0,0.0,1.0,0,
2026-07-13_10-55-13.mp4,0.0006740858079865575,0.003136092098429799,0.0,0.0,1.0,0,
2026-07-08_22-38-40.mp4,0.0006044195033609867,0.002072699833661318,0.0,0.0,1.0,0,
2026-07-03_01-24-49.mp4,9.639831841923296e-05,0.0004591745382640511,0.0,0.0,1.0,0,
2026-07-15_13-49-10.mp4,0.00042175015551038086,0.001556503470055759,0.0,0.0,1.0,0,
2026-07-25_07-43-54.mp4,0.0014952259371057153,0.008752327412366867,0.0,0.0,1.0,0,
2026-06-30_13-05-55.mp4,0.0008121201535686851,0.0033124100882560015,0.0,0.0,1.0,0,
2026-07-07_06-17-08.mp4,0.0002614499244373292,0.002755318069830537,0.0,0.0,1.0,0,
2026-07-05_05-56-41.mp4,0.00016890348342712969,0.00041836712625809014,0.0,0.0,1.0,0,
2026-07-07_02-10-46.mp4,0.00012463482562452555,0.0006403313018381596,0.0,0.0,1.0,0,
2026-07-09_14-09-30.mp4,0.00017478232621215284,0.0012118995655328035,0.0,0.0,1.0,0,
2026-07-10_12-35-51.mp4,0.000403334095608443,0.0012284705881029367,0.0,0.0,1.0,0,
2026-07-23_06-10-11.mp4,0.0004356118733994663,0.0017674597911536694,0.0,0.0,1.0,0,
2026-07-21_09-06-09.mp4,0.00016626057913526893,0.000505162519402802,0.0,0.0,1.0,0,
2026-07-05_10-19-03.mp4,0.0004689861088991165,0.0018949673976749182,0.0,0.0,1.0,0,
2026-07-12_21-22-33.mp4,8.59028659760952e-05,0.0003846663166768849,0.0,0.0,1.0,0,
2026-07-05_08-25-28.mp4,0.0003695004852488637,0.0014409511350095272,0.0,0.0,1.0,0,
2026-07-18_15-45-44.mp4,0.00035275862319394946,0.0020820728968828917,0.0,0.0,1.0,0,
2026-07-13_19-37-31.mp4,0.0008704125648364425,0.004255728330463171,0.0,0.0,1.0,0,
2026-07-05_02-13-53.mp4,0.0002094073424814269,0.0008018119260668755,0.0,0.0,1.0,0,
2026-07-08_14-48-36.mp4,6.308567390078679e-05,0.00017173815285786986,0.0,0.0,1.0,0,
2026-07-11_12-52-26.mp4,0.0001267818734049797,0.0006501401658169925,0.0,0.0,1.0,0,
2026-07-03_01-37-01.mp4,0.001065151416696608,0.007664674427360296,0.0,0.0,1.0,0,
2026-07-20_19-20-29.mp4,0.0007329453364945948,0.002916836878284812,0.0,0.0,1.0,0,
2026-07-15_08-08-44.mp4,0.0013740039430558681,0.004656550474464893,0.0,0.0,1.0,0,
2026-07-12_21-18-39.mp4,0.0005495030200108886,0.0016628853045403957,0.0,0.0,1.0,0,
2026-07-04_03-05-31.mp4,0.00035631240461952984,0.002106299391016364,0.0,0.0,1.0,0,
2026-07-03_12-47-43.mp4,0.00018107693176716566,0.0005588321364484727,0.0,0.0,1.0,0,
2026-07-22_22-38-22.mp4,0.000416037772083655,0.0020026450511068106,0.0,0.0,1.0,0,
2026-07-07_07-33-49.mp4,0.0006933193071745336,0.005004501435905695,0.0,0.0,1.0,0,
2026-07-24_22-27-11.mp4,0.0030029681511223316,0.02169772982597351,0.0,0.0,1.0,0,
2026-07-10_11-12-27.mp4,0.0012347791343927383,0.00663021532818675,0.0,0.0,1.0,0,
2026-07-12_14-37-48.mp4,0.0012850833591073751,0.008471610024571419,0.0,0.0,1.0,0,
2026-07-02_03-23-04.mp4,0.004259815905243158,0.046814773231744766,0.0,0.0,1.0,0,
2026-07-07_12-29-34.mp4,0.00026170231285504997,0.0010818492155522108,0.0,0.0,1.0,0,
2026-07-05_13-09-08.mp4,0.0004555503255687654,0.0010190799366682768,0.0,0.0,1.0,0,
2026-07-02_03-30-28.mp4,0.0008857049397192895,0.002410742687061429,0.0,0.0,1.0,0,
2026-07-04_02-42-22.mp4,0.0025346132460981607,0.007155528757721186,0.0,0.0,1.0,0,
2026-07-05_19-59-47.mp4,0.00015806034207344055,0.0010933710727840662,0.0,0.0,1.0,0,
2026-07-16_18-58-58.mp4,0.0005883707199245691,0.003973094280809164,0.0,0.0,1.0,0,
2026-07-25_19-46-52.mp4,0.348353773355484,0.348353773355484,0.0,0.0,1.0,0,
2026-07-09_12-16-56.mp4,0.00042743884841911495,0.0014892847975715995,0.0,0.0,1.0,0,
2026-07-06_05-58-38.mp4,0.0010044837836176157,0.003614341840147972,0.0,0.0,1.0,0,
2026-07-11_05-51-38.mp4,0.00034408963983878493,0.001086731906980276,0.0,0.0,1.0,0,
2026-07-20_12-30-37.mp4,0.0006366882589645684,0.001961024012416601,0.0,0.0,1.0,0,
2026-07-10_12-27-57.mp4,0.00034144180244766176,0.001099451445043087,0.0,0.0,1.0,0,
2026-07-01_12-38-54.mp4,0.0003313206252641976,0.0015711047453805804,0.0,0.0,1.0,0,
2026-07-22_15-16-01.mp4,0.005727611947804689,0.02486865036189556,0.0,0.0,1.0,0,
2026-07-22_13-43-38.mp4,0.00044804150820709765,0.0016876502195373178,0.0,0.0,1.0,0,
2026-07-23_15-32-11.mp4,0.0009654794121161103,0.0021029626950621605,0.0,0.0,1.0,0,
2026-07-05_15-51-34.mp4,0.00033702555811032653,0.0012232611188665032,0.0,0.0,1.0,0,
2026-07-02_05-18-40.mp4,0.0008872451144270599,0.0037292977795004845,0.0,0.0,1.0,0,
2026-07-08_14-04-31.mp4,0.00025417457800358534,0.0011423276737332344,0.0,0.0,1.0,0,
2026-07-05_00-56-00.mp4,0.00019312900258228183,0.0005636605201289058,0.0,0.0,1.0,0,
2026-07-23_12-35-25.mp4,0.0013955548638477921,0.006984851788729429,0.0,0.0,1.0,0,
2026-07-02_14-28-58.mp4,9.771894838195294e-05,0.00025390111841261387,0.0,0.0,1.0,0,
2026-07-22_09-01-23.mp4,0.0005585882463492453,0.0022123176604509354,0.0,0.0,1.0,0,
2026-07-06_00-32-12.mp4,0.0004809310776181519,0.0022193791810423136,0.0,0.0,1.0,0,
2026-07-10_17-23-21.mp4,0.0032256057020276785,0.01916738972067833,0.0,0.0,1.0,0,
2026-07-12_13-50-49.mp4,0.004023083485662937,0.020186319947242737,0.0,0.0,1.0,0,
2026-07-04_14-50-12.mp4,0.008896307088434696,0.01821606419980526,0.0,0.0,1.0,0,
2026-07-24_19-30-31.mp4,0.0035702036693692207,0.010609359480440617,0.0,0.0,1.0,0,
2026-07-14_23-12-20.mp4,0.0003221617953386158,0.0009568754467181861,0.0,0.0,1.0,0,
2026-07-18_11-45-40.mp4,0.0005944009171798825,0.00151040346827358,0.0,0.0,1.0,0,
2026-07-02_03-32-04.mp4,0.0007595240022055805,0.0019994417671114206,0.0,0.0,1.0,0,
2026-07-04_09-17-58.mp4,0.00034240682725794613,0.0009450219222344458,0.0,0.0,1.0,0,
2026-07-10_10-33-40.mp4,0.000615848577581346,0.0014690287644043565,0.0,0.0,1.0,0,
2026-07-06_13-26-03.mp4,0.0004156108479946852,0.001259255688637495,0.0,0.0,1.0,0,
2026-07-21_11-17-31.mp4,0.000513811013661325,0.0018406056333333254,0.0,0.0,1.0,0,
2026-07-12_10-30-31.mp4,0.001031608204357326,0.0034942813217639923,0.0,0.0,1.0,0,
2026-07-21_05-59-47.mp4,0.0004957750206813216,0.0016033585416153073,0.0,0.0,1.0,0,
2026-07-10_21-42-07.mp4,0.01185004971921444,0.018047364428639412,0.0,0.0,1.0,0,
2026-07-06_23-43-00.mp4,0.00020458747167140245,0.001686647068709135,0.0,0.0,1.0,0,
2026-07-03_08-56-45.mp4,0.0008784215315245092,0.004509240388870239,0.0,0.0,1.0,0,
2026-07-13_12-36-24.mp4,0.000571893178857863,0.006065836176276207,0.0,0.0,1.0,0,
2026-07-07_07-18-31.mp4,0.0002271557314088568,0.0010735722025856376,0.0,0.0,1.0,0,
2026-07-26_04-37-53.mp4,0.0022516832686960697,0.007021479774266481,0.0,0.0,1.0,0,
2026-07-23_09-04-57.mp4,0.00043442854075692594,0.001686859061010182,0.0,0.0,1.0,0,
2026-07-19_11-21-03.mp4,0.0008301653433591127,0.0030747922137379646,0.0,0.0,1.0,0,
2026-07-19_23-44-48.mp4,0.0007562046521343291,0.0024119734298437834,0.0,0.0,1.0,0,
2026-07-22_14-13-08.mp4,0.0002685419749468565,0.0026329346001148224,0.0,0.0,1.0,0,
2026-07-07_21-52-13.mp4,0.0003946121141780168,0.002856546314433217,0.0,0.0,1.0,0,
2026-07-23_20-55-51.mp4,0.0019492416176944971,0.017665717750787735,0.0,0.0,1.0,0,
2026-07-07_04-24-33.mp4,0.00024779923842288554,0.0013547156704589725,0.0,0.0,1.0,0,
2026-07-21_12-58-36.mp4,0.00029104718123562634,0.0010473472066223621,0.0,0.0,1.0,0,
2026-07-04_20-39-41.mp4,0.00013858708553016186,0.0009380972478538752,0.0,0.0,1.0,0,
2026-07-02_20-30-19.mp4,0.0004362233157735318,0.0016418149461969733,0.0,0.0,1.0,0,
2026-07-16_19-17-46.mp4,0.000511837424710393,0.002250760095193982,0.0,0.0,1.0,0,
2026-07-12_14-13-36.mp4,0.0006927393842488527,0.0022087765391916037,0.0,0.0,1.0,0,
2026-07-08_12-16-32.mp4,0.0001402314519509673,0.00039435733924619853,0.0,0.0,1.0,0,
2026-07-03_03-53-35.mp4,0.0004476938338484615,0.0010215265210717916,0.0,0.0,1.0,0,
2026-07-17_07-51-08.mp4,0.0008657817379571497,0.001997600309550762,0.0,0.0,1.0,0,
2026-07-21_15-22-53.mp4,0.0002859205415006727,0.0004583406262099743,0.0,0.0,1.0,0,
2026-07-08_20-42-20.mp4,0.00031098860199563205,0.0018099283333867788,0.0,0.0,1.0,0,
2026-07-24_07-29-45.mp4,0.0006016171537339687,0.002856058534234762,0.0,0.0,1.0,0,
2026-07-12_11-52-00.mp4,0.00022646394791081548,0.0005643265903927386,0.0,0.0,1.0,0,
2026-07-02_04-04-03.mp4,0.0002979581768158823,0.001365239848382771,0.0,0.0,1.0,0,
2026-07-10_07-20-12.mp4,0.0008869218290783465,0.002422198187559843,0.0,0.0,1.0,0,
2026-07-08_04-14-17.mp4,0.00029852232546545565,0.0011698323069140315,0.0,0.0,1.0,0,
2026-07-24_01-20-13.mp4,0.0002523822768125683,0.0020587043836712837,0.0,0.0,1.0,0,
2026-07-06_15-55-18.mp4,0.00024256309552583843,0.0005916835507377982,0.0,0.0,1.0,0,
2026-07-22_01-44-28.mp4,0.00047030768473632634,0.0018135709688067436,0.0,0.0,1.0,0,
2026-07-07_09-25-42.mp4,0.00010027184907812625,0.0007144901901483536,0.0,0.0,1.0,0,
2026-07-12_04-43-10.mp4,0.00036864657886326313,0.0027811259496957064,0.0,0.0,1.0,0,
2026-07-14_07-04-24.mp4,0.0004104245745111257,0.001656968961469829,0.0,0.0,1.0,0,
2026-07-09_07-53-04.mp4,8.946059824666008e-05,0.0004882376524619758,0.0,0.0,1.0,0,
2026-07-08_06-35-41.mp4,0.00020615692483261228,0.0005514330696314573,0.0,0.0,1.0,0,
2026-07-03_07-22-40.mp4,0.00012531288666650653,0.00033834661007858813,0.0,0.0,1.0,0,
2026-07-14_16-35-48.mp4,0.0006304921698756516,0.0022765398025512695,0.0,0.0,1.0,0,
2026-07-01_23-44-50.mp4,0.00013581625535152853,0.0006490276427939534,0.0,0.0,1.0,0,
2026-07-10_14-11-02.mp4,0.0006644532550126314,0.0018529201624915004,0.0,0.0,1.0,0,
2026-07-04_23-40-09.mp4,0.00027140422025695443,0.001359908957965672,0.0,0.0,1.0,0,
2026-07-07_00-14-36.mp4,0.0005148574709892273,0.00414349976927042,0.0,0.0,1.0,0,
2026-07-26_00-56-55.mp4,0.0009540088940411806,0.0028852743562310934,0.0,0.0,1.0,0,
2026-07-06_02-54-58.mp4,0.00048568262718617916,0.001922260387800634,0.0,0.0,1.0,0,
2026-07-06_00-43-18.mp4,0.0006499341689050198,0.0015232075238600373,0.0,0.0,1.0,0,
2026-07-10_11-16-45.mp4,0.0007495857425965369,0.0021712768357247114,0.0,0.0,1.0,0,
2026-07-11_18-49-21.mp4,0.00035634145024232566,0.0011860240483656526,0.0,0.0,1.0,0,
2026-07-05_13-03-38.mp4,0.00031449791276827455,0.0005909311585128307,0.0,0.0,1.0,0,
2026-07-22_13-42-38.mp4,0.00019011471886187792,0.0004651239432860166,0.0,0.0,1.0,0,
2026-07-09_19-58-45.mp4,0.0006523985066451132,0.004932484123855829,0.0,0.0,1.0,0,
2026-07-03_19-50-54.mp4,0.001977350562810898,0.005958729889243841,0.0,0.0,1.0,0,
2026-07-02_08-32-24.mp4,0.00044377503218129277,0.0008984383312053978,0.0,0.0,1.0,0,
2026-07-14_06-39-55.mp4,0.00029995100339874625,0.0011861731763929129,0.0,0.0,1.0,0,
2026-07-02_10-36-42.mp4,0.0005522631108760834,0.0016930922865867615,0.0,0.0,1.0,0,
2026-07-11_13-47-42.mp4,0.00017096289957407862,0.0007889524567872286,0.0,0.0,1.0,0,
2026-07-05_21-55-02.mp4,0.0002862945257220417,0.004224549047648907,0.0,0.0,1.0,0,
2026-07-22_07-42-37.mp4,0.001007971353828907,0.006779244635254145,0.0,0.0,1.0,0,
2026-07-03_07-19-22.mp4,0.00026692819665186107,0.0008360345382243395,0.0,0.0,1.0,0,
2026-07-02_22-56-56.mp4,0.00034991762368008494,0.0014786756364628673,0.0,0.0,1.0,0,
2026-07-15_09-57-19.mp4,0.00025780085707083344,0.0008838367648422718,0.0,0.0,1.0,0,
2026-07-07_00-14-00.mp4,0.0007887344108894467,0.004857564810663462,0.0,0.0,1.0,0,
2026-07-05_16-29-21.mp4,0.0008854221669025719,0.0056631239131093025,0.0,0.0,1.0,0,
2026-07-06_19-13-11.mp4,0.00024806708097457886,0.0009234190220013261,0.0,0.0,1.0,0,
2026-07-20_15-26-24.mp4,0.000392999907489866,0.004831342492252588,0.0,0.0,1.0,0,
2026-07-18_21-01-40.mp4,0.0001267723273485899,0.00013806977949570864,0.0,0.0,1.0,0,
2026-07-12_21-42-21.mp4,0.00013717846013605595,0.00129386514890939,0.0,0.0,1.0,0,
2026-07-10_10-09-28.mp4,0.0006194683373905718,0.0013453643769025803,0.0,0.0,1.0,0,
2026-07-04_02-21-04.mp4,0.00040665818960405886,0.001899323076941073,0.0,0.0,1.0,0,
2026-07-11_16-58-06.mp4,0.0005967302131466568,0.0034439070150256157,0.0,0.0,1.0,0,
2026-07-03_22-43-04.mp4,0.0019207699224352837,0.004825554322451353,0.0,0.0,1.0,0,
2026-07-06_07-06-07.mp4,0.0006351100746542215,0.0023718804586678743,0.0,0.0,1.0,0,
2026-07-09_14-43-12.mp4,0.001045315177179873,0.005770118907094002,0.0,0.0,1.0,0,
2026-07-09_20-29-15.mp4,0.0005776582984253764,0.002775300294160843,0.0,0.0,1.0,0,
2026-07-18_15-06-44.mp4,0.000980927492491901,0.0030596707947552204,0.0,0.0,1.0,0,
2026-07-10_14-23-01.mp4,0.0008164187311194837,0.00267129298299551,0.0,0.0,1.0,0,
2026-07-10_11-40-51.mp4,0.004181413911283016,0.011001050472259521,0.0,0.0,1.0,0,
2026-07-02_14-27-46.mp4,0.00020815561583731323,0.0004841435875277966,0.0,0.0,1.0,0,
2026-07-11_13-43-12.mp4,0.0004224621516186744,0.002474420703947544,0.0,0.0,1.0,0,
2026-07-20_19-59-23.mp4,0.0006650076247751713,0.0023027302231639624,0.0,0.0,1.0,0,
2026-07-03_03-53-47.mp4,0.0005952512728981674,0.0016995568294078112,0.0,0.0,1.0,0,
