file,onset,p_cry,g_pre,g_base,delta,clip_pre,clip_base,face_frac,label,auto
2026-07-04_18-13-07.mp4,,,,,,,,0.0,no_pre_cry,uncertain
2026-07-13_13-34-11.mp4,,,,0.077096929251349,,,,0.1666666666666666,no_pre_cry,uncertain
2026-07-15_22-35-07.mp4,7.0,0.0116500733420252,,,,,,0.0,uncertain,uncertain
2026-07-16_22-13-50.mp4,7.0,0.0016034081345424,0.0934118484857288,0.0917514307767637,0.001660417708965,,,0.5833333333333334,uncertain,uncertain
2026-07-10_00-38-22.mp4,4.4,0.1192387044429779,,,,,,0.0,uncertain,uncertain
2026-07-10_14-17-37.mp4,,,,,,,,0.0,uncertain,uncertain
2026-07-15_09-08-31.mp4,5.2,0.0181183870881795,0.0607483259589608,0.0571410142288401,0.0036073117301206,,,0.25,uncertain,uncertain
2026-07-23_16-44-40.mp4,3.6,0.0019513440784066,,,,,,0.0,uncertain,uncertain
2026-07-10_14-02-44.mp4,5.0,0.0058988537639379,,,,,,0.0,uncertain,uncertain
2026-07-25_23-50-38.mp4,,,,0.0765391445094436,,,,0.1666666666666666,uncertain,uncertain
2026-07-24_07-26-09.mp4,3.4,0.0398271046578884,,0.2305263908028202,,,,0.0833333333333333,uncertain,uncertain
2026-07-01_21-46-40.mp4,2.2,0.0056482627987861,0.0254676092867008,0.0292090999711071,-0.0037414906844063,,,1.0,uncertain,uncertain
2026-07-12_10-35-31.mp4,,,,,,,,0.0,no_pre_cry,uncertain
2026-06-30_19-13-00.mp4,2.8,0.0007026634993962,,,,,,0.0,uncertain,uncertain
2026-07-25_03-50-56.mp4,4.2,0.0115854302421212,0.144994862413991,0.1310025313385566,0.0139923310754344,,,0.5,uncertain,uncertain
2026-07-16_00-47-06.mp4,1.6,0.0106687508523464,,,,,,0.0,uncertain,uncertain
2026-07-06_09-28-54.mp4,,,,0.0582337042530353,,,,0.3333333333333333,no_pre_cry,uncertain
2026-07-12_21-43-14.mp4,,,,0.0709026363436409,,,,0.5,uncertain,uncertain
2026-07-01_18-52-07.mp4,5.2,0.0152145558968186,,,,,,0.0,uncertain,uncertain
2026-07-10_15-52-49.mp4,,,,,,,,0.0,uncertain,uncertain
2026-07-03_03-36-00.mp4,1.8,0.0016314540989696,0.0490541752048342,0.081660277601722,-0.0326061023968878,,,0.6363636363636364,uncertain,no_pre_cry
2026-07-22_00-48-05.mp4,,,,,,,,0.0,uncertain,uncertain
2026-07-21_00-34-14.mp4,1.4,0.0943451002240181,0.1595395714000443,0.1655750293621274,-0.0060354579620831,,,0.6666666666666666,uncertain,uncertain
2026-07-17_07-17-14.mp4,1.4,0.0111157158389687,0.1949081753917847,0.1330700389166607,0.061838136475124,,,0.8888888888888888,uncertain,uncertain
2026-06-30_13-03-31.mp4,,,,,,,,0.0,no_pre_cry,uncertain
2026-07-25_01-17-04.mp4,2.4,0.0019820821471512,0.1087048397579713,0.1348364743651615,-0.0261316346071902,,,0.75,uncertain,no_pre_cry
2026-07-11_22-51-37.mp4,,,,,,,,0.0,uncertain,uncertain
2026-07-11_11-09-28.mp4,,,,,,,,0.0,uncertain,uncertain
2026-07-10_09-24-47.mp4,,,,,,,,0.0,no_pre_cry,uncertain
2026-07-04_05-29-43.mp4,4.8,0.0012357562081888,,,,,,0.0,uncertain,uncertain
2026-07-05_12-54-08.mp4,,,,0.0637790403781083,,,,0.1666666666666666,uncertain,uncertain
2026-07-08_13-16-55.mp4,,,,,,,,0.0,no_pre_cry,uncertain
2026-07-07_14-10-57.mp4,3.4,0.0005727332900278,0.1308174032174135,0.1016025348632798,0.0292148683541337,,,0.3333333333333333,uncertain,uncertain
2026-07-04_09-12-58.mp4,,,,,,,,0.0,no_pre_cry,uncertain
2026-07-02_21-22-35.mp4,6.4,0.0252787452191114,0.0492710497589813,0.0260268028227759,0.0232442469362053,,,0.5833333333333334,uncertain,uncertain
2026-07-10_06-38-12.mp4,,,,,,,,0.0,no_pre_cry,uncertain
2026-07-01_17-52-17.mp4,,,,0.1129584422724157,,,,1.0,no_pre_cry,uncertain
2026-07-15_20-36-35.mp4,2.8,0.0016220633406192,0.1117185012385023,0.1238420848199635,-0.0121235835814611,,,0.5,uncertain,no_pre_cry
2026-07-16_10-21-03.mp4,,,,0.0756994151799633,,,,0.6666666666666666,no_pre_cry,uncertain
2026-07-21_14-06-06.mp4,6.4,0.0051273517310619,0.0510204329289661,0.1288589300440873,-0.0778384971151211,,,0.75,uncertain,no_pre_cry
2026-07-01_00-56-41.mp4,3.8,0.0031721340492367,0.0501746984781625,0.0596994378463099,-0.0095247393681473,,,0.1666666666666666,uncertain,no_pre_cry
2026-07-20_18-57-29.mp4,1.2,0.0084482748061418,0.0128073505278344,0.0128073505278344,0.0,,,0.1111111111111111,uncertain,uncertain
2026-07-09_16-03-59.mp4,6.2,0.0035562666598707,,,,,,0.0,uncertain,uncertain
2026-07-01_17-54-17.mp4,6.4,0.0014388696290552,0.1064740476590512,0.1070329014864454,-0.0005588538273942,,,0.8333333333333334,uncertain,uncertain
2026-07-10_21-56-07.mp4,3.4,0.0252568256109952,0.1057529723599035,0.1034631662885717,0.0022898060713317,,,0.1666666666666666,uncertain,uncertain
2026-07-05_07-56-22.mp4,,,,,,,,0.0,no_pre_cry,uncertain
2026-07-08_19-30-56.mp4,,,,0.0522476341989998,,,,0.3333333333333333,no_pre_cry,uncertain
2026-07-18_20-03-35.mp4,,,,,,,,0.0,uncertain,uncertain
2026-07-18_15-41-20.mp4,6.2,0.0127498339861631,0.1858244059129019,0.2277126530784274,-0.0418882471655254,,,0.8333333333333334,uncertain,no_pre_cry
2026-07-26_09-33-38.mp4,1.6,0.0267112851142883,0.1696443810767358,0.1605577967081273,0.0090865843686085,,,0.8,uncertain,uncertain
2026-07-11_13-39-18.mp4,6.8,0.0056210462935268,,,,,,0.0,uncertain,uncertain
2026-07-09_12-22-56.mp4,6.8,0.0017753797583281,0.036153243097404,0.1118008967126333,-0.0756476536152293,,,0.25,uncertain,no_pre_cry
2026-07-06_12-31-28.mp4,4.0,0.0099946139380335,0.1441263621238277,0.0476653068785718,0.0964610552452558,,,0.3333333333333333,uncertain,uncertain
2026-07-05_16-18-46.mp4,4.6,0.0017769074765965,,,,,,0.0,uncertain,uncertain
2026-07-26_09-44-32.mp4,,,,,,,,0.0,no_pre_cry,uncertain
2026-07-18_15-18-44.mp4,2.6,0.0004971668240614,0.1086943477640155,0.0976822197802875,0.011012127983728,,,0.1666666666666666,uncertain,uncertain
2026-07-25_14-25-07.mp4,,,,0.0450948239009583,,,,1.0,uncertain,uncertain
2026-07-07_14-21-09.mp4,6.4,0.0012520577292889,0.0603520883724835,0.0901952141563579,-0.0298431257838743,,,0.8333333333333334,uncertain,no_pre_cry
2026-07-19_14-58-37.mp4,,,,0.0848781102125761,,,,1.0,uncertain,uncertain
2026-07-14_22-16-26.mp4,4.8,0.0013807787327095,,,,,,0.0,uncertain,uncertain
2026-06-30_15-24-47.mp4,1.8,0.0111563000828027,,,,,,0.0,uncertain,uncertain
2026-07-01_17-39-26.mp4,,,,0.1463483390432444,,,,0.8333333333333334,uncertain,uncertain
2026-07-18_02-13-46.mp4,5.2,0.0019637567456811,,,,,,0.0,uncertain,uncertain
2026-07-13_12-59-00.mp4,4.4,0.0040944907814264,0.062695464962603,0.1335769265952572,-0.0708814616326541,,,0.5,uncertain,no_pre_cry
2026-07-03_23-11-46.mp4,7.0,0.0039505860768258,0.0379741653300996,0.0330885973633363,0.0048855679667633,,,0.6666666666666666,uncertain,uncertain
2026-07-05_19-56-59.mp4,2.6,0.0007458786130882,,,,,,0.0,uncertain,uncertain
2026-07-23_07-56-40.mp4,5.0,0.0013165333075448,0.028880267835148,0.0389220126584479,-0.0100417448232998,,,0.25,uncertain,no_pre_cry
2026-07-23_17-09-34.mp4,2.2,0.0023345516528934,0.0639412508264751,0.0595084357424594,0.0044328150840156,,,0.75,uncertain,uncertain
2026-07-25_12-48-02.mp4,6.0,0.0002926381421275,,0.1258460629105633,,,,0.0833333333333333,uncertain,uncertain
2026-07-25_07-46-06.mp4,3.6,0.0034190528094768,,0.0939205729981992,,,,0.4166666666666667,uncertain,uncertain
2026-07-12_23-15-43.mp4,,,,0.155866333061455,,,,0.5,no_pre_cry,uncertain
2026-07-15_13-14-47.mp4,5.6,0.0016290900530293,,0.1012894165698807,,,,0.0833333333333333,uncertain,uncertain
2026-07-05_18-16-42.mp4,,,,,,,,0.0,no_pre_cry,uncertain
2026-07-17_20-27-51.mp4,6.4,0.0182121451944112,0.0597848650564097,0.0765483143555366,-0.0167634492991269,,,0.5833333333333334,uncertain,no_pre_cry
2026-07-11_12-47-45.mp4,,,,,,,,0.0,no_pre_cry,uncertain
2026-07-01_18-58-13.mp4,1.6,0.0059934630990028,0.0416776459879186,0.1227699741940345,-0.0810923282061159,,,0.2,uncertain,no_pre_cry
2026-07-06_18-31-59.mp4,3.6,0.0036031561903655,,,,,,0.0,uncertain,uncertain
2026-06-30_16-10-56.mp4,,,,0.0409112615798526,,,,0.1666666666666666,no_pre_cry,uncertain
2026-07-14_05-56-19.mp4,7.6,0.0124248908832669,0.066103977709635,0.078641625428776,-0.012537647719141,,,0.4166666666666667,uncertain,no_pre_cry
2026-07-25_07-36-06.mp4,2.6,0.0063032233156263,0.1397423028550665,0.1568601002650353,-0.0171177974099688,,,0.3333333333333333,uncertain,no_pre_cry
2026-07-01_20-19-01.mp4,1.8,0.0012246980331838,,,,,,0.0,uncertain,uncertain
2026-07-11_02-08-28.mp4,7.2,0.0008697534794919,,,,,,0.0,uncertain,uncertain
2026-07-15_07-35-56.mp4,5.6,0.0136987073346972,0.0448581834644293,0.1752645154720235,-0.1304063320075942,,,0.1666666666666666,uncertain,no_pre_cry
2026-07-05_05-55-53.mp4,,,,0.1852429290745356,,,,0.1666666666666666,uncertain,uncertain
2026-07-10_18-20-38.mp4,,,,,,,,0.0,uncertain,uncertain
2026-07-22_15-10-55.mp4,7.4,0.0005579364369623,0.0624683219850065,0.0533649837154666,0.0091033382695398,,,0.3333333333333333,uncertain,uncertain
2026-07-11_16-58-54.mp4,6.0,0.0038076543714851,,0.1540576732865818,,,,0.0833333333333333,uncertain,uncertain
2026-07-12_15-51-19.mp4,2.8,0.0007095544133335,,,,,,0.0,uncertain,uncertain
2026-06-30_18-25-25.mp4,,,,0.0746466872166792,,,,0.5,uncertain,uncertain
2026-07-07_12-14-22.mp4,,,,,,,,0.0,no_pre_cry,uncertain
2026-07-06_21-07-46.mp4,5.2,0.0010081946384161,0.0706925080708211,,,,,0.25,uncertain,uncertain
2026-07-04_19-59-12.mp4,1.0,0.0019069531699642,,,,,,0.0,uncertain,uncertain
2026-07-21_12-20-37.mp4,,,,0.0536003076513899,,,,0.6666666666666666,no_pre_cry,uncertain
2026-07-08_09-06-45.mp4,1.0,0.0012605716474354,,,,,,0.0,uncertain,uncertain
2026-07-01_18-51-31.mp4,2.2,0.0071370936930179,,,,,,0.0,uncertain,uncertain
2026-07-12_12-16-18.mp4,3.8,0.0012771574547514,,,,,,0.0,uncertain,uncertain
2026-07-15_22-34-55.mp4,,,,,,,,0.0,uncertain,uncertain
2026-07-24_13-26-05.mp4,5.6,9.021816367749123e-05,0.0993597527027698,,,,,0.0833333333333333,uncertain,uncertain
2026-07-12_18-07-38.mp4,3.0,0.0022079139016568,,,,,,0.0,uncertain,uncertain
2026-07-24_23-31-59.mp4,3.8,0.000883346714545,0.015518347485864,0.0501332904877341,-0.0346149430018701,,,1.0,uncertain,no_pre_cry
2026-07-08_21-52-29.mp4,,,,,,,,0.0,no_pre_cry,uncertain
2026-07-24_18-26-02.mp4,,,,0.0918272914837471,,,,0.8333333333333334,no_pre_cry,uncertain
2026-07-01_00-54-53.mp4,4.0,0.0006516978610306,,,,,,0.0,uncertain,uncertain
2026-07-07_04-26-33.mp4,,,,0.0810422179039177,,,,0.6666666666666666,uncertain,uncertain
2026-07-22_23-22-15.mp4,6.6,0.0006392617942765,,0.0770938849541537,,,,0.1666666666666666,uncertain,uncertain
2026-06-30_15-21-15.mp4,6.8,0.0109807988628745,,,,,,0.0,uncertain,uncertain
2026-07-02_14-16-16.mp4,6.6,0.0116397002711892,,,,,,0.0,uncertain,uncertain
2026-07-19_09-48-08.mp4,,,,,,,,0.0,uncertain,uncertain
2026-07-05_13-10-44.mp4,,,,,,,,0.0,no_pre_cry,uncertain
2026-07-13_09-24-08.mp4,5.8,0.0210542939603328,,0.0921247976495728,,,,0.0833333333333333,uncertain,uncertain
2026-07-07_14-03-57.mp4,2.0,0.0004596446815412,,,,,,0.0,uncertain,uncertain
2026-07-06_21-08-22.mp4,,,,0.0399823825737733,,,,0.5,uncertain,uncertain
2026-07-01_20-54-28.mp4,2.0,0.0113106071949005,,0.1241920611119169,,,,0.25,uncertain,uncertain
2026-07-21_13-03-18.mp4,4.8,0.0050052804872393,,,,,,0.0,uncertain,uncertain
2026-07-08_21-34-41.mp4,,,,,,,,0.0,uncertain,uncertain
2026-07-07_15-24-32.mp4,,,,,,,,0.0,uncertain,uncertain
2026-07-08_11-07-20.mp4,7.0,0.0003236847987864,,,,,,0.0,uncertain,uncertain
2026-07-18_17-47-24.mp4,2.2,0.0382880829274654,0.249578860177999,0.2511638037710533,-0.0015849435930543,,,1.0,uncertain,uncertain
2026-07-07_14-20-45.mp4,3.4,0.0009593733702786,0.0769236332645968,0.100174346047007,-0.0232507127824102,,,0.5833333333333334,uncertain,no_pre_cry
2026-07-19_18-39-45.mp4,5.6,0.0027889010962098,,,,,,0.0,uncertain,uncertain
2026-07-06_04-23-51.mp4,,,,,,,,0.0,no_pre_cry,uncertain
2026-07-17_12-08-29.mp4,,,,,,,,0.0,no_pre_cry,uncertain
2026-07-10_06-37-12.mp4,,,,,,,,0.0,uncertain,uncertain
2026-07-03_12-04-13.mp4,,,,0.0783887443833039,,,,0.3333333333333333,no_pre_cry,uncertain
2026-07-21_15-22-53.mp4,3.2,0.0002875772479455,0.1504994588700805,0.1471373048895948,0.0033621539804857,,,0.3333333333333333,uncertain,uncertain
2026-07-25_19-42-52.mp4,6.6,0.0068872370757162,,,,,,0.0,uncertain,uncertain
2026-07-12_02-45-36.mp4,3.6,0.0144778806716203,,,,,,0.0,uncertain,uncertain
2026-07-09_20-04-45.mp4,4.4,0.0040298392996191,,,,,,0.0,uncertain,uncertain
2026-07-22_10-52-04.mp4,,,,0.0551086257622043,,,,0.5,uncertain,uncertain
2026-07-03_04-39-56.mp4,6.4,0.0180932320654392,,,,,,0.0,uncertain,uncertain
2026-07-11_22-37-36.mp4,2.8,0.0006753798807039,0.1035092307943821,,,,,0.4166666666666667,uncertain,uncertain
2026-07-18_17-58-54.mp4,6.6,0.0230684299021959,0.1094712067041623,0.0998294087617878,0.0096417979423744,,,0.5,uncertain,uncertain
2026-07-25_14-26-25.mp4,3.4,0.1090524569153785,0.1172535058016181,0.0651864935453924,0.0520670122562257,,,1.0,uncertain,uncertain
2026-07-02_15-58-21.mp4,,,,,,,,0.0,no_pre_cry,uncertain
2026-07-10_05-20-25.mp4,,,,,,,,0.0,no_pre_cry,uncertain
2026-07-06_23-34-00.mp4,4.0,0.0066899862140417,0.084555032597853,,,,,0.0833333333333333,uncertain,uncertain
2026-07-05_18-21-48.mp4,1.8,0.0095877666026353,0.2815348484037255,0.2708575615447664,0.0106772868589591,,,0.7272727272727273,uncertain,uncertain
2026-07-04_14-45-36.mp4,7.4,0.0141164986416697,0.0642284664538253,0.0449714850402926,0.0192569814135326,,,0.25,uncertain,uncertain
2026-07-07_01-40-23.mp4,4.4,0.0011192577658221,,,,,,0.0,uncertain,uncertain
2026-07-03_07-37-10.mp4,,,,,,,,0.0,no_pre_cry,uncertain
2026-07-10_21-41-31.mp4,6.0,0.0101114464923739,,0.1012838248674561,,,,0.0833333333333333,uncertain,uncertain
2026-07-07_18-38-37.mp4,3.0,0.0011454145424067,,0.1385837954016089,,,,0.0833333333333333,uncertain,uncertain
2026-07-07_14-19-21.mp4,2.4,0.0019573858007788,,0.1062629766319896,,,,0.0833333333333333,uncertain,uncertain
2026-07-25_19-45-16.mp4,3.6,0.0343917943537235,0.1320448443429987,0.1500749979244198,-0.018030153581421,,,0.5,uncertain,no_pre_cry
2026-07-22_04-11-21.mp4,3.2,0.0045286896638572,,,,,,0.0,uncertain,uncertain
2026-07-10_16-28-47.mp4,,,,,,,,0.0,uncertain,uncertain
2026-07-13_20-18-54.mp4,5.8,0.0029181963764131,0.1331213353908848,,,,,0.0833333333333333,uncertain,uncertain
2026-07-10_17-03-27.mp4,2.0,0.0093441633507609,,,,,,0.0,uncertain,uncertain
2026-07-18_04-53-08.mp4,7.0,0.0011086361482739,0.2554997630551748,0.2676885761504832,-0.0121888130953084,,,0.75,uncertain,no_pre_cry
2026-07-10_13-40-02.mp4,3.2,0.0042087319307029,,,,,,0.0,uncertain,uncertain
2026-07-22_00-28-41.mp4,5.2,0.0078899087384343,0.0710330705667921,0.0568768982834974,0.0141561722832947,,,0.3333333333333333,uncertain,uncertain
2026-07-11_11-07-40.mp4,3.2,0.0008421390084549,,,,,,0.0,uncertain,uncertain
2026-07-13_09-31-38.mp4,4.0,0.0118380673229694,,,,,,0.0,uncertain,uncertain
2026-07-05_13-16-44.mp4,,,,,,,,0.0,no_pre_cry,uncertain
2026-07-23_15-44-29.mp4,,,,0.1329077925740377,,,,1.0,uncertain,uncertain
2026-07-07_02-57-58.mp4,,,,,,,,0.0,no_pre_cry,uncertain
2026-07-02_22-51-50.mp4,6.8,0.0025252767372876,,,,,,0.0,uncertain,uncertain
2026-07-04_03-13-55.mp4,4.0,0.001567032886669,,,,,,0.0,uncertain,uncertain
2026-07-07_04-50-27.mp4,,,,0.1325017641970699,,,,0.8333333333333334,uncertain,uncertain
2026-07-01_15-51-04.mp4,,,,0.0230114584211925,,,,0.1666666666666666,uncertain,uncertain
2026-07-11_23-37-30.mp4,1.0,0.0020064760465174,,0.0371961990569003,,,,0.3333333333333333,uncertain,uncertain
2026-07-06_18-05-54.mp4,,,,,,,,0.0,no_pre_cry,uncertain
2026-07-17_09-12-01.mp4,4.2,0.000659980578348,0.0892986848900446,0.0696680867476493,0.0196305981423953,,,0.9166666666666666,uncertain,uncertain
2026-07-08_10-35-09.mp4,,,,,,,,0.0,uncertain,uncertain
2026-07-09_21-52-38.mp4,,,,,,,,0.0,no_pre_cry,uncertain
2026-07-09_21-36-08.mp4,6.2,0.0028507160022854,0.0762317540673576,0.0534846990173632,0.0227470550499944,,,0.4166666666666667,uncertain,uncertain
2026-07-01_02-47-58.mp4,5.0,0.0018374158535152,,,,,,0.0,uncertain,uncertain
2026-07-11_13-24-12.mp4,,,,,,,,0.0,no_pre_cry,uncertain
2026-07-21_18-16-22.mp4,4.8,0.0029827025718986,,0.0270950642776709,,,,0.0833333333333333,uncertain,uncertain
2026-07-04_05-31-19.mp4,,,,,,,,0.0,uncertain,uncertain
2026-07-12_10-40-01.mp4,,,,0.0506464328380409,,,,1.0,no_pre_cry,uncertain
2026-07-21_08-23-51.mp4,,,,0.0654848103778239,,,,1.0,no_pre_cry,uncertain
2026-07-10_22-19-18.mp4,7.6,0.0006857435218989,,0.1225506724663763,,,,0.0833333333333333,uncertain,uncertain
2026-07-09_11-45-38.mp4,,,,,,,,0.0,no_pre_cry,uncertain
2026-07-06_18-05-42.mp4,3.6,0.0006707371212542,,0.0344067224216533,,,,0.1666666666666666,uncertain,uncertain
2026-07-06_00-37-30.mp4,,,,0.2163189093474473,,,,1.0,no_pre_cry,uncertain
2026-07-18_11-16-28.mp4,4.0,0.0138518856838345,0.0694926485231068,0.0966698442018222,-0.0271771956787153,,,0.75,uncertain,no_pre_cry
2026-07-20_23-48-21.mp4,2.8,0.037155732512474,,0.0563512638606846,,,,0.0833333333333333,uncertain,uncertain
2026-07-07_00-15-24.mp4,,,,0.0570918133664442,,,,0.8333333333333334,no_pre_cry,uncertain
2026-07-02_17-42-56.mp4,2.6,0.0093925148248672,,,,,,0.0,uncertain,uncertain
2026-07-17_15-33-39.mp4,,,,0.1991319902437483,,,,0.1666666666666666,no_pre_cry,uncertain
2026-07-08_09-55-09.mp4,,,,,,,,0.0,uncertain,uncertain
2026-07-11_17-22-30.mp4,,,,0.1532829459037501,,,,0.1666666666666666,uncertain,uncertain
2026-07-05_18-18-40.mp4,1.8,0.0126995490863919,,,,,,0.0,uncertain,uncertain
2026-07-19_17-41-34.mp4,,,,0.0799399467547071,,,,0.3333333333333333,no_pre_cry,uncertain
2026-07-25_02-00-33.mp4,,,,0.0975950389789378,,,,1.0,no_pre_cry,uncertain
2026-07-04_16-02-42.mp4,,,,,,,,0.0,no_pre_cry,uncertain
2026-07-20_00-43-05.mp4,6.4,0.0013639241224154,0.2348528119973921,0.2393282474502824,-0.0044754354528902,,,0.9166666666666666,uncertain,uncertain
2026-07-02_02-33-16.mp4,,,,,,,,0.0,no_pre_cry,uncertain
2026-07-23_19-23-06.mp4,,,,,,,,0.0,uncertain,uncertain
2026-07-14_11-49-39.mp4,,,,0.1312784843257731,,,,0.8333333333333334,no_pre_cry,uncertain
2026-07-09_05-48-00.mp4,,,,0.1678302337415134,,,,0.5,no_pre_cry,uncertain
2026-07-10_15-54-49.mp4,,,,,,,,0.0,uncertain,uncertain
2026-07-25_23-35-38.mp4,,,,0.0769457997905183,,,,0.8333333333333334,uncertain,uncertain
2026-07-10_12-46-08.mp4,,,,0.057360787563932,,,,0.1666666666666666,no_pre_cry,uncertain
2026-07-24_14-55-46.mp4,,,,0.1237400828524024,,,,0.8333333333333334,uncertain,uncertain
2026-07-10_11-03-04.mp4,,,,,,,,0.0,no_pre_cry,uncertain
2026-07-12_14-40-12.mp4,3.6,0.0037725293077528,0.2167571246410651,0.2203790857783251,-0.0036219611372599,,,0.75,uncertain,uncertain
2026-07-01_00-37-52.mp4,,,,0.0730416910298198,,,,0.3333333333333333,uncertain,uncertain
2026-07-07_01-16-35.mp4,2.8,0.0115046668797731,0.0539713501106612,,,,,0.0833333333333333,uncertain,uncertain
2026-07-11_08-44-47.mp4,6.4,0.001049646642059,0.0848788856503106,0.0508497234883105,0.034029162162,,,0.5833333333333334,uncertain,uncertain
2026-07-24_14-55-22.mp4,2.8,0.0016906341770663,0.1991217967124803,0.1665051906096042,0.032616606102876,,,1.0,uncertain,uncertain
2026-07-01_18-46-13.mp4,1.8,0.0267533455044031,0.0681207721608653,,,,,0.0909090909090909,uncertain,uncertain
2026-07-08_14-12-24.mp4,,,,,,,,0.0,no_pre_cry,uncertain
2026-07-15_10-12-55.mp4,,,,0.1049722486787102,,,,0.1666666666666666,no_pre_cry,uncertain
2026-07-11_18-06-13.mp4,,,,,,,,0.0,uncertain,uncertain
2026-07-25_20-16-28.mp4,,,,,,,,0.0,no_pre_cry,uncertain
2026-06-30_16-22-44.mp4,5.4,0.0013718955451622,0.0438655133991635,0.0605126310232514,-0.0166471176240879,,,0.4166666666666667,uncertain,no_pre_cry
2026-07-22_12-07-57.mp4,2.8,0.0124577526003122,,,,,,0.0,uncertain,uncertain
2026-07-02_02-53-28.mp4,,,,0.0694230480990081,,,,0.1666666666666666,no_pre_cry,uncertain
2026-07-04_17-58-51.mp4,6.0,0.002956194570288,,,,,,0.0,uncertain,uncertain
2026-06-30_15-22-11.mp4,1.2,0.0032433266751468,,,,,,0.0,uncertain,uncertain
2026-07-25_16-00-48.mp4,3.8,0.0036183625925332,0.2248005995896614,0.2059772998346307,0.0188232997550306,,,0.8333333333333334,uncertain,uncertain
2026-07-08_10-49-02.mp4,,,,,,,,0.0,no_pre_cry,uncertain
2026-07-09_14-53-30.mp4,,,,0.0828165328110875,,,,0.3333333333333333,uncertain,uncertain
2026-07-04_08-20-47.mp4,5.8,0.0018063146853819,,0.045087212349589,,,,0.0833333333333333,uncertain,uncertain
2026-07-07_07-31-43.mp4,,,,0.0896524808927086,,,,0.1666666666666666,uncertain,uncertain
2026-07-01_09-46-06.mp4,,,,0.0590840424230389,,,,0.3333333333333333,uncertain,uncertain
2026-07-05_12-53-08.mp4,1.2,0.0011912846239283,,,,,,0.0,uncertain,uncertain
2026-07-14_16-38-30.mp4,3.8,0.0013599783414974,0.084237216115942,0.0808483469326645,0.0033888691832775,,,0.75,uncertain,uncertain
2026-07-23_03-03-13.mp4,,,,0.0494529343940258,,,,0.1666666666666666,no_pre_cry,uncertain
2026-07-05_04-36-13.mp4,3.4,0.0003891048254445,0.129317663435531,0.1592579510340766,-0.0299402875985455,,,0.8333333333333334,uncertain,no_pre_cry
2026-07-04_12-37-03.mp4,,,,,,,,0.0,no_pre_cry,uncertain
2026-07-02_19-18-37.mp4,1.2,0.0018065752228721,0.2101580748767195,0.2021714611949934,0.007986613681726,,,0.8888888888888888,uncertain,uncertain
2026-07-17_23-07-54.mp4,3.4,0.0376831255853176,0.1572855469462686,0.2007741655866655,-0.0434886186403968,,,0.25,uncertain,no_pre_cry
2026-07-18_10-05-11.mp4,4.8,0.0012127483496442,0.0717322423335967,0.0682372397448778,0.0034950025887189,,,0.6666666666666666,uncertain,uncertain
2026-07-23_03-22-31.mp4,,,,0.0892328061717918,,,,0.3333333333333333,uncertain,uncertain
2026-07-02_18-28-32.mp4,3.0,0.0007505298708565,,,,,,0.0,uncertain,uncertain
2026-07-02_07-51-11.mp4,5.6,0.0154048958793282,,,,,,0.0,uncertain,uncertain
2026-07-06_21-04-58.mp4,6.8,0.0059278062544763,0.0882050298017084,0.089863780308354,-0.0016587505066456,,,0.3333333333333333,uncertain,uncertain
2026-07-15_13-14-23.mp4,5.2,0.0055163241922855,0.0925672891255513,,,,,0.1666666666666666,uncertain,uncertain
2026-07-01_01-30-53.mp4,1.2,0.0037451377138495,0.0437277158490043,0.0388605415198427,0.0048671743291615,,,0.8888888888888888,uncertain,uncertain
2026-07-19_17-54-27.mp4,6.4,0.0035142975393682,,,,,,0.0,uncertain,uncertain
2026-07-09_11-37-32.mp4,,,,,,,,0.0,no_pre_cry,uncertain
2026-07-07_17-24-49.mp4,2.2,0.0320309698581695,,,,,,0.0,uncertain,uncertain
2026-07-24_03-44-53.mp4,3.8,0.0062524485401809,0.0600771883183352,,,,,0.0833333333333333,uncertain,uncertain
2026-06-30_20-49-47.mp4,3.6,0.0031945654191076,0.0939018514518536,,,,,0.0833333333333333,uncertain,uncertain
2026-06-30_13-02-31.mp4,6.6,0.0247550345957279,0.0803133097303726,0.0499195988473213,0.0303937108830512,,,1.0,uncertain,uncertain
2026-07-25_16-01-24.mp4,,,,0.1749924919197747,,,,1.0,no_pre_cry,uncertain
2026-07-02_07-55-35.mp4,,,,0.0652356031742018,,,,0.5,uncertain,uncertain
2026-07-13_19-39-37.mp4,,,,,,,,0.0,uncertain,uncertain
2026-07-06_00-45-30.mp4,1.4,0.003597866743803,0.2129302165221051,0.202954079986334,0.009976136535771,,,0.2222222222222222,uncertain,uncertain
2026-07-04_03-52-32.mp4,2.4,0.0036080761346966,,,,,,0.0,uncertain,uncertain
2026-07-08_17-03-23.mp4,3.6,0.0008138681878335,0.2165630678995492,0.2110279377134222,0.005535130186127,,,0.75,uncertain,uncertain
2026-07-02_03-14-58.mp4,,,,,,,,0.0,no_pre_cry,uncertain
2026-07-03_22-48-40.mp4,5.6,0.0009273421019315,,0.0596032571455943,,,,0.0833333333333333,uncertain,uncertain
2026-07-13_07-22-54.mp4,,,,0.0845570740599189,,,,0.1666666666666666,uncertain,uncertain
2026-07-11_18-12-57.mp4,2.6,0.0030943793244659,0.1387660601687224,,,,,0.0833333333333333,uncertain,uncertain
2026-07-01_21-17-29.mp4,3.4,0.0106338178738951,0.0970111277585196,,,,,0.3333333333333333,uncertain,uncertain
2026-07-20_23-46-09.mp4,,,,0.0989593909460125,,,,0.6666666666666666,uncertain,uncertain
2026-07-13_23-17-58.mp4,5.2,0.0023822770453989,,0.0678943638844708,,,,0.0833333333333333,uncertain,uncertain
2026-07-24_23-31-47.mp4,2.0,0.0444798022508621,0.0912952960957484,0.094184917781744,-0.0028896216859956,,,1.0,uncertain,uncertain
2026-07-03_03-56-05.mp4,4.8,0.0040014088153839,,,,,,0.0,uncertain,uncertain
2026-07-11_12-18-45.mp4,,,,,,,,0.0,no_pre_cry,uncertain
2026-07-10_14-03-20.mp4,2.0,0.0008633831748738,0.1847209552268294,,,,,0.0833333333333333,uncertain,uncertain
2026-07-09_10-41-03.mp4,,,,,,,,0.0,no_pre_cry,uncertain
2026-07-25_14-22-55.mp4,2.8,0.0953821241855621,0.0522402819531516,0.0720677957418692,-0.0198275137887176,,,1.0,uncertain,no_pre_cry
2026-07-06_21-22-22.mp4,,,,0.043141380409134,,,,0.5,uncertain,uncertain
2026-07-24_11-45-06.mp4,,,,,,,,0.0,no_pre_cry,uncertain
2026-07-06_16-29-11.mp4,,,,0.0847778127123887,,,,0.1666666666666666,uncertain,uncertain
2026-07-23_17-06-46.mp4,,,,0.0609671743690443,,,,0.8333333333333334,uncertain,uncertain
2026-07-05_18-56-13.mp4,,,,,,,,0.0,no_pre_cry,uncertain
2026-07-01_21-56-46.mp4,5.6,0.0024971826933324,0.0907183237953217,0.0482741133371138,0.0424442104582079,,,1.0,uncertain,uncertain
2026-07-23_16-40-29.mp4,1.4,0.0014851940795779,0.0823317895876196,0.0823716320162803,-3.984242866073018e-05,,,1.0,uncertain,uncertain
2026-07-12_03-59-47.mp4,,,,0.0721160964723719,,,,0.1666666666666666,no_pre_cry,uncertain
2026-07-15_21-44-38.mp4,3.8,0.0076344101689755,,,,,,0.0,uncertain,uncertain
2026-07-02_18-35-50.mp4,,,,,,,,0.0,uncertain,uncertain
2026-07-23_00-47-14.mp4,6.6,0.0429723262786865,0.2060371825862204,0.1946112212248874,0.0114259613613329,,,1.0,uncertain,uncertain
2026-07-19_19-22-03.mp4,1.4,0.0010144235566258,0.213325218599188,0.1867185210647418,0.0266066975344461,,,0.8888888888888888,uncertain,uncertain
2026-07-24_14-13-23.mp4,6.4,0.030665073543787,,0.1283409499374301,,,,0.25,uncertain,uncertain
2026-07-05_11-13-21.mp4,,,,,,,,0.0,no_pre_cry,uncertain
2026-07-03_22-53-34.mp4,2.8,0.0013123219832777,0.1434047081465568,,,,,0.0833333333333333,uncertain,uncertain
2026-07-13_13-34-47.mp4,1.4,0.0073213186115026,,,,,,0.0,uncertain,uncertain
2026-07-16_16-13-04.mp4,4.0,0.0003787375462707,0.0692833574670522,0.146362655960305,-0.0770792984932527,,,0.25,uncertain,no_pre_cry
2026-07-03_19-56-06.mp4,,,,,,,,0.0,uncertain,uncertain
2026-07-18_04-52-56.mp4,3.0,0.0007739186403341,0.0712874144679893,0.0646535072931251,0.0066339071748641,,,0.75,uncertain,uncertain
2026-07-01_13-36-59.mp4,,,,,,,,0.0,no_pre_cry,uncertain
2026-07-12_14-45-48.mp4,1.0,0.0065844734199345,0.243557620407252,0.2119956164152659,0.031562003991986,,,1.0,uncertain,uncertain
2026-07-06_23-21-41.mp4,1.0,0.0087253460660576,0.0285138091325735,,,,,0.1111111111111111,uncertain,uncertain
2026-07-24_04-33-41.mp4,2.0,0.0016041686758399,,0.1173488717897667,,,,0.3333333333333333,uncertain,uncertain
2026-07-02_14-35-40.mp4,,,,0.0783946635606859,,,,0.5,no_pre_cry,uncertain
2026-07-07_11-19-29.mp4,1.6,0.0179480817168951,,,,,,0.0,uncertain,uncertain
2026-07-09_04-09-07.mp4,6.4,0.002545591443777,0.2457168831877033,0.2338132408659159,0.0119036423217873,,,0.8333333333333334,uncertain,uncertain
2026-07-08_15-56-47.mp4,,,,,,,,0.0,no_pre_cry,uncertain
2026-07-09_21-53-26.mp4,,,,0.0179834161532602,,,,1.0,no_pre_cry,uncertain
2026-07-14_13-59-38.mp4,,,,0.0905223768333122,,,,0.6666666666666666,uncertain,uncertain
2026-07-05_16-31-39.mp4,,,,,,,,0.0,uncertain,uncertain
2026-07-07_09-31-06.mp4,,,,,,,,0.0,no_pre_cry,uncertain
2026-07-14_12-07-03.mp4,2.4,0.000798717373982,0.0767436036385015,0.0324286759789099,0.0443149276595915,,,0.6666666666666666,uncertain,uncertain
2026-07-23_20-09-34.mp4,3.8,0.102277934551239,,0.1267358422140631,,,,0.0833333333333333,uncertain,uncertain
2026-07-14_07-03-24.mp4,,,,,,,,0.0,uncertain,uncertain
2026-07-19_23-42-48.mp4,,,,,,,,0.0,uncertain,uncertain
2026-07-09_21-31-02.mp4,,,,0.0517605719474489,,,,0.6666666666666666,no_pre_cry,uncertain
2026-07-05_05-53-41.mp4,,,,,,,,0.0,no_pre_cry,uncertain
2026-07-09_04-01-43.mp4,,,,0.0667698550879109,,,,0.6666666666666666,uncertain,uncertain
2026-07-07_07-27-49.mp4,6.2,0.0006918318686075,,0.0320933490824068,,,,0.0833333333333333,uncertain,uncertain
2026-07-23_19-57-08.mp4,,,,,,,,0.0,no_pre_cry,uncertain
2026-07-04_12-42-09.mp4,,,,0.0656591538896453,,,,0.6666666666666666,no_pre_cry,uncertain
2026-07-06_23-30-47.mp4,4.0,0.0099570425227284,,,,,,0.0,uncertain,uncertain
2026-07-03_03-55-29.mp4,,,,,,,,0.0,uncertain,uncertain
2026-06-30_16-32-20.mp4,4.0,0.0004255182866472,,,,,,0.0,uncertain,uncertain
2026-07-02_18-28-56.mp4,5.6,0.0006721740937791,,,,,,0.0,uncertain,uncertain
2026-07-15_12-38-41.mp4,,,,,,,,0.0,uncertain,uncertain
2026-07-04_01-43-23.mp4,1.6,0.0081665627658367,,,,,,0.0,uncertain,uncertain
2026-07-17_09-11-49.mp4,,,,0.0719642987349965,,,,0.8333333333333334,uncertain,uncertain
2026-07-01_15-58-34.mp4,,,,,,,,0.0,uncertain,uncertain
2026-07-10_04-23-38.mp4,,,,,,,,0.0,no_pre_cry,uncertain
2026-07-03_13-43-12.mp4,,,,,,,,0.0,no_pre_cry,uncertain
2026-07-17_20-41-15.mp4,6.6,0.0079554552212357,0.1011772106096475,0.106412351863084,-0.0052351412534365,,,0.5833333333333334,uncertain,uncertain
2026-07-20_00-44-41.mp4,,,,,,,,0.0,no_pre_cry,uncertain
2026-07-03_09-52-21.mp4,,,,,,,,0.0,no_pre_cry,uncertain
2026-07-10_01-39-39.mp4,,,,0.2266986425463013,,,,0.3333333333333333,no_pre_cry,uncertain
2026-07-18_17-59-54.mp4,3.2,0.0384844429790973,,,,,,0.0,uncertain,uncertain
2026-07-03_03-28-24.mp4,4.0,0.0024862575810402,,,,,,0.0,uncertain,uncertain
2026-07-20_23-49-21.mp4,,,,,,,,0.0,no_pre_cry,uncertain
2026-07-26_01-00-19.mp4,4.2,0.0139784580096602,0.0511253138519583,0.0623390937263576,-0.0112137798743993,,,1.0,uncertain,no_pre_cry
2026-07-04_12-45-45.mp4,1.4,0.002876401413232,,,,,,0.0,uncertain,uncertain
2026-07-03_23-01-16.mp4,5.8,0.0015298242215067,,0.0938678191689552,,,,0.0833333333333333,uncertain,uncertain
2026-07-02_20-32-55.mp4,2.8,0.0031612361781299,0.1617463232048836,0.1683822580272182,-0.0066359348223346,,,0.4166666666666667,uncertain,no_pre_cry
2026-07-06_20-15-47.mp4,,,,,,,,0.0,uncertain,uncertain
2026-07-16_22-59-19.mp4,2.6,0.0004138250660616,0.1500659289176313,,,,,0.0833333333333333,uncertain,uncertain
2026-07-02_00-53-19.mp4,3.8,0.0015509894583374,,,,,,0.0,uncertain,uncertain
2026-07-21_15-06-35.mp4,,,,0.0570948756069214,,,,0.6666666666666666,uncertain,uncertain
2026-07-22_23-21-03.mp4,2.6,0.0003198396298103,0.0699804895120453,0.0984997151606777,-0.0285192256486324,,,0.8333333333333334,uncertain,no_pre_cry
2026-07-21_23-58-54.mp4,2.4,0.0810499861836433,0.0888671692556159,0.054180396551067,0.0346867727045488,,,0.5,uncertain,uncertain
2026-07-04_23-45-09.mp4,4.2,0.0006313237827271,,,,,,0.0,uncertain,uncertain
2026-07-22_04-05-03.mp4,4.2,0.0021636288147419,0.1079530226487777,0.0533539264736542,0.0545990961751234,,,0.4166666666666667,uncertain,uncertain
2026-07-09_19-01-28.mp4,,,,0.1056073199973622,,,,1.0,uncertain,uncertain
2026-07-09_05-52-30.mp4,5.2,0.0038258901331573,,,,,,0.0,uncertain,uncertain
2026-07-22_13-33-09.mp4,,,,0.0654690850765287,,,,0.5,uncertain,uncertain
2026-07-12_03-18-47.mp4,,,,0.059489562932339,,,,0.8333333333333334,no_pre_cry,uncertain
2026-07-07_04-31-03.mp4,,,,0.0418511674895238,,,,0.5,uncertain,uncertain
2026-07-20_00-48-41.mp4,2.0,0.034983642399311,0.0764551013623154,0.0805940767927552,-0.0041389754304398,,,0.3333333333333333,uncertain,uncertain
2026-07-03_01-44-13.mp4,,,,,,,,0.0,no_pre_cry,uncertain
2026-07-11_10-53-10.mp4,5.8,0.0051844916306436,0.0716409489519042,0.0714386504050632,0.0002022985468409,,,0.3333333333333333,uncertain,uncertain
2026-07-21_01-03-14.mp4,7.0,0.0049938447773456,,0.0907556876750591,,,,0.0909090909090909,uncertain,uncertain
2026-07-25_12-47-02.mp4,5.8,0.037080880254507,0.1615187381270606,0.1459335623089104,0.0155851758181502,,,0.4166666666666667,uncertain,uncertain
2026-07-24_05-11-22.mp4,7.2,0.0276230070739984,0.1207426814521844,0.0777795445471253,0.042963136905059,,,0.3333333333333333,uncertain,uncertain
2026-07-16_20-17-15.mp4,5.6,0.0089118080213665,0.0450180600473428,0.0690988891158153,-0.0240808290684725,,,1.0,uncertain,no_pre_cry
2026-07-06_15-46-12.mp4,,,,,,,,0.0,no_pre_cry,uncertain
2026-07-21_23-55-36.mp4,,,,,,,,0.0,no_pre_cry,uncertain
2026-07-01_07-36-29.mp4,2.0,0.0487493500113487,0.115468636490361,,,,,0.0833333333333333,uncertain,uncertain
2026-07-14_05-45-10.mp4,5.6,0.0034580097999423,,,,,,0.0,uncertain,uncertain
2026-07-02_12-38-35.mp4,1.0,0.0023776893503963,0.1025733606259114,0.1025733606259114,0.0,,,0.1111111111111111,uncertain,uncertain
2026-07-13_19-42-54.mp4,2.2,0.0007993794861249,,,,,,0.0,uncertain,uncertain
2026-07-24_01-23-01.mp4,4.8,0.0017171883955597,0.1865556436563333,0.1162508650736919,0.0703047785826413,,,1.0,uncertain,uncertain
2026-07-23_19-18-44.mp4,1.6,0.0025367734488099,0.0456748325700399,0.0461429177481388,-0.0004680851780988,,,1.0,uncertain,uncertain
2026-07-08_14-17-12.mp4,2.2,0.0110404137521982,,0.1147742363884034,,,,0.0833333333333333,uncertain,uncertain
2026-07-05_16-31-27.mp4,4.0,0.0003565411025192,,,,,,0.0,uncertain,uncertain
2026-07-13_08-40-15.mp4,2.6,0.0351396575570106,0.0288639982198484,,,,,0.0833333333333333,uncertain,uncertain
2026-07-16_20-57-15.mp4,6.8,0.0078853713348507,,0.0956850129973494,,,,0.0833333333333333,uncertain,uncertain
2026-07-17_11-07-48.mp4,5.0,0.002784677548334,0.1055853264343905,0.053424391664241,0.0521609347701494,,,0.5,uncertain,uncertain
2026-07-07_11-26-11.mp4,3.4,0.0012526481878012,0.0909257198547358,0.1136812768298992,-0.0227555569751633,,,0.75,uncertain,no_pre_cry
2026-07-12_12-13-00.mp4,,,,,,,,0.0,no_pre_cry,uncertain
2026-07-23_16-02-59.mp4,,,,0.0316278257461679,,,,1.0,uncertain,uncertain
2026-07-10_14-25-19.mp4,2.4,0.0043399129062891,,,,,,0.0,uncertain,uncertain
2026-07-05_05-50-29.mp4,,,,0.0702566629849954,,,,0.1666666666666666,uncertain,uncertain
2026-07-18_11-10-04.mp4,,,,0.086608551400936,,,,0.6666666666666666,no_pre_cry,uncertain
2026-07-13_10-46-19.mp4,,,,,,,,0.0,no_pre_cry,uncertain
2026-07-04_23-44-21.mp4,6.2,0.0006890945369377,,,,,,0.0,uncertain,uncertain
2026-07-26_00-13-25.mp4,4.4,0.0642365217208862,0.1042529209360434,0.1881909086127862,-0.0839379876767427,,,0.9166666666666666,uncertain,no_pre_cry
2026-07-02_02-33-04.mp4,4.2,0.0047503914684057,,0.0378504638878157,,,,0.0833333333333333,uncertain,uncertain
2026-07-04_09-38-46.mp4,,,,,,,,0.0,uncertain,uncertain
2026-06-30_21-53-26.mp4,4.6,0.0146050350740551,0.0653575550038959,0.0715853555270478,-0.0062278005231518,,,0.5,uncertain,no_pre_cry
2026-07-21_15-20-59.mp4,4.8,0.0081408331170678,,0.1168865228475295,,,,0.4166666666666667,uncertain,uncertain
2026-07-16_10-22-27.mp4,2.2,0.0140056814998388,,0.0595415947649969,,,,0.25,uncertain,uncertain
2026-07-05_02-31-11.mp4,,,,,,,,0.0,no_pre_cry,uncertain
2026-07-24_07-26-21.mp4,,,,0.0719412899981475,,,,0.1666666666666666,uncertain,uncertain
2026-07-14_01-06-09.mp4,,,,0.0552578633443997,,,,0.1666666666666666,uncertain,uncertain
2026-07-07_07-31-31.mp4,2.8,0.0060791498981416,,,,,,0.0,uncertain,uncertain
2026-07-10_13-24-44.mp4,,,,,,,,0.0,uncertain,uncertain
2026-06-30_15-24-11.mp4,5.2,0.0035607642494142,,,,,,0.0,uncertain,uncertain
2026-07-18_05-06-14.mp4,4.4,0.0087093086913228,,0.1588089815721088,,,,0.25,uncertain,uncertain
2026-07-14_14-14-02.mp4,,,,0.0665657376225338,,,,0.8333333333333334,no_pre_cry,uncertain
2026-07-06_17-44-30.mp4,,,,,,,,0.0,uncertain,uncertain
2026-07-08_20-29-44.mp4,,,,,,,,0.0,uncertain,uncertain
2026-07-05_02-49-59.mp4,,,,,,,,0.0,uncertain,uncertain
2026-07-15_20-37-47.mp4,5.0,0.0067581860348582,,0.1071139871928207,,,,0.0833333333333333,uncertain,uncertain
2026-07-14_14-06-44.mp4,,,,,,,,0.0,uncertain,uncertain
2026-07-08_02-25-04.mp4,6.0,0.0545149110257625,0.083160218040673,0.2463925195850791,-0.1632323015444061,,,0.3333333333333333,uncertain,no_pre_cry
2026-07-24_01-19-25.mp4,4.4,0.0060444646514952,0.0623842225369054,0.0775251552898998,-0.0151409327529944,,,0.5833333333333334,uncertain,no_pre_cry
2026-07-09_01-51-08.mp4,2.8,0.000697960902471,0.0844697835679392,0.0741861404085518,0.0102836431593873,,,0.75,uncertain,uncertain
2026-07-02_14-15-52.mp4,2.6,0.008433423936367,0.0542360407633717,,,,,0.25,uncertain,uncertain
2026-07-08_21-43-41.mp4,,,,,,,,0.0,no_pre_cry,uncertain
2026-07-12_06-46-09.mp4,4.6,0.0030096650589257,0.0462437425342188,,,,,0.0833333333333333,uncertain,uncertain
2026-07-03_20-23-48.mp4,,,,0.0814596351163481,,,,0.1666666666666666,uncertain,uncertain
2026-07-24_02-27-00.mp4,5.6,0.0003471620730124,0.1185103240560383,0.1047665852700084,0.0137437387860298,,,0.75,uncertain,uncertain
2026-07-19_19-16-39.mp4,5.4,0.0003185785317327,0.0608140740527361,0.0900037582637083,-0.0291896842109722,,,0.4166666666666667,uncertain,no_pre_cry
2026-07-17_20-25-51.mp4,2.6,0.0148937655612826,0.1069068787603221,0.0639388506570279,0.0429680281032941,,,0.8333333333333334,uncertain,uncertain
2026-07-10_15-10-25.mp4,,,,,,,,0.0,no_pre_cry,uncertain
2026-07-02_14-42-40.mp4,,,,0.0727683732269584,,,,0.3333333333333333,no_pre_cry,uncertain
2026-07-23_09-09-15.mp4,,,,0.0771346434632179,,,,0.8333333333333334,uncertain,uncertain
2026-07-04_16-55-48.mp4,1.4,0.0061618336476385,0.2341091521711849,0.230866434380557,0.0032427177906278,,,0.5555555555555556,uncertain,uncertain
2026-07-01_21-34-10.mp4,5.6,0.0028490480035543,0.1038193633765883,0.0851703000131166,0.0186490633634717,,,0.9166666666666666,uncertain,uncertain
2026-07-16_12-30-44.mp4,2.2,0.0470479577779769,0.1101932193263878,,,,,0.1666666666666666,uncertain,uncertain
2026-07-23_00-51-32.mp4,5.6,0.0047295782715082,0.2093923770157853,0.1926474358260826,0.0167449411897027,,,0.75,uncertain,uncertain
2026-07-18_17-59-42.mp4,5.2,0.176041379570961,0.0655416491868227,0.1362300129449244,-0.0706883637581016,,,0.5833333333333334,uncertain,uncertain
2026-07-21_12-46-37.mp4,2.6,0.0014450391754508,0.0734720692375874,0.0776452715858554,-0.0041732023482679,,,0.5833333333333334,uncertain,uncertain
2026-07-22_15-16-13.mp4,,,,0.1744844142609302,,,,0.5,no_pre_cry,uncertain
2026-07-26_00-13-37.mp4,6.0,0.1460159420967102,0.1039522949545701,0.0962006676622886,0.0077516272922815,,,0.8333333333333334,uncertain,uncertain
2026-07-25_13-51-44.mp4,,,,0.0207599548485083,,,,0.1666666666666666,uncertain,uncertain
2026-07-09_20-04-33.mp4,2.8,0.0005500685074366,,,,,,0.0,uncertain,uncertain
2026-07-22_01-44-16.mp4,1.4,0.0478394329547882,0.1473258705157432,0.1490793814980726,-0.0017535109823293,,,0.5555555555555556,uncertain,uncertain
2026-07-01_21-21-29.mp4,4.8,0.0357586331665515,0.0925517735066644,0.0837124479651703,0.008839325541494,,,0.5,uncertain,uncertain
2026-07-01_18-55-01.mp4,2.0,0.0037203282117843,0.1124074219514375,0.1025341503641559,0.0098732715872816,,,0.3333333333333333,uncertain,uncertain
2026-07-08_17-27-29.mp4,,,,,,,,0.0,uncertain,uncertain
2026-07-07_02-08-22.mp4,2.8,0.0035367347300052,,,,,,0.0,uncertain,uncertain
2026-07-16_22-17-08.mp4,,,,,,,,0.0,uncertain,uncertain
2026-07-06_15-33-00.mp4,5.8,0.002588523318991,,,,,,0.0,uncertain,uncertain
2026-07-13_14-19-05.mp4,,,,0.0525344842901679,,,,0.3333333333333333,uncertain,uncertain
2026-07-17_20-39-03.mp4,,,,0.0759238484132548,,,,0.8333333333333334,uncertain,uncertain
2026-06-30_18-52-59.mp4,,,,,,,,0.0,uncertain,uncertain
2026-07-22_12-08-21.mp4,1.2,0.0073246327228844,0.1215969742271885,0.1379382069691194,-0.0163412327419309,,,1.0,uncertain,no_pre_cry
2026-07-03_01-14-07.mp4,,,,,,,,0.0,no_pre_cry,uncertain
2026-07-09_16-17-47.mp4,4.2,0.0027094651013612,0.2666607453600825,0.269670915774384,-0.0030101704143015,,,0.6666666666666666,uncertain,uncertain
2026-07-26_00-09-07.mp4,2.4,0.0009782637935131,0.1613575158092587,0.1878798764406741,-0.0265223606314154,,,0.3333333333333333,uncertain,no_pre_cry
2026-07-14_17-57-56.mp4,1.8,0.0020507406443357,0.0832524111546972,,,,,0.0909090909090909,uncertain,uncertain
2026-07-09_19-00-04.mp4,1.0,0.0191661175340414,0.0665462286111388,0.0760578629382861,-0.0095116343271473,,,1.0,uncertain,no_pre_cry
2026-07-02_19-08-01.mp4,5.0,0.0011844299733638,0.2224512451190504,,,,,0.1666666666666666,uncertain,uncertain
2026-07-18_15-40-44.mp4,1.0,0.0207933634519577,0.2113542320096578,0.1832698314425885,0.0280844005670692,,,1.0,uncertain,uncertain
2026-07-19_17-59-15.mp4,,,,0.0731721773428547,,,,0.5,uncertain,uncertain
2026-07-07_07-21-55.mp4,,,,,,,,0.0,no_pre_cry,uncertain
2026-07-09_23-40-11.mp4,1.4,0.0108487093821167,,,,,,0.0,uncertain,uncertain
2026-07-02_09-00-00.mp4,,,,0.0566817341720551,,,,0.1666666666666666,no_pre_cry,uncertain
2026-07-18_15-23-02.mp4,,,,0.0700567514544236,,,,0.6666666666666666,uncertain,uncertain
2026-07-19_17-23-40.mp4,,,,0.0619708842268678,,,,0.8333333333333334,uncertain,uncertain
2026-07-06_18-30-24.mp4,,,,,,,,0.0,uncertain,uncertain
2026-07-14_22-14-14.mp4,4.6,0.014394324272871,0.0236150450052236,0.023164245742018,0.0004507992632056,,,1.0,uncertain,uncertain
2026-07-10_12-34-39.mp4,2.2,0.0053877043537795,0.0392085462854473,0.0692236490227058,-0.0300151027372584,,,0.1666666666666666,uncertain,no_pre_cry
2026-07-10_22-26-00.mp4,,,,0.1820175365527989,,,,0.3333333333333333,uncertain,uncertain
2026-07-03_23-11-22.mp4,,,,,,,,0.0,no_pre_cry,uncertain
2026-07-21_01-14-50.mp4,2.0,0.0046025021001696,0.0879694090546005,0.0906108602991733,-0.0026414512445727,,,0.6666666666666666,uncertain,uncertain
2026-07-25_20-25-22.mp4,2.2,0.0223238077014684,0.0819518182156546,0.0488275434825249,0.0331242747331297,,,0.75,uncertain,uncertain
2026-07-05_16-58-24.mp4,,,,0.089391748980312,,,,0.5,no_pre_cry,uncertain
2026-07-08_00-53-53.mp4,,,,,,,,0.0,uncertain,uncertain
2026-07-16_16-25-22.mp4,2.8,0.0108734108507633,0.0423057260112404,0.0980615462777457,-0.0557558202665052,,,0.3333333333333333,uncertain,no_pre_cry
2026-07-02_02-11-04.mp4,6.4,0.0026274332776665,,,,,,0.0,uncertain,uncertain
2026-07-18_17-56-18.mp4,2.6,0.0173484850674867,0.0903056859884458,0.1172783043086141,-0.0269726183201683,,,0.5833333333333334,uncertain,no_pre_cry
2026-07-14_20-36-12.mp4,,,,0.052613333377246,,,,0.5,no_pre_cry,uncertain
2026-07-17_23-08-18.mp4,7.0,0.1057675704360008,0.0948121000129111,0.0491962405968393,0.0456158594160717,,,0.1666666666666666,uncertain,uncertain
2026-07-13_01-43-39.mp4,3.8,0.0049325241707265,,0.1006209873906335,,,,0.25,uncertain,uncertain
2026-07-18_11-47-52.mp4,6.6,0.000258200103417,0.0928469416007365,0.0707405902907808,0.0221063513099557,,,0.3333333333333333,uncertain,uncertain
2026-07-26_00-08-43.mp4,,,,0.0980571373762768,,,,0.1666666666666666,uncertain,uncertain
2026-07-23_17-58-28.mp4,5.6,0.0021122521720826,,,,,,0.0,uncertain,uncertain
2026-07-03_03-35-12.mp4,7.4,0.0029711173847317,0.0495498088848643,0.0534517821068899,-0.0039019732220256,,,0.9166666666666666,uncertain,uncertain
2026-07-15_13-07-41.mp4,,,,0.0757532574858986,,,,1.0,no_pre_cry,uncertain
2026-07-17_20-40-39.mp4,1.0,0.0379550233483314,0.1076993253039477,0.105774601777812,0.0019247235261357,,,0.7777777777777778,uncertain,uncertain
2026-07-15_15-58-56.mp4,2.2,0.0038802057970315,,,,,,0.0,uncertain,uncertain
2026-07-05_08-50-28.mp4,2.4,0.0014376600738614,,,,,,0.0,uncertain,uncertain
2026-07-03_03-39-24.mp4,2.2,0.0008168529602698,0.069093430793092,0.0768663069492307,-0.0077728761561386,,,0.8333333333333334,uncertain,no_pre_cry
2026-07-11_10-00-22.mp4,,,,,,,,0.0,no_pre_cry,uncertain
2026-07-14_13-37-38.mp4,,,,0.0190050285568938,,,,0.1666666666666666,uncertain,uncertain
2026-06-30_18-30-25.mp4,3.4,0.0004799359012395,,,,,,0.0,uncertain,uncertain
2026-07-11_04-44-38.mp4,,,,,,,,0.0,no_pre_cry,uncertain
2026-07-12_14-47-24.mp4,,,,0.2484499599298837,,,,0.8333333333333334,uncertain,uncertain
2026-07-01_18-53-37.mp4,4.2,0.0024370793253183,,,,,,0.0,uncertain,uncertain
2026-07-08_14-12-00.mp4,,,,,,,,0.0,no_pre_cry,uncertain
2026-07-18_05-08-44.mp4,4.4,0.0733991712331771,0.0376672345848001,0.1359457689517672,-0.098278534366967,,,0.25,uncertain,no_pre_cry
2026-07-04_02-22-10.mp4,5.4,0.0020763552747666,,,,,,0.0,uncertain,uncertain
2026-07-03_07-15-10.mp4,,,,0.0383373548943002,,,,1.0,no_pre_cry,uncertain
2026-06-30_16-17-56.mp4,,,,,,,,0.0,no_pre_cry,uncertain
2026-07-06_21-33-04.mp4,1.0,0.0092896148562431,,,,,,0.0,uncertain,uncertain
2026-07-11_01-22-34.mp4,,,,,,,,0.0,uncertain,uncertain
2026-07-05_04-52-37.mp4,6.4,0.029086286202073,,,,,,0.0,uncertain,uncertain
2026-07-03_01-36-37.mp4,,,,0.1582213672437268,,,,0.8333333333333334,no_pre_cry,uncertain
2026-07-12_16-07-11.mp4,4.4,0.0129601107910275,,,,,,0.0,uncertain,uncertain
2026-07-13_10-57-19.mp4,,,,0.0232404803640066,,,,0.1666666666666666,uncertain,uncertain
2026-07-12_03-16-29.mp4,5.8,0.0100098373368382,0.1225108403336497,0.083978149152976,0.0385326911806737,,,0.5833333333333334,uncertain,uncertain
2026-07-03_08-55-57.mp4,5.0,0.0014478601515293,,,,,,0.0,uncertain,uncertain
2026-07-17_22-04-36.mp4,,,,0.1483217191218862,,,,0.3333333333333333,uncertain,uncertain
2026-07-13_08-44-02.mp4,,,,,,,,0.0,uncertain,uncertain
2026-07-01_01-48-17.mp4,6.6,0.0072352229617536,0.0309700895432716,0.0312156732556474,-0.0002455837123757,,,0.1666666666666666,uncertain,uncertain
2026-07-26_04-09-23.mp4,5.0,0.0052883797325193,0.1404700063113909,0.1133557849723572,0.0271142213390337,,,0.5,uncertain,uncertain
2026-07-01_06-40-17.mp4,4.4,0.0008261001785285,0.0398821384547498,,,,,0.0833333333333333,uncertain,uncertain
2026-06-30_15-23-35.mp4,4.8,0.0040051350370049,0.0447978021065511,,,,,0.0833333333333333,uncertain,uncertain
2026-07-13_23-17-34.mp4,,,,0.0452939102984789,,,,0.1666666666666666,uncertain,uncertain
2026-07-20_12-28-25.mp4,,,,0.1385412921447186,,,,0.5,uncertain,uncertain
2026-06-30_20-46-11.mp4,1.2,0.0052875243127346,,,,,,0.0,uncertain,uncertain
2026-07-11_21-09-37.mp4,2.4,0.0159775298088789,0.0529353413696552,0.0532211927816381,-0.0002858514119829,,,0.5,uncertain,uncertain
2026-07-20_12-33-37.mp4,4.0,0.0061495234258472,0.2209757482062174,0.2167058249536914,0.0042699232525259,,,0.5833333333333334,uncertain,uncertain
2026-07-20_04-50-51.mp4,3.6,0.0003313696070108,0.1182542725288869,,,,,0.1666666666666666,uncertain,uncertain
2026-07-23_16-02-35.mp4,2.0,0.0048754750750958,0.0515852326990746,0.0586985938518997,-0.0071133611528251,,,0.9166666666666666,uncertain,no_pre_cry
2026-07-03_12-14-55.mp4,,,,,,,,0.0,uncertain,uncertain
2026-07-06_21-30-28.mp4,,,,,,,,0.0,uncertain,uncertain
2026-07-07_14-17-09.mp4,3.0,0.0013985483674332,0.0971213775479015,0.0913777278689275,0.0057436496789739,,,0.5833333333333334,uncertain,uncertain
2026-07-17_15-54-51.mp4,,,,0.0578178791370131,,,,0.5,uncertain,uncertain
2026-07-13_13-31-36.mp4,3.2,0.037183154374361,0.0911572668469211,,,,,0.1666666666666666,uncertain,uncertain
2026-07-08_16-37-17.mp4,,,,,,,,0.0,uncertain,uncertain
2026-07-05_15-21-04.mp4,,,,0.2137137519883348,,,,0.1666666666666666,no_pre_cry,uncertain
2026-07-26_03-57-17.mp4,,,,0.0992957075679939,,,,0.3333333333333333,uncertain,uncertain
2026-07-07_14-13-57.mp4,4.4,0.0011376120382919,0.086001372665682,0.1077222661724149,-0.0217208935067329,,,0.5833333333333334,uncertain,no_pre_cry
2026-07-05_15-39-34.mp4,,,,,,,,0.0,no_pre_cry,uncertain
2026-07-10_14-03-56.mp4,,,,0.193465010676494,,,,0.6666666666666666,no_pre_cry,uncertain
2026-07-18_07-28-25.mp4,2.8,0.0076094297692179,,,,,,0.0,uncertain,uncertain
2026-07-07_21-16-18.mp4,4.0,0.0002722405188251,,,,,,0.0,uncertain,uncertain
2026-07-17_22-12-51.mp4,2.6,0.007555607240647,,,,,,0.0,uncertain,uncertain
2026-07-17_02-44-17.mp4,6.8,0.0084420656785368,0.148036505958597,,,,,0.25,uncertain,uncertain
2026-07-13_07-22-30.mp4,2.2,0.0006785512086935,0.1033796303326199,,,,,0.3333333333333333,uncertain,uncertain
2026-07-12_02-06-24.mp4,3.8,0.006561305373907,,0.1885550446595278,,,,0.25,uncertain,uncertain
2026-07-23_15-44-53.mp4,1.8,0.0023296135477721,0.1142011594018069,0.11654451325321,-0.0023433538514031,,,0.8181818181818182,uncertain,uncertain
2026-07-04_06-38-31.mp4,,,,,,,,0.0,uncertain,uncertain
2026-07-03_19-52-06.mp4,,,,0.0734773594676371,,,,1.0,uncertain,uncertain
2026-07-03_03-31-12.mp4,,,,0.0507773529893444,,,,0.6666666666666666,no_pre_cry,uncertain
2026-07-06_07-11-37.mp4,,,,0.1096218340434965,,,,0.1666666666666666,uncertain,uncertain
2026-07-15_23-38-39.mp4,6.8,0.0038441049400717,0.0923479209682964,0.0379423987321506,0.0544055222361458,,,0.1666666666666666,uncertain,uncertain
2026-07-22_10-45-46.mp4,4.8,0.0064444625750184,0.0922268926469528,,,,,0.3333333333333333,uncertain,uncertain
2026-07-23_13-03-19.mp4,,,,0.129357125906796,,,,1.0,uncertain,uncertain
2026-07-24_19-30-31.mp4,5.4,0.0010073690209537,0.0494318137844161,0.0640260256859958,-0.0145942119015796,,,0.5,uncertain,no_pre_cry
2026-07-12_14-35-30.mp4,7.4,0.0028957752510905,0.1899166443129527,0.2154983461316904,-0.0255817018187376,,,0.8333333333333334,uncertain,no_pre_cry
2026-07-06_21-31-52.mp4,5.6,0.0019150440348312,0.0272769472429112,0.1692787804615173,-0.142001833218606,,,0.3333333333333333,uncertain,no_pre_cry
2026-07-11_13-29-12.mp4,2.8,0.0017324265791103,0.1474335540488136,,,,,0.0833333333333333,uncertain,uncertain
2026-06-30_18-27-25.mp4,6.0,0.0027609604876488,,,,,,0.0,uncertain,uncertain
2026-07-13_18-39-25.mp4,3.8,0.0245091747492551,0.0372137723327776,0.0308145200558126,0.006399252276965,,,0.6666666666666666,uncertain,uncertain
2026-07-26_00-10-31.mp4,1.8,0.0018061477458104,0.244646500630886,0.2157049499615509,0.0289415506693351,,,0.9090909090909092,uncertain,uncertain
2026-07-06_23-36-24.mp4,1.8,0.0022180194500833,0.0468447530186774,0.0678196392464195,-0.020974886227742,,,0.6363636363636364,uncertain,no_pre_cry
2026-07-12_12-13-12.mp4,,,,0.033691139270703,,,,0.1666666666666666,no_pre_cry,uncertain
2026-07-03_06-03-17.mp4,,,,0.0355524262973146,,,,0.5,no_pre_cry,uncertain
2026-07-11_15-43-11.mp4,4.2,0.002491314895451,,0.1529653120715053,,,,0.1666666666666666,uncertain,uncertain
2026-07-15_07-30-38.mp4,2.4,0.0005922212149016,0.1075455231881587,,,,,0.0833333333333333,uncertain,uncertain
2026-07-17_13-07-05.mp4,,,,0.0483287345816056,,,,0.5,uncertain,uncertain
2026-07-02_16-59-45.mp4,2.6,0.0162179134786129,,,,,,0.0,uncertain,uncertain
2026-07-13_02-09-27.mp4,5.6,8.085807348834351e-05,,,,,,0.0,uncertain,uncertain
2026-07-07_14-04-09.mp4,3.2,0.0013170406455174,0.1271774227123739,0.0997598786853944,0.0274175440269795,,,0.5,uncertain,uncertain
2026-07-01_18-49-55.mp4,3.0,0.0004151226312387,,0.0269002302558906,,,,0.4166666666666667,uncertain,uncertain
2026-07-09_20-15-51.mp4,4.6,0.0010101464577019,,,,,,0.0,uncertain,uncertain
2026-07-23_12-35-13.mp4,5.8,0.0008170747314579,0.156813241868002,0.1301138775783247,0.0266993642896773,,,1.0,uncertain,uncertain
2026-07-17_00-20-43.mp4,5.4,0.0006033079116605,0.0684131979752836,0.080348268452632,-0.0119350704773484,,,0.3333333333333333,uncertain,no_pre_cry
2026-07-16_18-30-23.mp4,3.0,0.0030868733301758,,,,,,0.0,uncertain,uncertain
2026-07-02_07-03-45.mp4,2.0,0.0011766707757487,,,,,,0.0,uncertain,uncertain
2026-07-20_22-59-03.mp4,2.0,0.001410013413988,0.1061039270466646,0.1016651615794073,0.0044387654672572,,,0.75,uncertain,uncertain
2026-07-10_18-26-44.mp4,,,,0.0806368599274529,,,,0.8333333333333334,uncertain,uncertain
2026-07-15_22-32-31.mp4,4.2,0.0118988649919629,0.1226339196661454,0.0647992983383241,0.0578346213278213,,,0.3333333333333333,uncertain,uncertain
2026-07-04_23-40-57.mp4,,,,,,,,0.0,uncertain,uncertain
2026-07-18_19-55-35.mp4,,,,0.2513760042956955,,,,0.6666666666666666,uncertain,uncertain
2026-07-10_13-28-44.mp4,2.4,0.0067760474048554,0.1836230714505722,0.0925072296945687,0.0911158417560034,,,0.5,uncertain,uncertain
2026-07-18_22-01-22.mp4,,,,,,,,0.0,no_pre_cry,uncertain
2026-07-01_18-47-14.mp4,7.4,0.0039268708787858,,,,,,0.0,uncertain,uncertain
2026-07-04_00-57-17.mp4,4.4,0.0015328901354223,0.0926322296928598,0.0912551235520463,0.0013771061408134,,,0.25,uncertain,uncertain
2026-07-26_02-34-48.mp4,2.2,0.0007311032968573,,0.0865218444751933,,,,0.0833333333333333,uncertain,uncertain
2026-07-01_21-15-23.mp4,1.8,0.0044207936152815,,,,,,0.0,uncertain,uncertain
2026-07-18_21-51-58.mp4,3.4,0.0002967001346405,,,,,,0.0,uncertain,uncertain
2026-07-05_04-55-37.mp4,,,,,,,,0.0,uncertain,uncertain
2026-07-16_20-53-09.mp4,2.6,0.0021095995325595,0.0491273223730782,0.0736599578638482,-0.02453263549077,,,0.8333333333333334,uncertain,no_pre_cry
2026-07-05_11-00-03.mp4,,,,0.1118017287546769,,,,0.1666666666666666,no_pre_cry,uncertain
2026-07-01_17-31-02.mp4,3.0,0.0063663842156529,0.0392744576294215,0.0536005041483538,-0.0143260465189323,,,0.6666666666666666,uncertain,no_pre_cry
2026-07-07_07-01-31.mp4,,,,,,,,0.0,uncertain,uncertain
2026-07-23_16-28-05.mp4,4.2,0.0013173918705433,0.1438016785800678,0.1161082613037555,0.0276934172763123,,,1.0,uncertain,uncertain
2026-07-02_07-54-17.mp4,,,,0.0240856624979267,,,,0.1666666666666666,uncertain,uncertain
2026-07-19_14-51-07.mp4,,,,0.1111269625521395,,,,1.0,uncertain,uncertain
2026-07-12_04-10-53.mp4,,,,,,,,0.0,no_pre_cry,uncertain
2026-07-10_05-12-43.mp4,,,,,,,,0.0,uncertain,uncertain
2026-07-01_20-10-01.mp4,2.0,0.0045710210688412,,,,,,0.0,uncertain,uncertain
2026-07-14_05-51-25.mp4,1.8,0.0180340651422739,0.0395207640372466,0.0657941633220099,-0.0262733992847633,,,0.4545454545454545,uncertain,no_pre_cry
2026-07-15_22-29-31.mp4,5.4,0.0018596134614199,0.1013074071755021,,,,,0.3333333333333333,uncertain,uncertain
2026-07-05_04-36-01.mp4,,,,0.1391051327778441,,,,1.0,uncertain,uncertain
2026-07-19_12-38-50.mp4,,,,,,,,0.0,no_pre_cry,uncertain
2026-07-05_19-59-35.mp4,,,,,,,,0.0,no_pre_cry,uncertain
2026-07-14_20-32-42.mp4,6.6,0.0103733344003558,,,,,,0.0,uncertain,uncertain
2026-07-09_21-47-14.mp4,,,,,,,,0.0,no_pre_cry,uncertain
2026-07-23_16-44-16.mp4,,,,,,,,0.0,uncertain,uncertain
2026-07-22_13-22-21.mp4,,,,0.0731456651854905,,,,0.6666666666666666,uncertain,uncertain
2026-07-09_03-08-07.mp4,5.4,0.08397027105093,,,,,,0.0,uncertain,uncertain
2026-07-25_20-20-22.mp4,3.2,0.0276982393115758,0.0657645249359378,0.0691642486771216,-0.0033997237411837,,,0.5,uncertain,uncertain
2026-07-15_19-37-36.mp4,1.0,0.0105923544615507,0.1060355432043655,,,,,0.1111111111111111,uncertain,uncertain
2026-07-09_20-01-45.mp4,,,,0.1646137025789089,,,,0.3333333333333333,uncertain,uncertain
2026-07-22_11-43-22.mp4,,,,,,,,0.0,uncertain,uncertain
2026-07-09_20-02-57.mp4,,,,,,,,0.0,uncertain,uncertain
2026-07-04_03-22-25.mp4,,,,,,,,0.0,uncertain,uncertain
2026-07-02_15-31-57.mp4,2.2,0.0014473707415163,,,,,,0.0,uncertain,uncertain
2026-07-14_13-36-26.mp4,,,,,,,,0.0,no_pre_cry,uncertain
2026-07-09_21-36-20.mp4,,,,0.0902993690543326,,,,0.1666666666666666,uncertain,uncertain
2026-07-16_10-22-03.mp4,5.6,0.0047582336701452,0.0914395919855176,0.0676055956467726,0.0238339963387449,,,0.25,uncertain,uncertain
2026-07-06_02-56-10.mp4,1.2,0.0009141279733739,,,,,,0.0,uncertain,uncertain
2026-07-09_17-21-46.mp4,,,,0.0604108688515659,,,,0.5,uncertain,uncertain
2026-07-19_01-51-55.mp4,2.0,0.010761059820652,,,,,,0.0,uncertain,uncertain
2026-07-02_20-42-13.mp4,6.8,0.0032756763976067,0.0877746846707948,,,,,0.0833333333333333,uncertain,uncertain
2026-07-04_03-25-20.mp4,1.6,0.0214155949652194,,,,,,0.0,uncertain,uncertain
2026-07-20_04-27-15.mp4,,,,,,,,0.0,no_pre_cry,uncertain
2026-07-12_12-19-54.mp4,,,,0.1061529318073806,,,,0.3333333333333333,no_pre_cry,uncertain
2026-07-25_19-46-16.mp4,1.2,0.0105269001796841,0.0913669384921583,0.0991861560900073,-0.007819217597849,,,0.3333333333333333,uncertain,no_pre_cry
2026-07-09_19-57-21.mp4,1.2,0.0028937852475792,0.0764588869256168,0.0964312896907324,-0.0199724027651155,,,0.8888888888888888,uncertain,no_pre_cry
2026-07-19_11-28-51.mp4,6.2,0.0761486068367958,0.072112864350083,0.0847787384532419,-0.0126658741031588,,,0.6666666666666666,uncertain,no_pre_cry
2026-07-02_08-35-48.mp4,,,,,,,,0.0,no_pre_cry,uncertain
2026-07-13_16-37-51.mp4,,,,0.0593244060507426,,,,0.1666666666666666,no_pre_cry,uncertain
2026-07-08_07-21-17.mp4,,,,0.1151008400045548,,,,0.1666666666666666,no_pre_cry,uncertain
2026-07-26_04-40-05.mp4,6.8,0.0039183059707283,,0.1458214617527246,,,,0.0833333333333333,uncertain,uncertain
2026-07-25_12-45-38.mp4,,,,0.0718089035118657,,,,0.6666666666666666,uncertain,uncertain
2026-07-04_23-49-57.mp4,3.8,0.0017498001689091,,,,,,0.0,uncertain,uncertain
2026-07-26_04-02-53.mp4,4.2,0.0031388318166136,0.0781385679220303,0.1038754862057929,-0.0257369182837625,,,0.6666666666666666,uncertain,no_pre_cry
2026-07-14_16-32-12.mp4,6.0,0.0024459662381559,0.0945403449712308,0.0769119454719036,0.0176283994993272,,,0.6666666666666666,uncertain,uncertain
2026-07-19_10-02-14.mp4,5.6,0.1002141311764717,0.1236925277066784,,,,,0.0833333333333333,uncertain,uncertain
2026-07-12_08-46-38.mp4,,,,,,,,0.0,uncertain,uncertain
2026-07-22_02-04-28.mp4,,,,0.1361170680571176,,,,0.5,no_pre_cry,uncertain
2026-07-26_02-27-30.mp4,,,,,,,,0.0,no_pre_cry,uncertain
2026-07-04_18-00-51.mp4,,,,,,,,0.0,no_pre_cry,uncertain
2026-07-17_12-48-23.mp4,4.6,0.0022918558679521,,0.0817271681020486,,,,0.0833333333333333,uncertain,uncertain
2026-07-26_04-31-17.mp4,7.0,0.0043657426722347,0.0440044663677849,0.0935482523946528,-0.0495437860268678,,,0.5833333333333334,uncertain,no_pre_cry
2026-07-06_11-44-53.mp4,6.8,0.0264046024531126,,0.0383676315172688,,,,0.0833333333333333,uncertain,uncertain
2026-07-09_06-37-35.mp4,,,,0.0960464905135223,,,,0.5,uncertain,uncertain
2026-07-14_18-09-25.mp4,6.4,0.0090536633506417,,0.0394489185237897,,,,0.0833333333333333,uncertain,uncertain
2026-07-22_00-11-59.mp4,5.6,0.0026943935081362,0.0335013271881672,0.0508487859520545,-0.0173474587638872,,,0.4166666666666667,uncertain,no_pre_cry
2026-07-05_10-30-19.mp4,5.0,0.0017063411651179,0.1117051133741231,,,,,0.0833333333333333,uncertain,uncertain
2026-07-04_01-31-11.mp4,3.6,0.0031916303560137,,,,,,0.0,uncertain,uncertain
2026-07-08_07-26-34.mp4,,,,0.0845305223807337,,,,1.0,no_pre_cry,uncertain
2026-07-25_03-42-50.mp4,6.6,0.0060202456079423,0.2420031055529962,0.2594912457934907,-0.0174881402404944,,,1.0,uncertain,no_pre_cry
2026-07-22_21-05-30.mp4,,,,,,,,0.0,no_pre_cry,uncertain
2026-06-30_13-03-07.mp4,6.2,0.003076194319874,0.069866735272117,0.0953485606541312,-0.0254818253820141,,,0.75,uncertain,no_pre_cry
2026-07-20_19-58-35.mp4,1.0,0.0037621743977069,0.0443801353782071,0.0413348380734054,0.0030452973048016,,,0.3333333333333333,uncertain,uncertain
2026-07-18_07-27-37.mp4,6.6,0.0020213162060827,0.0588391970926924,0.0533786276188379,0.0054605694738544,,,1.0,uncertain,uncertain
2026-07-23_13-02-07.mp4,7.0,0.0049470914527773,0.1632845503311327,0.213605713330967,-0.0503211629998343,,,0.8333333333333334,uncertain,no_pre_cry
2026-07-06_00-20-48.mp4,6.2,0.0045039863325655,0.0877985766178629,0.0671775152349592,0.0206210613829037,,,0.6666666666666666,uncertain,uncertain
2026-07-04_01-34-11.mp4,5.6,0.0023579292465001,0.0585941893106175,0.0667434059834658,-0.0081492166728483,,,1.0,uncertain,no_pre_cry
2026-07-04_03-53-20.mp4,2.4,0.0048905266448855,,,,,,0.0,uncertain,uncertain
2026-07-07_12-36-04.mp4,,,,0.1446371189742207,,,,1.0,no_pre_cry,uncertain
2026-07-06_22-01-45.mp4,,,,,,,,0.0,no_pre_cry,uncertain
2026-07-06_00-46-42.mp4,6.4,0.0253062769770622,,,,,,0.0,uncertain,uncertain
2026-07-14_20-35-36.mp4,,,,0.1002214769009404,,,,0.5,no_pre_cry,uncertain
2026-07-10_21-59-07.mp4,2.0,0.0017908954760059,0.1397835735404778,0.1665447637920747,-0.0267611902515969,,,0.6666666666666666,uncertain,no_pre_cry
2026-07-01_10-19-35.mp4,,,,0.060750194356851,,,,0.6666666666666666,no_pre_cry,uncertain
2026-07-23_16-49-52.mp4,4.8,0.0036904432345181,,,,,,0.0,uncertain,uncertain
2026-07-08_20-39-44.mp4,1.6,0.0022882486227899,,,,,,0.0,uncertain,uncertain
2026-07-23_15-13-59.mp4,,,,0.0397843805468838,,,,1.0,no_pre_cry,uncertain
2026-07-10_05-01-25.mp4,,,,,,,,0.0,uncertain,uncertain
2026-07-16_08-55-52.mp4,,,,0.0618786968559849,,,,0.3333333333333333,uncertain,uncertain
2026-07-09_00-19-09.mp4,3.4,0.0034145878162235,,,,,,0.0,uncertain,uncertain
2026-06-30_12-45-31.mp4,5.2,0.0030007599852979,,,,,,0.0,uncertain,uncertain
2026-07-18_17-58-06.mp4,1.0,0.2858029305934906,,,,,,0.0,uncertain,uncertain
2026-07-01_13-44-53.mp4,,,,0.0500360403533723,,,,0.1666666666666666,uncertain,uncertain
2026-07-23_16-22-29.mp4,6.2,0.0031295712105929,0.0478299077818013,0.0274034625038637,0.0204264452779376,,,0.5,uncertain,uncertain
2026-07-06_00-11-48.mp4,3.0,0.0142590207979083,0.1443162144593664,,,,,0.4166666666666667,uncertain,uncertain
2026-07-03_07-19-22.mp4,,,,,,,,0.0,uncertain,uncertain
2026-07-08_14-21-06.mp4,5.2,0.0011664818739518,0.095288517769126,0.0768747883792547,0.0184137293898712,,,0.5833333333333334,uncertain,uncertain
2026-07-14_11-46-39.mp4,,,,0.0599392373247,,,,0.6666666666666666,no_pre_cry,uncertain
2026-07-12_00-12-09.mp4,2.8,0.0010274882661178,,,,,,0.0,uncertain,uncertain
2026-07-23_16-31-53.mp4,,,,0.1225933201659694,,,,0.3333333333333333,no_pre_cry,uncertain
2026-07-02_20-42-37.mp4,4.6,0.0183614250272512,,,,,,0.0,uncertain,uncertain
2026-07-01_21-19-29.mp4,6.4,0.0015108715742826,,,,,,0.0,uncertain,uncertain
2026-07-12_17-22-02.mp4,,,,,,,,0.0,no_pre_cry,uncertain
2026-07-22_23-07-27.mp4,,,,0.0544049042059989,,,,0.6666666666666666,uncertain,uncertain
2026-07-14_23-16-55.mp4,6.4,0.0007478023762814,0.0923465922539504,0.1213889627386128,-0.0290423704846623,,,0.6666666666666666,uncertain,no_pre_cry
2026-07-21_13-51-24.mp4,,,,0.0792374191195234,,,,0.1666666666666666,no_pre_cry,uncertain
2026-07-22_11-06-28.mp4,6.0,0.0010682009160518,0.0498368400838514,0.0823167429486847,-0.0324799028648332,,,0.9166666666666666,uncertain,no_pre_cry
2026-07-05_19-54-53.mp4,5.6,0.0702597126364708,,,,,,0.0,uncertain,uncertain
2026-07-25_19-39-58.mp4,5.6,0.049490500241518,0.0833290628269552,0.0810676935781349,0.0022613692488202,,,0.3333333333333333,uncertain,uncertain
2026-07-09_01-49-32.mp4,1.2,0.0078438632190227,0.0974279764684388,0.0875025235956187,0.00992545287282,,,0.8888888888888888,uncertain,uncertain
2026-07-05_21-46-02.mp4,,,,,,,,0.0,uncertain,uncertain
2026-07-19_22-22-55.mp4,4.4,0.0075930198654532,0.1656189891645993,0.1261857213461322,0.039433267818467,,,0.1666666666666666,uncertain,uncertain
2026-07-11_04-50-44.mp4,3.2,0.0072351200506091,,,,,,0.0,uncertain,uncertain
2026-07-09_09-03-10.mp4,,,,0.1584290607446286,,,,0.1666666666666666,no_pre_cry,uncertain
2026-07-01_15-57-10.mp4,4.0,0.0631059110164642,,,,,,0.0,uncertain,uncertain
2026-07-06_23-40-00.mp4,6.6,0.0024504633620381,,0.0977931990630368,,,,0.25,uncertain,uncertain
2026-07-26_08-10-22.mp4,2.4,0.0626882091164588,0.1348839686211038,0.1714192567758842,-0.0365352881547803,,,0.9166666666666666,uncertain,no_pre_cry
2026-07-16_03-53-49.mp4,6.8,0.0110726775601506,0.140736537283732,,,,,0.0833333333333333,uncertain,uncertain
2026-07-10_00-36-34.mp4,,,,,,,,0.0,uncertain,uncertain
2026-07-02_07-51-23.mp4,6.0,0.0026482781395316,0.06122537906759,0.1125125666444843,-0.0512871875768942,,,0.75,uncertain,no_pre_cry
2026-07-17_12-09-17.mp4,,,,0.0909790460979783,,,,0.3333333333333333,uncertain,uncertain
2026-07-05_10-10-15.mp4,,,,0.0551349187530881,,,,0.1666666666666666,uncertain,uncertain
2026-07-15_10-14-49.mp4,,,,0.0870384335125731,,,,0.3333333333333333,no_pre_cry,uncertain
2026-07-07_13-26-51.mp4,,,,,,,,0.0,no_pre_cry,uncertain
2026-07-08_00-56-53.mp4,4.4,0.0011180088622495,,,,,,0.0,uncertain,uncertain
2026-07-15_08-54-25.mp4,1.2,0.0039008287712931,0.0891078762943563,,,,,0.1111111111111111,uncertain,uncertain
2026-07-02_15-34-03.mp4,6.4,0.0024110383819788,,,,,,0.0,uncertain,uncertain
2026-07-15_20-17-12.mp4,4.6,0.0082341665402054,0.0737437922063002,0.0908230382345084,-0.0170792460282081,,,0.3333333333333333,uncertain,no_pre_cry
2026-07-09_09-05-46.mp4,,,,,,,,0.0,no_pre_cry,uncertain
2026-07-19_03-59-12.mp4,,,,0.0658330615827389,,,,0.3333333333333333,uncertain,uncertain
2026-07-19_22-29-43.mp4,4.2,0.0099185528233647,,,,,,0.0,uncertain,uncertain
2026-07-05_05-11-45.mp4,1.6,0.0015888459747657,,,,,,0.0,uncertain,uncertain
2026-07-01_21-15-35.mp4,3.8,0.0116664133965969,0.0825783858873026,0.0768866320680326,0.00569175381927,,,1.0,uncertain,uncertain
2026-07-24_00-39-49.mp4,,,,0.1190193347924989,,,,1.0,no_pre_cry,uncertain
2026-07-22_15-13-19.mp4,,,,0.1806033850199092,,,,0.8333333333333334,no_pre_cry,uncertain
2026-07-23_16-19-05.mp4,2.6,0.0006973419222049,0.0264667818709879,0.0312248389435302,-0.0047580570725422,,,0.25,uncertain,uncertain
2026-07-16_10-22-39.mp4,,,,0.067174425940474,,,,0.6666666666666666,uncertain,uncertain
2026-07-04_11-16-33.mp4,,,,,,,,0.0,uncertain,uncertain
2026-07-10_19-51-02.mp4,6.2,0.0028037866577506,0.1231080662339259,0.1232770593014245,-0.0001689930674985,,,0.8333333333333334,uncertain,uncertain
2026-07-10_15-58-12.mp4,5.4,0.0001823513157432,,,,,,0.0,uncertain,uncertain
2026-07-14_17-57-32.mp4,7.0,0.0084148589521646,,,,,,0.0,uncertain,uncertain
2026-07-22_13-31-21.mp4,,,,0.0352506703190104,,,,1.0,no_pre_cry,uncertain
2026-07-06_02-40-35.mp4,6.4,0.0003281628596596,0.1020011695279548,0.1390470509027536,-0.0370458813747988,,,0.1666666666666666,uncertain,no_pre_cry
2026-07-04_16-57-06.mp4,4.8,0.0075908792205154,,,,,,0.0,uncertain,uncertain
2026-07-10_13-16-20.mp4,1.2,0.0008028766606003,0.0664101268302418,0.0524113235575119,0.0139988032727299,,,0.5555555555555556,uncertain,uncertain
2026-07-19_08-24-45.mp4,,,,0.1400022319655745,,,,0.8333333333333334,uncertain,uncertain
2026-07-05_21-42-44.mp4,,,,,,,,0.0,no_pre_cry,uncertain
2026-07-15_15-54-14.mp4,3.6,0.0461576469242572,0.0447143727826679,0.0699611013583458,-0.0252467285756778,,,1.0,uncertain,no_pre_cry
2026-07-15_16-04-14.mp4,2.0,0.0232666134834289,0.072409729246647,,,,,0.1666666666666666,uncertain,uncertain
2026-07-22_02-53-46.mp4,6.4,0.0011573557276278,,0.1498732134556729,,,,0.1666666666666666,uncertain,uncertain
2026-07-22_00-00-05.mp4,,,,,,,,0.0,no_pre_cry,uncertain
2026-07-03_23-23-52.mp4,,,,,,,,0.0,no_pre_cry,uncertain
2026-07-17_17-38-23.mp4,,,,0.0583598809865553,,,,0.1666666666666666,no_pre_cry,uncertain
2026-07-22_02-17-16.mp4,,,,0.0201328012694696,,,,0.8333333333333334,no_pre_cry,uncertain
2026-07-05_13-29-13.mp4,,,,,,,,0.0,uncertain,uncertain
2026-07-03_03-31-42.mp4,4.0,0.0190608594566583,0.0876739646402033,0.0643120532683857,0.0233619113718176,,,0.5833333333333334,uncertain,uncertain
2026-07-07_14-05-33.mp4,3.2,0.0015509239165112,,,,,,0.0,uncertain,uncertain
2026-07-20_19-14-17.mp4,2.4,0.0045598782598972,0.1338250796749598,0.089092294923327,0.0447327847516327,,,0.6666666666666666,uncertain,uncertain
2026-07-16_18-55-28.mp4,3.6,0.0024084500037133,0.1341568278234779,0.0969988398060756,0.0371579880174022,,,0.5,uncertain,uncertain
2026-07-04_00-56-05.mp4,7.6,0.0264536868780851,0.0493283182668111,0.0772753713935121,-0.027947053126701,,,0.25,uncertain,no_pre_cry
2026-07-15_20-35-11.mp4,6.2,0.1407758593559265,0.1417231091536058,0.1622719543968598,-0.0205488452432539,,,0.5833333333333334,uncertain,uncertain
2026-07-16_00-57-26.mp4,5.2,0.000726535974536,,,,,,0.0,uncertain,uncertain
2026-07-05_05-27-45.mp4,,,,,,,,0.0,uncertain,uncertain
2026-07-01_06-24-50.mp4,,,,,,,,0.0,no_pre_cry,uncertain
2026-07-17_07-15-56.mp4,1.2,0.0260835345834493,,,,,,0.0,uncertain,uncertain
2026-07-19_00-21-56.mp4,1.8,0.0138038396835327,,0.0506585554213205,,,,0.2727272727272727,uncertain,uncertain
2026-07-03_23-04-10.mp4,7.0,0.00026769892429,,,,,,0.0,uncertain,uncertain
2026-07-08_17-07-53.mp4,4.4,0.0259990990161895,,,,,,0.0,uncertain,uncertain
2026-07-04_08-14-59.mp4,3.0,0.0026306628715246,,,,,,0.0,uncertain,uncertain
2026-07-22_07-42-01.mp4,,,,0.1338102499600928,,,,0.5,uncertain,uncertain
2026-07-18_21-09-46.mp4,,,,0.1142807274395325,,,,0.5,uncertain,uncertain
2026-07-16_20-18-39.mp4,3.0,0.0059289159253239,0.0602181443391581,0.0599425406247503,0.0002756037144078,,,1.0,uncertain,uncertain
2026-07-26_01-32-48.mp4,7.0,0.0045808902941644,0.074616151713079,0.0849205564607077,-0.0103044047476287,,,1.0,uncertain,no_pre_cry
2026-07-26_04-28-05.mp4,,,,0.1037638068447041,,,,0.5,uncertain,uncertain
2026-07-05_17-13-42.mp4,5.8,0.0080240620300173,,0.0882055595009417,,,,0.25,uncertain,uncertain
2026-07-23_08-39-04.mp4,,,,0.0641151588546054,,,,1.0,uncertain,uncertain
2026-07-08_20-16-56.mp4,,,,0.1467037985834546,,,,0.1666666666666666,no_pre_cry,uncertain
2026-07-21_10-04-02.mp4,,,,0.0541591004664663,,,,0.3333333333333333,uncertain,uncertain
2026-07-04_05-39-40.mp4,,,,,,,,0.0,no_pre_cry,uncertain
2026-07-19_17-46-51.mp4,6.8,0.0029859631322324,,,,,,0.0,uncertain,uncertain
2026-07-19_17-49-15.mp4,3.4,0.0019543345551937,0.0920035966140122,,,,,0.0833333333333333,uncertain,uncertain
2026-07-15_19-28-12.mp4,5.4,0.0002651271643117,,,,,,0.0,uncertain,uncertain
2026-07-14_07-04-48.mp4,,,,0.2053846047771349,,,,0.8333333333333334,no_pre_cry,uncertain
2026-07-03_12-17-25.mp4,7.4,0.001386666088365,,,,,,0.0,uncertain,uncertain
2026-07-23_17-09-46.mp4,,,,0.0973406620718386,,,,0.3333333333333333,no_pre_cry,uncertain
2026-07-04_22-50-10.mp4,,,,,,,,0.0,uncertain,uncertain
2026-07-20_15-33-11.mp4,,,,,,,,0.0,no_pre_cry,uncertain
2026-07-08_02-23-52.mp4,,,,0.2299951043214885,,,,0.6666666666666666,no_pre_cry,uncertain
2026-06-30_22-36-31.mp4,6.2,0.0009562242776155,,,,,,0.0,uncertain,uncertain
2026-07-04_11-24-03.mp4,3.4,0.0198694616556167,,,,,,0.0,uncertain,uncertain
2026-07-11_05-03-32.mp4,6.4,0.0159321930259466,,0.1120389039823004,,,,0.0833333333333333,uncertain,uncertain
2026-07-11_01-22-10.mp4,,,,,,,,0.0,uncertain,uncertain
2026-07-05_20-03-16.mp4,2.2,0.0014834894100204,,,,,,0.0,uncertain,uncertain
2026-07-25_11-28-21.mp4,2.2,0.0241011716425418,,,,,,0.0,uncertain,uncertain
2026-07-10_12-30-45.mp4,4.2,0.0152664817869663,0.0922485966872465,,,,,0.0833333333333333,uncertain,uncertain
2026-06-30_13-08-31.mp4,,,,,,,,0.0,uncertain,uncertain
2026-07-23_17-10-10.mp4,3.6,0.0179596990346908,0.0507175464799813,0.0688444027695936,-0.0181268562896122,,,0.8333333333333334,uncertain,no_pre_cry
2026-07-06_18-29-00.mp4,1.2,0.0017132635693997,,,,,,0.0,uncertain,uncertain
2026-07-26_02-18-30.mp4,,,,0.1550664604338683,,,,0.8333333333333334,no_pre_cry,uncertain
2026-07-23_19-03-56.mp4,6.0,0.0012450627982616,0.0647204525715785,0.0867734818827842,-0.0220530293112057,,,0.75,uncertain,no_pre_cry
2026-07-07_07-22-31.mp4,,,,0.1061731742352317,,,,0.1666666666666666,no_pre_cry,uncertain
2026-07-15_15-59-20.mp4,5.6,0.0105543918907642,0.0660385805164621,,,,,0.0833333333333333,uncertain,uncertain
2026-07-21_06-46-04.mp4,6.0,0.0005173293757252,,,,,,0.0,uncertain,uncertain
2026-07-12_06-39-45.mp4,6.8,0.0053544333204627,0.0907132038593911,,,,,0.1666666666666666,uncertain,uncertain
2026-07-05_18-22-00.mp4,4.8,0.0292186588048934,0.2314738915268112,0.2603768567017204,-0.0289029651749092,,,0.5,uncertain,no_pre_cry
2026-07-20_12-32-49.mp4,3.0,0.0062685296870768,0.1979044290085135,0.1936461607518813,0.0042582682566321,,,0.5833333333333334,uncertain,uncertain
2026-07-12_22-04-25.mp4,3.2,0.0237958617508411,0.045368955463745,0.0551424592317839,-0.0097735037680388,,,0.3333333333333333,uncertain,no_pre_cry
2026-07-07_18-13-14.mp4,,,,0.1175250496902464,,,,0.1666666666666666,no_pre_cry,uncertain
2026-07-12_01-40-18.mp4,1.8,0.0022474569268524,,,,,,0.0,uncertain,uncertain
2026-07-02_02-23-04.mp4,,,,,,,,0.0,no_pre_cry,uncertain
2026-07-22_20-02-55.mp4,3.4,0.0012596426531672,,,,,,0.0,uncertain,uncertain
2026-07-20_15-00-00.mp4,,,,,,,,0.0,uncertain,uncertain
2026-07-19_17-46-03.mp4,3.0,0.0070658759213984,0.0985153134962461,0.1217215688565359,-0.0232062553602897,,,0.5,uncertain,no_pre_cry
2026-07-12_19-39-46.mp4,,,,,,,,0.0,no_pre_cry,uncertain
2026-07-01_02-15-34.mp4,6.4,0.0019900184124708,,,,,,0.0,uncertain,uncertain
2026-07-15_16-02-38.mp4,3.0,0.0008770244312472,,,,,,0.0,uncertain,uncertain
2026-07-05_15-09-28.mp4,,,,,,,,0.0,uncertain,uncertain
2026-07-26_10-28-37.mp4,1.6,0.0311836376786232,0.1055389228655464,,,,,0.1,uncertain,uncertain
2026-07-01_21-21-17.mp4,5.4,0.0027197573799639,0.1019267093597158,,,,,0.3333333333333333,uncertain,uncertain
2026-07-19_10-04-50.mp4,,,,,,,,0.0,uncertain,uncertain
2026-07-07_22-31-30.mp4,3.2,0.0077356989495456,,,,,,0.0,uncertain,uncertain
2026-07-25_17-49-35.mp4,,,,,,,,0.0,uncertain,uncertain
2026-07-10_08-36-11.mp4,,,,,,,,0.0,no_pre_cry,uncertain
2026-07-09_04-10-07.mp4,,,,,,,,0.0,no_pre_cry,uncertain
2026-07-15_08-57-25.mp4,6.2,0.0091140335425734,,,,,,0.0,uncertain,uncertain
2026-07-16_17-14-23.mp4,,,,,,,,0.0,no_pre_cry,uncertain
2026-07-13_22-43-35.mp4,,,,,,,,0.0,no_pre_cry,uncertain
2026-07-07_23-59-23.mp4,,,,0.0860832637273174,,,,0.5,no_pre_cry,uncertain
2026-07-02_08-54-12.mp4,,,,,,,,0.0,no_pre_cry,uncertain
2026-07-02_14-37-58.mp4,,,,0.0477742373960634,,,,0.6666666666666666,no_pre_cry,uncertain
2026-07-05_11-12-03.mp4,,,,,,,,0.0,no_pre_cry,uncertain
2026-07-11_17-47-11.mp4,5.6,0.0043172184377908,0.1249746648211364,,,,,0.0833333333333333,uncertain,uncertain
2026-07-15_20-34-35.mp4,5.8,0.0064269728027284,0.1032622952681915,0.1244959980404327,-0.0212337027722411,,,0.4166666666666667,uncertain,no_pre_cry
2026-07-22_10-43-52.mp4,,,,0.1046570214041878,,,,0.5,uncertain,uncertain
2026-07-14_13-32-56.mp4,7.6,0.0009461832814849,,,,,,0.0,uncertain,uncertain
2026-07-10_12-38-15.mp4,2.4,0.0041123442351818,0.0951262667863946,0.1232438508610199,-0.0281175840746252,,,0.6666666666666666,uncertain,no_pre_cry
2026-07-13_12-41-24.mp4,,,,0.1525769576676378,,,,0.3333333333333333,no_pre_cry,uncertain
2026-07-22_13-21-57.mp4,6.4,0.023301612585783,0.0406233242469115,0.0392366801889322,0.0013866440579793,,,0.9166666666666666,uncertain,uncertain
2026-07-23_22-16-09.mp4,3.4,0.0065534892491996,0.0856141777941886,0.1919780355322511,-0.1063638577380624,,,0.6666666666666666,uncertain,no_pre_cry
2026-07-12_21-39-00.mp4,6.2,0.0006768577732145,,,,,,0.0,uncertain,uncertain
2026-07-25_15-54-06.mp4,,,,0.0276831215058677,,,,0.1666666666666666,uncertain,uncertain
2026-07-19_17-59-39.mp4,7.2,0.0085502415895462,0.1042882055194629,0.1018449335921486,0.0024432719273143,,,0.1666666666666666,uncertain,uncertain
2026-07-05_04-32-13.mp4,3.6,0.0018006894970312,0.0972091714772479,0.0939816626266231,0.0032275088506248,,,0.4166666666666667,uncertain,uncertain
2026-07-10_20-02-32.mp4,6.8,0.0010778588475659,0.1116806778329034,0.1377002803824546,-0.0260196025495511,,,0.8333333333333334,uncertain,no_pre_cry
2026-07-12_04-24-29.mp4,7.2,0.0107093369588255,,,,,,0.0,uncertain,uncertain
2026-07-22_21-00-00.mp4,,,,0.0432080499379886,,,,0.1666666666666666,no_pre_cry,uncertain
2026-07-07_14-20-33.mp4,3.4,0.0019846616778522,0.1339937073627035,0.1144727927679088,0.0195209145947946,,,0.9166666666666666,uncertain,uncertain
2026-07-03_21-26-05.mp4,,,,0.0775465695674574,,,,0.3333333333333333,uncertain,uncertain
2026-07-22_13-26-15.mp4,,,,0.0870583351312038,,,,0.6666666666666666,no_pre_cry,uncertain
2026-07-25_04-52-31.mp4,5.6,0.0212285984307527,0.0535689687484342,0.1008085840046143,-0.04723961525618,,,0.3333333333333333,uncertain,no_pre_cry
2026-07-24_21-21-54.mp4,3.2,0.0013339960714802,0.0444567917304406,0.0450444210734742,-0.0005876293430336,,,0.8333333333333334,uncertain,uncertain
2026-07-10_22-26-54.mp4,,,,0.0949226330880853,,,,0.5,uncertain,uncertain
2026-07-18_15-17-56.mp4,4.6,0.0032548124436289,0.0272430371296846,0.0530522937682656,-0.0258092566385809,,,0.3333333333333333,uncertain,no_pre_cry
2026-07-22_20-57-06.mp4,7.0,0.0329769290983676,0.1442696462665988,0.1935893297361985,-0.0493196834695996,,,0.25,uncertain,no_pre_cry
2026-07-01_21-18-17.mp4,,,,,,,,0.0,no_pre_cry,uncertain
2026-07-23_16-45-16.mp4,5.4,0.0010392090771347,,,,,,0.0,uncertain,uncertain
2026-07-07_20-08-07.mp4,1.2,0.0011758644832298,,,,,,0.0,uncertain,uncertain
2026-07-25_23-52-14.mp4,4.8,0.1544815003871917,0.099309776290298,0.0598102399697124,0.0394995363205856,,,0.4166666666666667,uncertain,uncertain
2026-07-23_19-12-26.mp4,,,,0.0512650063579934,,,,0.6666666666666666,uncertain,uncertain
2026-07-03_00-42-49.mp4,3.8,0.0031755703967064,,,,,,0.0,uncertain,uncertain
2026-07-01_20-10-37.mp4,4.4,0.0020110071636736,,,,,,0.0,uncertain,uncertain
2026-07-09_21-35-32.mp4,2.6,0.0008818237693049,0.0717180458885027,,,,,0.0833333333333333,uncertain,uncertain
2026-07-10_21-42-55.mp4,4.8,0.0007105399854481,,,,,,0.0,uncertain,uncertain
2026-07-07_14-04-45.mp4,3.8,0.0003654699539765,,,,,,0.0,uncertain,uncertain
2026-07-17_22-04-24.mp4,4.4,0.0194386523216962,,,,,,0.0,uncertain,uncertain
2026-07-26_00-07-55.mp4,5.8,0.0039121839217841,0.0432577647784259,,,,,0.0833333333333333,uncertain,uncertain
2026-07-12_19-44-10.mp4,2.8,0.0183118265122175,,,,,,0.0,uncertain,uncertain
2026-07-10_00-30-04.mp4,1.8,0.0112248612567782,,,,,,0.0,uncertain,uncertain
2026-07-01_15-58-22.mp4,7.4,0.0010267875622957,,,,,,0.0,uncertain,uncertain
2026-07-20_19-13-29.mp4,,,,0.0656976648322093,,,,0.8333333333333334,uncertain,uncertain
2026-07-11_04-09-51.mp4,7.0,0.0050318147987127,,,,,,0.0,uncertain,uncertain
2026-07-22_02-24-10.mp4,4.0,0.0581045374274253,0.1566466800757323,0.1836814256963109,-0.0270347456205786,,,0.5,uncertain,no_pre_cry
2026-07-25_11-38-03.mp4,,,,,,,,0.0,uncertain,uncertain
2026-07-04_08-56-46.mp4,7.4,0.0039636930450797,,,,,,0.0,uncertain,uncertain
2026-07-03_14-36-18.mp4,,,,0.0868224480829566,,,,0.5,no_pre_cry,uncertain
2026-07-17_13-26-04.mp4,6.4,0.0290604755282402,0.0929100968236256,0.0857692637414181,0.0071408330822075,,,0.1666666666666666,uncertain,uncertain
2026-07-04_09-11-46.mp4,,,,,,,,0.0,uncertain,uncertain
2026-07-09_21-34-56.mp4,,,,,,,,0.0,uncertain,uncertain
2026-07-05_15-42-10.mp4,6.8,0.0004494073218666,,,,,,0.0,uncertain,uncertain
2026-06-30_19-04-00.mp4,2.6,0.0034949535038322,,,,,,0.0,uncertain,uncertain
2026-07-25_18-10-47.mp4,2.8,0.0017451512394472,,,,,,0.0,uncertain,uncertain
2026-07-13_10-45-43.mp4,6.0,0.0126933213323354,,,,,,0.0,uncertain,uncertain
2026-07-07_14-08-45.mp4,,,,,,,,0.0,uncertain,uncertain
2026-07-15_04-27-10.mp4,1.6,0.0218636505305767,,,,,,0.0,uncertain,uncertain
2026-07-10_21-57-31.mp4,3.8,0.0015227730618789,0.2578132503466029,0.2055336256997035,0.0522796246468993,,,0.75,uncertain,uncertain
2026-07-23_16-56-46.mp4,6.2,0.0015598819591104,0.0205403841442238,0.0462932785512437,-0.0257528944070199,,,0.9166666666666666,uncertain,no_pre_cry
2026-07-15_23-41-15.mp4,4.8,0.0156247746199369,0.090544221634587,0.1193857393632379,-0.0288415177286508,,,0.3333333333333333,uncertain,no_pre_cry
2026-07-04_03-48-08.mp4,6.4,0.0078123472630977,,,,,,0.0,uncertain,uncertain
2026-07-11_12-22-51.mp4,,,,0.1140089825124925,,,,0.1666666666666666,no_pre_cry,uncertain
2026-07-26_02-40-00.mp4,6.8,0.0057306215167045,0.2415169219790292,0.2137864112183296,0.0277305107606996,,,0.6666666666666666,uncertain,uncertain
2026-07-14_13-51-38.mp4,3.2,0.0060098762623965,0.0523828703741422,,,,,0.3333333333333333,uncertain,uncertain
2026-07-15_17-53-49.mp4,,,,0.1483421747269252,,,,0.1666666666666666,uncertain,uncertain
2026-07-19_00-03-14.mp4,,,,0.0692861521337773,,,,1.0,uncertain,uncertain
2026-07-07_02-59-52.mp4,,,,0.0776724367144357,,,,0.1666666666666666,no_pre_cry,uncertain
2026-07-02_02-12-28.mp4,,,,,,,,0.0,uncertain,uncertain
2026-07-09_19-01-40.mp4,,,,0.0805622308870236,,,,1.0,uncertain,uncertain
2026-07-10_13-16-08.mp4,,,,,,,,0.0,uncertain,uncertain
2026-07-26_05-24-28.mp4,,,,,,,,0.0,no_pre_cry,uncertain
2026-07-09_19-55-33.mp4,,,,0.0779360303225952,,,,0.5,uncertain,uncertain
2026-07-24_04-34-53.mp4,,,,,,,,0.0,uncertain,uncertain
2026-07-14_16-32-36.mp4,,,,0.0995625348327473,,,,1.0,uncertain,uncertain
2026-07-04_08-08-23.mp4,,,,,,,,0.0,uncertain,uncertain
2026-07-23_12-36-01.mp4,6.0,0.0002893483906518,0.1401816323800743,0.1565503144379491,-0.0163686820578747,,,0.75,uncertain,no_pre_cry
2026-07-09_14-40-00.mp4,2.8,0.0011687374208122,,0.0670537101792134,,,,0.0833333333333333,uncertain,uncertain
2026-07-05_21-45-50.mp4,3.0,0.0037865657359361,0.0459894286758075,0.0294636274405086,0.0165258012352989,,,0.75,uncertain,uncertain
2026-07-06_00-45-54.mp4,2.8,0.013906130567193,,,,,,0.0,uncertain,uncertain
2026-07-09_10-06-45.mp4,,,,,,,,0.0,no_pre_cry,uncertain
2026-07-14_06-18-07.mp4,3.6,0.0011191965313628,0.1712492119053201,0.072586802239804,0.098662409665516,,,0.5833333333333334,uncertain,uncertain
2026-07-03_16-16-59.mp4,1.4,0.0003072602266911,0.0512938933738314,,,,,0.1111111111111111,uncertain,uncertain
2026-07-09_18-55-46.mp4,5.2,0.0119320545345544,0.2372164224369388,0.0919471076833373,0.1452693147536015,,,0.6666666666666666,uncertain,uncertain
2026-07-22_08-35-18.mp4,,,,0.0598565049306519,,,,0.1666666666666666,no_pre_cry,uncertain
2026-07-04_03-48-20.mp4,2.4,0.0079591665416955,0.0641247799962964,0.055037807907362,0.0090869720889344,,,0.25,uncertain,uncertain
2026-07-08_02-19-28.mp4,,,,,,,,0.0,no_pre_cry,uncertain
2026-07-08_20-21-08.mp4,1.6,0.002199837937951,,,,,,0.0,uncertain,uncertain
2026-07-10_17-08-57.mp4,,,,,,,,0.0,uncertain,uncertain
2026-07-07_00-42-23.mp4,,,,,,,,0.0,no_pre_cry,uncertain
2026-07-16_21-36-50.mp4,1.6,0.0032279908191412,0.0543363273915451,0.0994809154525565,-0.0451445880610114,,,0.8,uncertain,no_pre_cry
2026-07-26_01-40-18.mp4,5.6,0.0041132192127406,,,,,,0.0,uncertain,uncertain
2026-07-22_16-59-27.mp4,,,,,,,,0.0,uncertain,uncertain
2026-07-07_11-29-17.mp4,2.2,0.0026437011547386,0.0804981558588721,0.0411737635840968,0.0393243922747752,,,0.3333333333333333,uncertain,uncertain
2026-07-04_15-54-48.mp4,,,,0.2060088145558938,,,,0.1666666666666666,no_pre_cry,uncertain
2026-07-16_21-09-33.mp4,,,,,,,,0.0,uncertain,uncertain
2026-07-04_03-04-43.mp4,1.6,0.0093419607728719,,,,,,0.0,uncertain,uncertain
2026-07-25_07-45-06.mp4,,,,0.1382487883435621,,,,0.5,no_pre_cry,uncertain
2026-07-02_14-34-40.mp4,,,,0.0421001426612811,,,,0.6666666666666666,uncertain,uncertain
2026-07-24_16-41-15.mp4,2.4,0.0825179293751716,0.1178952992461045,,,,,0.0833333333333333,uncertain,uncertain
2026-07-12_15-01-42.mp4,3.4,0.0007441835477948,0.2260364990381146,0.2160833940209646,0.00995310501715,,,0.4166666666666667,uncertain,uncertain
2026-07-23_22-20-09.mp4,6.2,0.020053582265973,0.0823548531926585,0.1517087748254081,-0.0693539216327495,,,1.0,uncertain,no_pre_cry
2026-07-05_09-22-21.mp4,1.0,0.0005294101429171,,,,,,0.0,uncertain,uncertain
2026-07-12_15-01-30.mp4,6.6,0.0012508603977039,,,,,,0.0,uncertain,uncertain
2026-07-03_12-47-43.mp4,,,,0.0696925310093615,,,,0.1666666666666666,no_pre_cry,uncertain
2026-07-07_00-25-35.mp4,2.4,0.0014276398578658,,0.0249841104247088,,,,0.3333333333333333,uncertain,uncertain
2026-07-04_14-44-48.mp4,1.8,0.0003133268619421,0.1303525540131412,,,,,0.0909090909090909,uncertain,uncertain
2026-07-03_07-14-58.mp4,3.0,0.0015576037112623,0.1054386778931087,0.0708126760258664,0.0346260018672423,,,0.4166666666666667,uncertain,uncertain
2026-07-16_11-56-20.mp4,5.8,0.0177773255854845,,0.1022413886924263,,,,0.0833333333333333,uncertain,uncertain
2026-07-09_06-58-17.mp4,2.6,0.0013122038217261,0.1281248442548971,0.1375519869985938,-0.0094271427436966,,,0.3333333333333333,uncertain,no_pre_cry
2026-07-23_00-57-14.mp4,,,,,,,,0.0,uncertain,uncertain
2026-07-01_17-58-35.mp4,5.4,0.0149998189881443,0.1262662464647678,0.0762349871470387,0.050031259317729,,,0.5,uncertain,uncertain
2026-07-04_02-30-46.mp4,4.2,0.0048975842073559,,,,,,0.0,uncertain,uncertain
2026-07-03_19-48-54.mp4,5.4,0.001318102935329,,,,,,0.0,uncertain,uncertain
2026-07-08_15-51-23.mp4,,,,0.1196971374572389,,,,0.5,uncertain,uncertain
2026-07-08_14-00-07.mp4,,,,0.1788821903890144,,,,0.3333333333333333,no_pre_cry,uncertain
2026-07-04_06-39-19.mp4,6.0,0.0004339592123869,,,,,,0.0,uncertain,uncertain
2026-07-19_09-47-56.mp4,5.4,0.004975636024028,0.0569181554131624,0.0623453926729056,-0.0054272372597432,,,0.25,uncertain,uncertain
2026-07-01_23-19-22.mp4,3.4,0.0014127417234703,,,,,,0.0,uncertain,uncertain
2026-07-14_05-46-07.mp4,1.2,0.0170889291912317,,,,,,0.0,uncertain,uncertain
2026-07-05_13-29-49.mp4,4.2,0.0008413329487666,0.1134391166531718,,,,,0.1666666666666666,uncertain,uncertain
2026-07-03_20-17-18.mp4,,,,0.0920853708778827,,,,0.5,uncertain,uncertain
2026-07-08_08-22-10.mp4,,,,0.1348121101850018,,,,1.0,no_pre_cry,uncertain
2026-07-14_04-51-43.mp4,,,,0.0682138733003088,,,,0.1666666666666666,no_pre_cry,uncertain
2026-07-10_02-21-27.mp4,5.0,0.1243119463324546,,,,,,0.0,uncertain,uncertain
2026-07-02_19-18-49.mp4,6.0,0.001092616119422,,,,,,0.0,uncertain,uncertain
2026-07-01_12-47-12.mp4,7.4,0.0088338674977421,0.1664453372994954,,,,,0.0833333333333333,uncertain,uncertain
2026-07-23_15-26-59.mp4,1.4,0.0061846314929425,0.0831497546699647,0.0856570488229551,-0.0025072941529904,,,0.4444444444444444,uncertain,uncertain
2026-07-10_12-42-50.mp4,,,,0.0860328635175773,,,,0.8333333333333334,no_pre_cry,uncertain
2026-07-02_20-37-31.mp4,6.8,0.0026747416704893,0.0684095531589665,0.0904349410536157,-0.0220253878946491,,,1.0,uncertain,no_pre_cry
2026-07-09_10-48-33.mp4,,,,,,,,0.0,uncertain,uncertain
2026-07-24_12-35-30.mp4,,,,,,,,0.0,no_pre_cry,uncertain
2026-07-14_23-54-19.mp4,3.4,0.0001450805139029,0.0784494452802377,0.0606729360200979,0.0177765092601398,,,0.5833333333333334,uncertain,uncertain
2026-07-25_17-42-29.mp4,3.0,0.001408050302416,,,,,,0.0,uncertain,uncertain
2026-07-12_21-21-33.mp4,4.6,0.0020577956456691,,,,,,0.0,uncertain,uncertain
2026-07-04_08-14-35.mp4,,,,,,,,0.0,uncertain,uncertain
2026-07-01_20-12-07.mp4,4.4,0.0055303452536463,,,,,,0.0,uncertain,uncertain
2026-07-10_10-22-28.mp4,,,,0.0968447701707743,,,,0.8333333333333334,no_pre_cry,uncertain
2026-07-09_16-28-41.mp4,,,,,,,,0.0,uncertain,uncertain
2026-07-19_17-50-57.mp4,,,,0.0890251654855049,,,,0.5,no_pre_cry,uncertain
2026-07-12_15-51-29.mp4,,,,,,,,0.0,uncertain,uncertain
2026-07-08_13-47-37.mp4,5.8,0.0036570497322827,0.089143890700379,,,,,0.25,uncertain,uncertain
2026-07-07_08-12-55.mp4,1.0,0.0023444113321602,0.0776070449183647,,,,,0.1111111111111111,uncertain,uncertain
2026-07-23_20-56-51.mp4,2.4,0.012047704309225,0.0646473633070354,0.0671545931322827,-0.0025072298252473,,,0.8333333333333334,uncertain,uncertain
2026-07-23_21-03-51.mp4,6.4,0.0278227962553501,0.1060756135274668,0.0653281851204068,0.04074742840706,,,0.5,uncertain,uncertain
2026-07-11_02-11-16.mp4,,,,0.0625883252035123,,,,0.3333333333333333,uncertain,uncertain
2026-07-24_01-11-31.mp4,1.0,0.0010861259652301,0.0821778806839033,0.0713457573132159,0.0108321233706874,,,1.0,uncertain,uncertain
2026-07-10_05-19-37.mp4,5.2,0.0015628939727321,0.0274968312263739,,,,,0.0833333333333333,uncertain,uncertain
2026-07-06_18-34-53.mp4,5.0,0.0004391717666294,,0.0791680888305411,,,,0.0833333333333333,uncertain,uncertain
2026-07-18_15-16-56.mp4,,,,,,,,0.0,uncertain,uncertain
2026-07-02_18-07-08.mp4,2.0,0.0006671106675639,0.0823755897442709,0.0731296756212591,0.0092459141230118,,,0.25,uncertain,uncertain
2026-07-07_14-07-21.mp4,2.4,0.0186001937836408,0.1583198613999124,,,,,0.0833333333333333,uncertain,uncertain
2026-07-08_15-49-35.mp4,5.0,0.0013590822927653,0.0737930102660051,0.0746425497633616,-0.0008495394973564,,,0.1666666666666666,uncertain,uncertain
2026-07-08_01-04-22.mp4,,,,,,,,0.0,no_pre_cry,uncertain
2026-07-20_22-58-15.mp4,3.8,0.016718840226531,0.1114187924417451,0.086460258352174,0.0249585340895711,,,0.8333333333333334,uncertain,uncertain
2026-07-10_17-16-57.mp4,,,,,,,,0.0,no_pre_cry,uncertain
2026-07-07_19-27-13.mp4,2.4,0.0013884387444704,0.1109922087308552,,,,,0.0833333333333333,uncertain,uncertain
2026-07-20_18-56-53.mp4,,,,0.0669050080989216,,,,0.3333333333333333,uncertain,uncertain
2026-07-26_04-22-11.mp4,7.6,0.0098719941452145,0.0579086425083057,0.1426243027187928,-0.0847156602104871,,,0.4166666666666667,uncertain,no_pre_cry
2026-07-08_14-47-36.mp4,6.0,0.0502558201551437,0.0853510519474303,0.0808707982193854,0.0044802537280449,,,0.5,uncertain,uncertain
2026-07-05_16-28-57.mp4,,,,,,,,0.0,no_pre_cry,uncertain
2026-07-22_15-14-37.mp4,,,,0.1749732037572162,,,,0.6666666666666666,no_pre_cry,uncertain
2026-07-05_15-08-16.mp4,1.4,0.0021746763959527,,,,,,0.0,uncertain,uncertain
2026-07-12_01-00-14.mp4,6.0,0.0007471007411368,,,,,,0.0,uncertain,uncertain
2026-07-07_17-44-31.mp4,,,,,,,,0.0,uncertain,uncertain
2026-07-11_17-26-12.mp4,2.0,0.0033409723546355,,,,,,0.0,uncertain,uncertain
2026-07-19_11-29-39.mp4,,,,0.0781700871281302,,,,1.0,uncertain,uncertain
2026-07-10_13-44-38.mp4,4.6,0.0165590159595012,,0.2373764359306598,,,,0.3333333333333333,uncertain,uncertain
2026-07-04_22-49-34.mp4,,,,,,,,0.0,no_pre_cry,uncertain
2026-07-13_07-43-51.mp4,3.8,0.0005899693933315,,,,,,0.0,uncertain,uncertain
2026-07-01_18-41-50.mp4,3.0,0.0022784208413213,,0.1928947450726668,,,,0.0833333333333333,uncertain,uncertain
2026-07-22_02-13-34.mp4,,,,,,,,0.0,no_pre_cry,uncertain
2026-07-02_00-39-31.mp4,6.4,0.0023705901112407,,,,,,0.0,uncertain,uncertain
2026-07-15_14-39-34.mp4,,,,,,,,0.0,no_pre_cry,uncertain
2026-07-11_10-14-40.mp4,,,,,,,,0.0,no_pre_cry,uncertain
2026-07-16_22-13-26.mp4,4.6,0.0057061426341533,,,,,,0.0,uncertain,uncertain
2026-07-05_05-51-29.mp4,6.8,0.0008160807192325,0.0652484207181688,0.0845725480427549,-0.019324127324586,,,0.6666666666666666,uncertain,no_pre_cry
2026-07-05_01-02-18.mp4,5.8,0.0010897299507632,,,,,,0.0,uncertain,uncertain
2026-07-21_23-58-42.mp4,1.0,0.0030282095540314,0.0801807636059594,0.0942369081127161,-0.0140561445067566,,,1.0,uncertain,no_pre_cry
2026-07-19_00-12-56.mp4,,,,0.0571916324570164,,,,0.5,uncertain,uncertain
2026-07-01_03-34-57.mp4,,,,,,,,0.0,uncertain,uncertain
2026-07-12_06-44-33.mp4,7.6,0.0035434174351394,,,,,,0.0,uncertain,uncertain
2026-07-14_17-57-44.mp4,2.2,0.0019153348403051,,0.1175758771370996,,,,0.0833333333333333,uncertain,uncertain
2026-07-24_09-02-38.mp4,6.8,0.0110338758677244,,0.119826370563095,,,,0.0833333333333333,uncertain,uncertain
2026-07-07_01-17-11.mp4,6.0,0.0131430169567465,,0.1190145173090942,,,,0.0833333333333333,uncertain,uncertain
2026-07-01_21-23-59.mp4,,,,0.0829680329653939,,,,0.3333333333333333,no_pre_cry,uncertain
2026-07-02_14-09-04.mp4,4.8,0.0006064192275516,0.0587689913054895,0.086473896828254,-0.0277049055227645,,,0.5,uncertain,no_pre_cry
2026-07-22_15-12-19.mp4,3.4,0.0016223846469074,0.2256719133403849,0.1767208835093324,0.0489510298310525,,,0.4166666666666667,uncertain,uncertain
2026-07-17_23-11-18.mp4,3.6,0.0332630649209022,0.1426714689715876,,,,,0.0833333333333333,uncertain,uncertain
2026-07-09_14-22-24.mp4,5.0,0.0121985394507646,0.053028956359452,,,,,0.1666666666666666,uncertain,uncertain
2026-07-03_16-21-17.mp4,3.8,0.0088325943797826,,0.0335602815672959,,,,0.25,uncertain,uncertain
2026-07-03_23-21-16.mp4,5.2,0.0008889722521416,0.0299175635942079,0.0229222809660575,0.0069952826281504,,,0.25,uncertain,uncertain
2026-07-18_17-59-30.mp4,3.8,0.2059150785207748,0.0955702749652197,0.1077262476628068,-0.0121559726975871,,,0.6666666666666666,uncertain,uncertain
2026-07-11_15-45-52.mp4,,,,,,,,0.0,uncertain,uncertain
2026-07-05_12-53-56.mp4,5.0,0.002784798387438,0.051869928329494,0.0479550810762722,0.0039148472532217,,,0.6666666666666666,uncertain,uncertain
2026-07-11_21-07-07.mp4,,,,0.0979843241816259,,,,0.3333333333333333,uncertain,uncertain
2026-07-03_14-30-42.mp4,,,,,,,,0.0,no_pre_cry,uncertain
2026-07-04_12-40-33.mp4,,,,,,,,0.0,no_pre_cry,uncertain
2026-07-08_14-11-12.mp4,7.4,0.006416440475732,,,,,,0.0,uncertain,uncertain
2026-07-07_16-17-44.mp4,3.8,0.0061811744235455,0.049306881139556,,,,,0.0833333333333333,uncertain,uncertain
2026-07-11_05-00-56.mp4,,,,0.0948289510621994,,,,1.0,no_pre_cry,uncertain
2026-07-04_22-41-34.mp4,1.6,0.0015134252607822,,,,,,0.0,uncertain,uncertain
2026-07-12_12-23-41.mp4,3.2,0.0086679188534617,0.0599773548705701,0.0647938100038083,-0.0048164551332382,,,0.9166666666666666,uncertain,uncertain
2026-07-02_04-00-09.mp4,,,,0.0853280695410525,,,,0.3333333333333333,uncertain,uncertain
2026-07-14_12-02-57.mp4,,,,0.050808648385588,,,,0.5,no_pre_cry,uncertain
2026-07-08_08-56-04.mp4,,,,0.1022333526888051,,,,0.6666666666666666,no_pre_cry,uncertain
2026-07-04_16-55-00.mp4,5.6,0.0072927144356071,0.1377412785177839,0.1671550716483238,-0.0294137931305399,,,0.4166666666666667,uncertain,no_pre_cry
2026-07-08_20-20-32.mp4,,,,0.0416910191887148,,,,0.3333333333333333,no_pre_cry,uncertain
2026-07-01_01-16-53.mp4,,,,,,,,0.0,uncertain,uncertain
2026-07-07_14-00-09.mp4,5.6,0.0016244627768173,0.1829617618009005,,,,,0.0833333333333333,uncertain,uncertain
2026-07-07_09-27-48.mp4,,,,,,,,0.0,no_pre_cry,uncertain
2026-07-17_09-11-13.mp4,,,,0.0732348306932531,,,,0.8333333333333334,uncertain,uncertain
2026-07-12_23-42-06.mp4,5.2,0.0044760140590369,0.0845280386676337,0.0431697787743984,0.0413582598932352,,,0.4166666666666667,uncertain,uncertain
2026-07-05_10-25-25.mp4,,,,,,,,0.0,no_pre_cry,uncertain
2026-07-12_13-46-25.mp4,,,,0.0993667413982836,,,,0.3333333333333333,no_pre_cry,uncertain
2026-07-22_10-56-40.mp4,6.4,0.0100168613716959,0.0801961907815926,0.0464846882026647,0.0337115025789278,,,0.75,uncertain,uncertain
2026-07-13_03-19-50.mp4,1.6,0.0011342073557898,0.0463209142611632,,,,,0.2,uncertain,uncertain
2026-07-15_15-40-20.mp4,7.0,0.0055719879455864,0.0993278555981533,0.0858007240894164,0.0135271315087368,,,0.5,uncertain,uncertain
2026-07-14_18-08-31.mp4,,,,0.066522668806521,,,,0.3333333333333333,uncertain,uncertain
2026-07-20_21-50-22.mp4,,,,0.0722152781004733,,,,0.3333333333333333,no_pre_cry,uncertain
2026-06-30_12-46-19.mp4,3.0,0.0007734004757367,,,,,,0.0,uncertain,uncertain
2026-07-04_02-37-22.mp4,7.6,0.0008780545904301,,,,,,0.0,uncertain,uncertain
2026-07-10_18-06-56.mp4,2.8,0.0044135926291346,,,,,,0.0,uncertain,uncertain
2026-07-17_07-50-20.mp4,6.2,0.0022737039253115,0.0754557010337961,0.0623305833337344,0.0131251177000617,,,0.5,uncertain,uncertain
2026-07-12_18-19-41.mp4,1.6,0.0039265477098524,,,,,,0.0,uncertain,uncertain
2026-07-18_11-26-58.mp4,7.4,0.0032962628174573,0.0703813941560128,0.0306856199124743,0.0396957742435385,,,0.4166666666666667,uncertain,uncertain
2026-07-04_08-05-17.mp4,,,,,,,,0.0,no_pre_cry,uncertain
2026-07-02_15-42-21.mp4,,,,,,,,0.0,uncertain,uncertain
2026-07-06_23-30-35.mp4,4.0,0.0023601714055985,,,,,,0.0,uncertain,uncertain
2026-07-19_03-06-07.mp4,,,,0.0633204252925264,,,,0.1666666666666666,no_pre_cry,uncertain
2026-07-01_18-42-02.mp4,5.6,0.0966097638010978,,0.057808283586424,,,,0.0833333333333333,uncertain,uncertain
2026-07-24_07-29-45.mp4,5.2,0.0060120043344795,0.0886610786519378,0.1753900034829184,-0.0867289248309805,,,0.3333333333333333,uncertain,no_pre_cry
2026-07-13_02-13-15.mp4,,,,,,,,0.0,no_pre_cry,uncertain
2026-07-03_11-05-32.mp4,,,,,,,,0.0,uncertain,uncertain
2026-07-25_11-20-33.mp4,,,,,,,,0.0,no_pre_cry,uncertain
2026-06-30_20-53-23.mp4,4.0,0.0005351200816221,,,,,,0.0,uncertain,uncertain
2026-07-04_16-54-00.mp4,5.2,0.0040841363370418,0.2510076950504399,0.2202949377769372,0.0307127572735027,,,0.6666666666666666,uncertain,uncertain
2026-07-04_14-48-12.mp4,4.0,0.0005445357528515,0.0876939733201737,,,,,0.1666666666666666,uncertain,uncertain
2026-07-01_22-23-51.mp4,1.6,0.0053940522484481,,,,,,0.0,uncertain,uncertain
