file,p_adult,p_mach,p_baby,p_other,top_class,top_p,label,note
2026-07-18_03-15-51.mp4,0.0121917724609375,0.01233673095703125,0.1790771484375,0.01233673095703125,Speech,0.290771484375,0,
2026-07-21_23-59-05.mp4,0.000469207763671875,0.00679779052734375,0.0007319450378417969,0.00679779052734375,Stomach rumble,0.1365966796875,0,
2026-07-07_20-52-18.mp4,0.0,0.0,0.0,0.0,,0.0,0,silent
2026-07-11_10-46-16.mp4,0.0,0.0,0.0,0.0,,0.0,0,silent
2026-07-02_18-28-08.mp4,0.0,0.0,0.0,0.0,,0.0,0,silent
2026-07-04_15-25-25.mp4,0.0,0.0,0.0,0.0,,0.0,0,silent
2026-07-06_11-18-17.mp4,0.00022172927856445312,0.00399017333984375,0.0008897781372070312,0.00399017333984375,"Rowboat, canoe, kayak",0.35595703125,0,
2026-07-13_10-44-07.mp4,0.0003597736358642578,0.007518768310546875,0.0011205673217773438,0.007518768310546875,Stomach rumble,0.335205078125,0,
2026-07-15_18-43-49.mp4,0.0,0.0,0.0,0.0,,0.0,0,silent
2026-07-03_20-05-24.mp4,0.0,0.0,0.0,0.0,,0.0,0,silent
2026-07-02_14-21-40.mp4,0.0,0.0,0.0,0.0,,0.0,0,silent
2026-07-24_09-05-02.mp4,0.0009698867797851562,0.0016040802001953125,0.44677734375,0.0016040802001953125,Whimper,0.44677734375,0,
2026-07-04_11-27-03.mp4,0.0,0.0,0.0,0.0,,0.0,0,silent
2026-07-03_21-39-11.mp4,0.0,0.0,0.0,0.0,,0.0,0,silent
2026-07-09_07-36-17.mp4,0.0,0.0,0.0,0.0,,0.0,0,silent
2026-07-08_07-36-22.mp4,0.0,0.0,0.0,0.0,,0.0,0,silent
2026-07-11_10-58-46.mp4,0.0,0.0,0.0,0.0,,0.0,0,silent
2026-07-14_14-57-37.mp4,0.0,0.0,0.0,0.0,,0.0,0,silent
2026-07-06_18-30-24.mp4,0.0014553070068359375,0.007694244384765625,0.0018177032470703125,0.007694244384765625,Owl,0.298583984375,0,
2026-07-04_08-43-52.mp4,0.0,0.0,0.0,0.0,,0.0,0,silent
2026-07-01_13-47-17.mp4,0.0004858970642089844,0.03131103515625,0.0006985664367675781,0.03131103515625,Stomach rumble,0.11065673828125,0,
2026-07-04_14-38-54.mp4,0.0007672309875488281,0.00847625732421875,0.0014438629150390625,0.00847625732421875,Stomach rumble,0.352783203125,0,
2026-07-05_11-14-39.mp4,0.0011339187622070312,0.003635406494140625,0.00557708740234375,0.003635406494140625,Stomach rumble,0.420166015625,0,
2026-07-21_14-07-06.mp4,0.0,0.0,0.0,0.0,,0.0,0,silent
2026-07-02_18-39-38.mp4,0.0,0.0,0.0,0.0,,0.0,0,silent
2026-07-08_19-30-32.mp4,0.0,0.0,0.0,0.0,,0.0,0,silent
2026-07-21_15-21-23.mp4,0.0,0.0,0.0,0.0,,0.0,0,silent
2026-07-14_13-43-38.mp4,0.0,0.0,0.0,0.0,,0.0,0,silent
2026-07-04_11-24-27.mp4,0.0,0.0,0.0,0.0,,0.0,0,silent
2026-07-08_00-02-05.mp4,0.0,0.0,0.0,0.0,,0.0,0,silent
2026-07-15_13-47-22.mp4,0.0,0.0,0.0,0.0,,0.0,0,silent
2026-07-09_14-16-30.mp4,0.0,0.0,0.0,0.0,,0.0,0,silent
2026-07-03_23-37-58.mp4,0.0,0.0,0.0,0.0,,0.0,0,silent
2026-07-26_04-03-05.mp4,0.0,0.0,0.0,0.0,,0.0,0,silent
2026-07-09_16-29-05.mp4,0.0,0.0,0.0,0.0,,0.0,0,silent
2026-07-21_10-11-08.mp4,0.0,0.0,0.0,0.0,,0.0,0,silent
2026-07-03_15-19-59.mp4,0.0023326873779296875,0.00518035888671875,0.0005440711975097656,0.00518035888671875,Stomach rumble,0.544921875,0,
2026-07-21_11-15-56.mp4,0.0,0.0,0.0,0.0,,0.0,0,silent
2026-07-14_11-13-40.mp4,0.0,0.0,0.0,0.0,,0.0,0,silent
2026-07-18_15-37-50.mp4,0.0009775161743164062,0.0115509033203125,0.0009622573852539062,0.0115509033203125,Stomach rumble,0.1416015625,0,
2026-07-07_23-43-53.mp4,0.0020751953125,0.00841522216796875,0.09979248046875,0.00841522216796875,Animal,0.13525390625,0,
2026-07-03_03-29-48.mp4,0.0,0.0,0.0,0.0,,0.0,0,silent
2026-07-07_02-58-34.mp4,0.0,0.0,0.0,0.0,,0.0,0,silent
2026-07-24_22-36-41.mp4,0.0,0.0,0.0,0.0,,0.0,0,silent
2026-07-02_07-07-33.mp4,0.0,0.0,0.0,0.0,,0.0,0,silent
2026-07-21_01-27-08.mp4,0.0,0.0,0.0,0.0,,0.0,0,silent
2026-07-09_23-39-23.mp4,0.0003077983856201172,0.0312042236328125,0.0021991729736328125,0.0312042236328125,Bird,0.136962890625,0,
2026-07-03_17-30-29.mp4,0.0024242401123046875,0.018402099609375,0.0023136138916015625,0.018402099609375,Stomach rumble,0.1492919921875,0,
2026-07-07_05-36-56.mp4,0.0,0.0,0.0,0.0,,0.0,0,silent
2026-07-06_00-38-42.mp4,0.006439208984375,0.0031719207763671875,0.0141754150390625,0.006439208984375,Stomach rumble,0.354736328125,0,
2026-07-19_14-44-25.mp4,0.0,0.0,0.0,0.0,,0.0,0,silent
2026-07-05_19-03-42.mp4,0.006877899169921875,0.004756927490234375,0.0059356689453125,0.006877899169921875,Speech,0.74072265625,0,
2026-06-30_22-30-55.mp4,0.0013885498046875,0.0118255615234375,0.0004954338073730469,0.0118255615234375,Bird,0.255615234375,0,
2026-07-22_15-11-20.mp4,0.0,0.0,0.0,0.0,,0.0,0,silent
2026-07-09_10-54-20.mp4,0.0006117820739746094,0.0026416778564453125,0.0009217262268066406,0.0026416778564453125,Stomach rumble,0.88427734375,0,
2026-07-03_05-08-42.mp4,0.00064849853515625,0.0177764892578125,0.0009217262268066406,0.0177764892578125,Stomach rumble,0.1578369140625,0,
2026-07-14_19-39-43.mp4,0.0,0.0,0.0,0.0,,0.0,0,silent
2026-07-08_01-41-58.mp4,0.0,0.0,0.0,0.0,,0.0,0,silent
2026-07-05_04-39-07.mp4,0.0,0.0,0.0,0.0,,0.0,0,silent
2026-07-10_08-25-17.mp4,0.0,0.0,0.0,0.0,,0.0,0,silent
2026-07-10_13-43-02.mp4,0.0023975372314453125,0.0036220550537109375,0.004024505615234375,0.0036220550537109375,Bird,0.119384765625,0,
2026-07-03_12-57-19.mp4,0.0,0.0,0.0,0.0,,0.0,0,silent
2026-07-10_17-41-21.mp4,0.0,0.0,0.0,0.0,,0.0,0,silent
2026-07-01_23-44-26.mp4,0.001918792724609375,0.0074310302734375,0.0013456344604492188,0.0074310302734375,Stomach rumble,0.436279296875,0,
2026-07-09_20-02-45.mp4,0.0018892288208007812,0.00392913818359375,0.0033626556396484375,0.00392913818359375,Stomach rumble,0.0635986328125,0,
2026-07-04_21-37-53.mp4,0.01861572265625,0.006717681884765625,0.0007581710815429688,0.01861572265625,Speech,0.5673828125,0,
2026-07-21_12-26-37.mp4,0.0,0.0,0.0,0.0,,0.0,0,silent
2026-07-05_08-50-28.mp4,0.0005421638488769531,0.0022430419921875,0.0008168220520019531,0.0022430419921875,Stomach rumble,0.7880859375,0,
2026-07-20_22-59-51.mp4,0.0,0.0,0.0,0.0,,0.0,0,silent
2026-07-23_16-30-17.mp4,0.0,0.0,0.0,0.0,,0.0,0,silent
2026-07-08_14-17-00.mp4,0.0009927749633789062,0.003765106201171875,0.00763702392578125,0.003765106201171875,Stomach rumble,0.3173828125,0,
2026-07-11_22-47-47.mp4,0.0,0.0,0.0,0.0,,0.0,0,silent
2026-07-05_12-53-32.mp4,0.0007672309875488281,0.0094146728515625,0.0007734298706054688,0.0094146728515625,Snoring,0.281494140625,0,
2026-07-04_03-14-07.mp4,0.0003845691680908203,0.01056671142578125,0.0005769729614257812,0.01056671142578125,Stomach rumble,0.1044921875,0,
2026-07-22_21-21-30.mp4,0.0,0.0,0.0,0.0,,0.0,0,silent
2026-07-11_02-08-52.mp4,0.0013151168823242188,0.004520416259765625,0.00530242919921875,0.004520416259765625,Stomach rumble,0.391357421875,0,
2026-07-24_11-44-30.mp4,0.0,0.0,0.0,0.0,,0.0,0,silent
2026-07-04_01-28-59.mp4,0.00524139404296875,0.02337646484375,0.0028781890869140625,0.02337646484375,Speech,0.5244140625,0,
2026-07-23_16-33-41.mp4,0.0,0.0,0.0,0.0,,0.0,0,silent
2026-07-02_03-28-28.mp4,0.0,0.0,0.0,0.0,,0.0,0,silent
2026-07-10_07-19-36.mp4,0.0024623870849609375,0.004467010498046875,0.00690460205078125,0.004467010498046875,Oink,0.1561279296875,0,
2026-07-03_13-42-00.mp4,0.0007524490356445312,0.006168365478515625,0.001178741455078125,0.006168365478515625,Stomach rumble,0.1864013671875,0,
2026-07-08_20-28-32.mp4,0.0008296966552734375,0.003692626953125,0.001979827880859375,0.003692626953125,Owl,0.263671875,0,
2026-07-05_13-24-32.mp4,0.0,0.0,0.0,0.0,,0.0,0,silent
2026-07-02_22-02-44.mp4,0.0,0.0,0.0,0.0,,0.0,0,silent
2026-07-03_19-51-30.mp4,0.0010366439819335938,0.07366943359375,0.00653839111328125,0.07366943359375,Animal,0.1754150390625,0,
2026-07-02_00-33-19.mp4,0.0022792816162109375,0.02630615234375,0.0008492469787597656,0.02630615234375,Bird,0.324951171875,0,
2026-07-14_04-52-43.mp4,0.0,0.0,0.0,0.0,,0.0,0,silent
2026-07-07_07-21-55.mp4,0.0,0.0,0.0,0.0,,0.0,0,silent
2026-07-05_02-32-35.mp4,0.0,0.0,0.0,0.0,,0.0,0,silent
2026-07-12_15-51-19.mp4,0.00018668174743652344,0.027374267578125,0.0004076957702636719,0.027374267578125,Bouncing,0.061309814453125,0,
2026-07-05_02-22-41.mp4,0.0005636215209960938,0.00634002685546875,0.0009255409240722656,0.00634002685546875,Silence,0.1915283203125,0,
2026-07-09_16-19-35.mp4,0.0,0.0,0.0,0.0,,0.0,0,silent
2026-07-08_00-06-41.mp4,0.00473785400390625,0.00441741943359375,0.027435302734375,0.00473785400390625,Speech,0.6962890625,0,
2026-07-17_12-08-29.mp4,0.0,0.0,0.0,0.0,,0.0,0,silent
2026-07-02_07-06-57.mp4,0.0,0.0,0.0,0.0,,0.0,0,silent
2026-07-14_19-34-19.mp4,0.0001055598258972168,0.0018529891967773438,0.00023055076599121094,0.0018529891967773438,Owl,0.96923828125,0,
2026-07-01_18-55-25.mp4,0.006290435791015625,0.0069580078125,0.0009965896606445312,0.0069580078125,Bird,0.78125,0,
2026-07-03_22-51-04.mp4,0.01837158203125,0.009521484375,0.1849365234375,0.01837158203125,Speech,0.765625,0,
2026-07-04_08-57-10.mp4,0.0,0.0,0.0,0.0,,0.0,0,silent
2026-07-19_18-28-09.mp4,0.0,0.0,0.0,0.0,,0.0,0,silent
2026-07-25_11-11-51.mp4,0.0020427703857421875,0.00313568115234375,0.0287017822265625,0.00313568115234375,Throat clearing,0.6376953125,0,
2026-07-05_11-45-33.mp4,0.0,0.0,0.0,0.0,,0.0,0,silent
2026-07-05_12-00-14.mp4,0.0,0.0,0.0,0.0,,0.0,0,silent
2026-07-12_14-49-12.mp4,0.0115509033203125,0.00397491455078125,0.039703369140625,0.0115509033203125,Speech,0.8125,0,
2026-07-18_21-03-34.mp4,0.0007791519165039062,0.004070281982421875,0.016021728515625,0.004070281982421875,Stomach rumble,0.19580078125,0,
2026-07-17_07-51-32.mp4,0.0,0.0,0.0,0.0,,0.0,0,silent
2026-07-15_08-54-13.mp4,0.0010242462158203125,0.00536346435546875,0.0164031982421875,0.00536346435546875,Stomach rumble,0.302490234375,0,
2026-07-10_10-11-58.mp4,0.0,0.0,0.0,0.0,,0.0,0,silent
2026-07-18_11-21-10.mp4,0.001201629638671875,0.005279541015625,0.00812530517578125,0.005279541015625,Stomach rumble,0.30419921875,0,
2026-07-02_04-18-21.mp4,0.0,0.0,0.0,0.0,,0.0,0,silent
2026-07-07_12-03-04.mp4,0.0,0.0,0.0,0.0,,0.0,0,silent
2026-07-12_05-31-52.mp4,0.0,0.0,0.0,0.0,,0.0,0,silent
2026-07-10_16-41-17.mp4,0.0,0.0,0.0,0.0,,0.0,0,silent
2026-07-08_22-03-34.mp4,0.0011653900146484375,0.003185272216796875,0.00400543212890625,0.003185272216796875,Stomach rumble,0.76318359375,0,
2026-07-02_22-51-50.mp4,0.00621795654296875,0.0117340087890625,0.0022525787353515625,0.0117340087890625,Speech,0.26806640625,0,
2026-07-14_14-55-25.mp4,0.001628875732421875,0.005260467529296875,0.0022792816162109375,0.005260467529296875,Turkey,0.259033203125,0,
2026-07-09_14-06-48.mp4,0.0,0.0,0.0,0.0,,0.0,0,silent
2026-07-05_11-44-27.mp4,0.0,0.0,0.0,0.0,,0.0,0,silent
2026-07-07_09-29-42.mp4,0.0,0.0,0.0,0.0,,0.0,0,silent
2026-07-04_05-06-13.mp4,0.0,0.0,0.0,0.0,,0.0,0,silent
2026-07-25_13-45-14.mp4,0.0,0.0,0.0,0.0,,0.0,0,silent
2026-07-20_11-29-50.mp4,0.0,0.0,0.0,0.0,,0.0,0,silent
2026-07-23_07-55-46.mp4,0.0,0.0,0.0,0.0,,0.0,0,silent
2026-07-05_03-45-40.mp4,0.0,0.0,0.0,0.0,,0.0,0,silent
2026-07-11_10-50-10.mp4,0.00047659873962402344,0.0035247802734375,0.00989532470703125,0.0035247802734375,Animal,0.326416015625,0,
2026-07-06_11-38-17.mp4,0.0,0.0,0.0,0.0,,0.0,0,silent
2026-07-10_11-16-33.mp4,0.0,0.0,0.0,0.0,,0.0,0,silent
2026-07-21_15-33-11.mp4,0.0,0.0,0.0,0.0,,0.0,0,silent
2026-07-01_07-34-41.mp4,0.0,0.0,0.0,0.0,,0.0,0,silent
2026-07-09_20-06-33.mp4,0.0018606185913085938,0.0189056396484375,0.0026531219482421875,0.0189056396484375,Stomach rumble,0.1221923828125,0,
2026-07-05_08-54-34.mp4,0.0,0.0,0.0,0.0,,0.0,0,silent
2026-07-13_07-11-03.mp4,0.0,0.0,0.0,0.0,,0.0,0,silent
2026-06-30_22-36-31.mp4,0.0011205673217773438,0.00997161865234375,0.0006747245788574219,0.00997161865234375,"Pigeon, dove",0.81884765625,0,
2026-07-02_02-26-28.mp4,0.0,0.0,0.0,0.0,,0.0,0,silent
2026-07-16_06-47-41.mp4,0.0002892017364501953,0.003635406494140625,0.0011243820190429688,0.003635406494140625,Chop,0.035675048828125,0,
2026-07-09_14-43-24.mp4,0.0008168220520019531,0.0294189453125,0.0004601478576660156,0.0294189453125,Stomach rumble,0.458984375,0,
2026-07-08_07-39-46.mp4,0.0,0.0,0.0,0.0,,0.0,0,silent
2026-07-01_21-39-52.mp4,0.0245208740234375,0.032470703125,0.002471923828125,0.032470703125,Speech,0.328125,0,
2026-07-03_00-43-25.mp4,0.0,0.0,0.0,0.0,,0.0,0,silent
2026-07-07_13-09-16.mp4,0.0,0.0,0.0,0.0,,0.0,0,silent
2026-07-06_21-21-10.mp4,0.0,0.0,0.0,0.0,,0.0,0,silent
2026-07-19_09-47-20.mp4,0.0006437301635742188,0.0265045166015625,0.0021991729736328125,0.0265045166015625,Speech,0.38330078125,0,
2026-07-06_17-55-18.mp4,0.0,0.0,0.0,0.0,,0.0,0,silent
2026-07-04_00-54-53.mp4,0.0018310546875,0.0021572113037109375,0.0177154541015625,0.0021572113037109375,Speech,0.1787109375,0,
2026-07-06_00-12-00.mp4,0.00391387939453125,0.002811431884765625,0.033203125,0.00391387939453125,Speech,0.352294921875,0,
2026-07-10_22-16-06.mp4,0.0,0.0,0.0,0.0,,0.0,0,silent
2026-07-17_18-55-40.mp4,0.0,0.0,0.0,0.0,,0.0,0,silent
2026-07-10_14-08-38.mp4,0.0004992485046386719,0.00916290283203125,0.0020275115966796875,0.00916290283203125,Bird,0.41796875,0,
2026-07-14_13-50-14.mp4,0.0,0.0,0.0,0.0,,0.0,0,silent
2026-07-13_14-19-17.mp4,0.0004107952117919922,0.0214080810546875,0.0017414093017578125,0.0214080810546875,Vehicle,0.06756591796875,0,
2026-07-11_17-01-06.mp4,0.0,0.0,0.0,0.0,,0.0,0,silent
2026-07-15_07-45-14.mp4,0.0,0.0,0.0,0.0,,0.0,0,silent
2026-07-17_02-48-17.mp4,0.0,0.0,0.0,0.0,,0.0,0,silent
2026-07-11_01-54-22.mp4,0.0,0.0,0.0,0.0,,0.0,0,silent
2026-07-07_11-13-41.mp4,0.0,0.0,0.0,0.0,,0.0,0,silent
2026-07-09_20-30-03.mp4,0.0,0.0,0.0,0.0,,0.0,0,silent
2026-07-04_06-44-10.mp4,0.0002453327178955078,0.005138397216796875,0.00047278404235839844,0.005138397216796875,Stomach rumble,0.8916015625,0,
2026-07-06_00-40-30.mp4,0.0013780593872070312,0.0029582977294921875,0.0074615478515625,0.0029582977294921875,Hiccup,0.2017822265625,0,
2026-07-26_04-39-41.mp4,0.0020427703857421875,0.0016489028930664062,0.00971221923828125,0.0020427703857421875,Bird,0.095703125,0,
2026-07-07_04-51-03.mp4,0.0,0.0,0.0,0.0,,0.0,0,silent
2026-07-18_15-16-56.mp4,0.0008969306945800781,0.0027370452880859375,0.0009927749633789062,0.0027370452880859375,Stomach rumble,0.182861328125,0,
2026-07-05_13-05-20.mp4,0.0,0.0,0.0,0.0,,0.0,0,silent
2026-07-08_01-03-52.mp4,0.0,0.0,0.0,0.0,,0.0,0,silent
2026-07-12_18-22-53.mp4,0.0010652542114257812,0.0050811767578125,0.0010528564453125,0.0050811767578125,"Pigeon, dove",0.1622314453125,0,
2026-07-04_08-29-11.mp4,0.0,0.0,0.0,0.0,,0.0,0,silent
2026-06-30_14-24-25.mp4,0.0214080810546875,0.021209716796875,0.00881195068359375,0.0214080810546875,Speech,0.79833984375,0,
2026-06-30_18-22-13.mp4,0.0010528564453125,0.0106964111328125,0.0006961822509765625,0.0106964111328125,Bird,0.759765625,0,
2026-07-25_01-14-46.mp4,0.0,0.0,0.0,0.0,,0.0,0,silent
2026-07-04_02-40-16.mp4,0.0059814453125,0.005321502685546875,0.0016679763793945312,0.0059814453125,Stomach rumble,0.18212890625,0,
2026-07-01_09-36-54.mp4,0.0,0.0,0.0,0.0,,0.0,0,silent
2026-07-17_07-23-14.mp4,0.0,0.0,0.0,0.0,,0.0,0,silent
2026-07-13_10-50-01.mp4,0.0,0.0,0.0,0.0,,0.0,0,silent
2026-07-22_03-10-40.mp4,0.0,0.0,0.0,0.0,,0.0,0,silent
2026-07-06_00-19-30.mp4,0.0208892822265625,0.04217529296875,0.01238250732421875,0.04217529296875,Speech,0.7763671875,0,
2026-07-25_19-45-28.mp4,0.004150390625,0.0521240234375,0.0321044921875,0.0521240234375,Speech,0.72021484375,0,
2026-07-07_04-57-45.mp4,0.0,0.0,0.0,0.0,,0.0,0,silent
2026-07-02_02-31-16.mp4,0.0,0.0,0.0,0.0,,0.0,0,silent
2026-07-21_10-13-44.mp4,0.0,0.0,0.0,0.0,,0.0,0,silent
2026-07-06_15-22-42.mp4,0.0,0.0,0.0,0.0,,0.0,0,silent
2026-07-05_13-04-02.mp4,0.0,0.0,0.0,0.0,,0.0,0,silent
2026-07-11_17-57-30.mp4,0.0191650390625,0.0203399658203125,0.02203369140625,0.0203399658203125,Speech,0.8349609375,0,
2026-07-06_13-28-15.mp4,0.000690460205078125,0.004665374755859375,0.0011653900146484375,0.004665374755859375,Stomach rumble,0.234375,0,
2026-07-22_08-55-23.mp4,0.0009965896606445312,0.003063201904296875,0.00131988525390625,0.003063201904296875,Stomach rumble,0.521484375,0,
2026-07-14_11-50-03.mp4,0.0,0.0,0.0,0.0,,0.0,0,silent
2026-07-05_04-36-37.mp4,0.0,0.0,0.0,0.0,,0.0,0,silent
2026-07-18_15-12-44.mp4,0.0008969306945800781,0.006587982177734375,0.0022430419921875,0.006587982177734375,Silence,0.07171630859375,0,
2026-07-05_11-30-27.mp4,0.0,0.0,0.0,0.0,,0.0,0,silent
2026-07-09_19-59-21.mp4,0.0007152557373046875,0.01898193359375,0.0017957687377929688,0.01898193359375,Stomach rumble,0.10650634765625,0,
2026-07-08_23-17-10.mp4,0.00128936767578125,0.0115509033203125,0.0006537437438964844,0.0115509033203125,"Pigeon, dove",0.73095703125,0,
2026-07-11_02-05-10.mp4,0.0,0.0,0.0,0.0,,0.0,0,silent
2026-07-18_17-58-18.mp4,0.006439208984375,0.0022525787353515625,0.681640625,0.006439208984375,Speech,0.802734375,0,
2026-07-26_02-22-06.mp4,0.0003418922424316406,0.0021820068359375,0.01666259765625,0.0021820068359375,"Domestic animals, pets",0.67919921875,0,
2026-07-25_23-50-02.mp4,0.001987457275390625,0.006191253662109375,0.07763671875,0.006191253662109375,Hiccup,0.373291015625,0,
2026-07-15_18-36-07.mp4,0.0,0.0,0.0,0.0,,0.0,0,silent
2026-07-05_19-02-30.mp4,0.0185394287109375,0.0048675537109375,0.005199432373046875,0.0185394287109375,Speech,0.81396484375,0,
2026-07-02_14-21-52.mp4,0.0,0.0,0.0,0.0,,0.0,0,silent
2026-07-10_13-30-56.mp4,0.00154876708984375,0.006412506103515625,0.00557708740234375,0.006412506103515625,Animal,0.07196044921875,0,
2026-07-19_10-43-50.mp4,0.008514404296875,0.0137939453125,0.0260009765625,0.0137939453125,Speech,0.52734375,0,
2026-07-22_08-55-11.mp4,0.0007915496826171875,0.0060272216796875,0.0099334716796875,0.0060272216796875,Bird,0.52734375,0,
2026-07-11_14-51-59.mp4,0.0005464553833007812,0.0029811859130859375,0.0011072158813476562,0.0029811859130859375,Stomach rumble,0.78564453125,0,
2026-07-14_13-36-50.mp4,0.0,0.0,0.0,0.0,,0.0,0,silent
2026-07-09_05-41-42.mp4,0.0,0.0,0.0,0.0,,0.0,0,silent
2026-07-13_19-47-54.mp4,0.00284576416015625,0.022369384765625,0.002323150634765625,0.022369384765625,Silence,0.1376953125,0,
2026-07-04_08-07-23.mp4,0.0,0.0,0.0,0.0,,0.0,0,silent
2026-07-12_06-40-09.mp4,0.00809478759765625,0.007488250732421875,0.033843994140625,0.00809478759765625,Speech,0.67138671875,0,
2026-07-20_22-00-40.mp4,0.0,0.0,0.0,0.0,,0.0,0,silent
2026-07-09_14-09-54.mp4,0.0009074211120605469,0.0509033203125,0.001255035400390625,0.0509033203125,Stomach rumble,0.385498046875,0,
2026-07-11_17-16-00.mp4,0.0023784637451171875,0.0537109375,0.004039764404296875,0.0537109375,"Pigeon, dove",0.327880859375,0,
2026-07-22_11-06-16.mp4,0.00274658203125,0.0063629150390625,0.011962890625,0.0063629150390625,Stomach rumble,0.268310546875,0,
2026-07-11_18-03-59.mp4,0.0009889602661132812,0.01490020751953125,0.00269317626953125,0.01490020751953125,Stomach rumble,0.1761474609375,0,
2026-07-07_02-08-58.mp4,0.0005421638488769531,0.1959228515625,0.0009326934814453125,0.1959228515625,Sonar,0.54833984375,0,
2026-07-05_08-50-04.mp4,0.0008459091186523438,0.0144500732421875,0.00260162353515625,0.0144500732421875,Stomach rumble,0.5361328125,0,
2026-07-12_13-49-37.mp4,0.001129150390625,0.003185272216796875,0.006290435791015625,0.003185272216796875,Hiccup,0.1395263671875,0,
2026-07-05_16-17-58.mp4,0.00019109249114990234,0.01666259765625,0.0004820823669433594,0.01666259765625,Stomach rumble,0.25,0,
2026-07-18_14-15-57.mp4,0.0,0.0,0.0,0.0,,0.0,0,silent
2026-07-07_08-40-54.mp4,0.0,0.0,0.0,0.0,,0.0,0,silent
2026-07-14_07-22-30.mp4,0.0007524490356445312,0.00646209716796875,0.0083465576171875,0.00646209716796875,Silence,0.06280517578125,0,
2026-07-02_03-37-04.mp4,0.0009584426879882812,0.0024929046630859375,0.0007791519165039062,0.0024929046630859375,Stomach rumble,0.273681640625,0,
2026-07-18_07-25-37.mp4,0.0005679130554199219,0.00319671630859375,0.0010204315185546875,0.00319671630859375,Whale vocalization,0.20751953125,0,
2026-07-09_16-03-11.mp4,0.0,0.0,0.0,0.0,,0.0,0,silent
2026-07-07_00-25-47.mp4,0.0006093978881835938,0.0809326171875,0.0021915435791015625,0.0809326171875,Sonar,0.677734375,0,
2026-07-08_15-52-23.mp4,0.0,0.0,0.0,0.0,,0.0,0,silent
2026-07-07_18-54-31.mp4,0.0,0.0,0.0,0.0,,0.0,0,silent
2026-07-08_22-28-52.mp4,0.0,0.0,0.0,0.0,,0.0,0,silent
2026-07-10_06-38-12.mp4,0.0,0.0,0.0,0.0,,0.0,0,silent
2026-07-06_00-06-48.mp4,0.0,0.0,0.0,0.0,,0.0,0,silent
2026-06-30_21-42-49.mp4,0.0007977485656738281,0.0037364959716796875,0.0021495819091796875,0.0037364959716796875,Stomach rumble,0.09893798828125,0,
2026-07-09_17-06-41.mp4,0.005619049072265625,0.005344390869140625,0.0038852691650390625,0.005619049072265625,Whale vocalization,0.2017822265625,0,
2026-07-10_14-14-32.mp4,0.0,0.0,0.0,0.0,,0.0,0,silent
2026-07-17_22-41-12.mp4,0.0,0.0,0.0,0.0,,0.0,0,silent
2026-07-07_09-21-30.mp4,0.0,0.0,0.0,0.0,,0.0,0,silent
2026-07-23_23-23-20.mp4,0.0006747245788574219,0.004608154296875,0.003429412841796875,0.004608154296875,Stomach rumble,0.29638671875,0,
2026-07-01_23-34-02.mp4,0.0,0.0,0.0,0.0,,0.0,0,silent
2026-07-02_10-03-43.mp4,0.0,0.0,0.0,0.0,,0.0,0,silent
2026-07-23_16-34-53.mp4,0.0,0.0,0.0,0.0,,0.0,0,silent
2026-07-05_09-24-45.mp4,0.0,0.0,0.0,0.0,,0.0,0,silent
2026-07-08_14-14-06.mp4,0.0,0.0,0.0,0.0,,0.0,0,silent
2026-07-15_19-51-18.mp4,0.0,0.0,0.0,0.0,,0.0,0,silent
2026-07-07_20-22-24.mp4,0.0,0.0,0.0,0.0,,0.0,0,silent
2026-07-02_04-20-51.mp4,0.0,0.0,0.0,0.0,,0.0,0,silent
2026-07-06_21-32-40.mp4,0.0165863037109375,0.034423828125,0.00441741943359375,0.034423828125,Speech,0.68896484375,0,
2026-07-01_21-39-40.mp4,0.040008544921875,0.0364990234375,0.008544921875,0.040008544921875,Speech,0.59375,0,
2026-07-08_14-04-43.mp4,0.0,0.0,0.0,0.0,,0.0,0,silent
2026-07-25_10-54-16.mp4,0.0008492469787597656,0.019195556640625,0.07366943359375,0.019195556640625,Animal,0.1279296875,0,
2026-07-22_00-40-41.mp4,0.004215240478515625,0.006122589111328125,0.006511688232421875,0.006122589111328125,Speech,0.487060546875,0,
2026-07-08_21-47-05.mp4,0.0,0.0,0.0,0.0,,0.0,0,silent
2026-07-06_10-36-35.mp4,0.0,0.0,0.0,0.0,,0.0,0,silent
2026-07-11_01-38-52.mp4,0.0,0.0,0.0,0.0,,0.0,0,silent
2026-07-16_03-54-01.mp4,0.0,0.0,0.0,0.0,,0.0,0,silent
2026-07-24_07-27-45.mp4,0.0023136138916015625,0.005687713623046875,0.0238189697265625,0.005687713623046875,Stomach rumble,0.376708984375,0,
2026-07-21_12-03-43.mp4,0.0007381439208984375,0.00279998779296875,0.001178741455078125,0.00279998779296875,Stomach rumble,0.97998046875,0,
2026-07-25_17-53-47.mp4,0.0,0.0,0.0,0.0,,0.0,0,silent
2026-07-15_23-38-39.mp4,0.01090240478515625,0.01751708984375,0.00634002685546875,0.01751708984375,Speech,0.5693359375,0,
2026-07-17_02-45-53.mp4,0.0011243820190429688,0.0027370452880859375,0.0025615692138671875,0.0027370452880859375,"Pigeon, dove",0.355712890625,0,
2026-07-01_08-20-13.mp4,0.0,0.0,0.0,0.0,,0.0,0,silent
2026-07-14_14-23-08.mp4,0.0,0.0,0.0,0.0,,0.0,0,silent
2026-07-01_18-03-11.mp4,0.0,0.0,0.0,0.0,,0.0,0,silent
2026-07-22_15-16-25.mp4,0.0004935264587402344,0.0020198822021484375,0.0020503997802734375,0.0020198822021484375,Stomach rumble,0.7529296875,0,
2026-07-21_15-30-17.mp4,0.0,0.0,0.0,0.0,,0.0,0,silent
2026-07-15_10-09-37.mp4,0.0,0.0,0.0,0.0,,0.0,0,silent
2026-07-13_09-23-56.mp4,0.0,0.0,0.0,0.0,,0.0,0,silent
2026-07-26_02-38-12.mp4,0.004886627197265625,0.00327301025390625,0.0439453125,0.004886627197265625,Speech,0.255615234375,0,
2026-07-06_18-28-18.mp4,0.0009288787841796875,0.01467132568359375,0.001129150390625,0.01467132568359375,Stomach rumble,0.239501953125,0,
2026-07-20_22-58-39.mp4,0.0016040802001953125,0.0026531219482421875,0.01495361328125,0.0026531219482421875,Owl,0.333984375,0,
2026-07-08_20-45-44.mp4,0.0012350082397460938,0.02606201171875,0.002452850341796875,0.02606201171875,Arrow,0.0982666015625,0,
2026-07-07_06-17-32.mp4,0.0006022453308105469,0.024139404296875,0.0009217262268066406,0.024139404296875,Whale vocalization,0.2401123046875,0,
2026-07-20_19-56-17.mp4,0.03131103515625,0.0199127197265625,0.006511688232421875,0.03131103515625,Speech,0.9169921875,0,
2026-07-07_17-24-13.mp4,0.0016231536865234375,0.00494384765625,0.0007700920104980469,0.00494384765625,Stomach rumble,0.3271484375,0,
2026-07-01_21-46-28.mp4,0.042724609375,0.0251312255859375,0.00885009765625,0.042724609375,Speech,0.650390625,0,
2026-07-04_10-20-39.mp4,0.0,0.0,0.0,0.0,,0.0,0,silent
2026-07-03_06-02-05.mp4,0.0,0.0,0.0,0.0,,0.0,0,silent
2026-07-21_08-35-09.mp4,0.0005526542663574219,0.0027141571044921875,0.0020503997802734375,0.0027141571044921875,Stomach rumble,0.76953125,0,
2026-07-07_11-21-29.mp4,0.0,0.0,0.0,0.0,,0.0,0,silent
2026-07-10_17-56-38.mp4,0.0,0.0,0.0,0.0,,0.0,0,silent
2026-07-01_06-22-02.mp4,0.0006384849548339844,0.01177978515625,0.0012063980102539062,0.01177978515625,Snoring,0.28173828125,0,
2026-07-07_22-36-30.mp4,0.0,0.0,0.0,0.0,,0.0,0,silent
2026-07-14_18-58-55.mp4,0.0,0.0,0.0,0.0,,0.0,0,silent
2026-07-05_10-26-43.mp4,0.0,0.0,0.0,0.0,,0.0,0,silent
2026-07-06_20-46-10.mp4,0.0004565715789794922,0.00284576416015625,0.0008897781372070312,0.00284576416015625,Stomach rumble,0.7607421875,0,
2026-07-03_20-40-42.mp4,0.1551513671875,0.026702880859375,0.0037078857421875,0.1551513671875,Speech,0.8623046875,0,
2026-07-09_09-56-15.mp4,0.0,0.0,0.0,0.0,,0.0,0,silent
2026-07-07_11-22-23.mp4,0.004791259765625,0.00945281982421875,0.0009112358093261719,0.00945281982421875,Stomach rumble,0.09808349609375,0,
2026-07-21_06-13-05.mp4,0.0,0.0,0.0,0.0,,0.0,0,silent
2026-07-02_06-23-27.mp4,0.0,0.0,0.0,0.0,,0.0,0,silent
2026-07-18_13-11-33.mp4,0.0010042190551757812,0.0032863616943359375,0.00881195068359375,0.0032863616943359375,Bird,0.169189453125,0,
2026-07-20_15-33-11.mp4,0.0,0.0,0.0,0.0,,0.0,0,silent
2026-07-03_20-17-06.mp4,0.00031757354736328125,0.01029205322265625,0.00064849853515625,0.01029205322265625,Stomach rumble,0.1317138671875,0,
2026-07-25_02-51-45.mp4,0.0,0.0,0.0,0.0,,0.0,0,silent
2026-07-10_00-33-58.mp4,0.0,0.0,0.0,0.0,,0.0,0,silent
2026-07-14_22-37-56.mp4,0.0,0.0,0.0,0.0,,0.0,0,silent
2026-07-11_22-47-35.mp4,0.0020999908447265625,0.0141754150390625,0.00359344482421875,0.0141754150390625,Stomach rumble,0.100341796875,0,
2026-07-25_03-50-44.mp4,0.0,0.0,0.0,0.0,,0.0,0,silent
2026-07-18_22-02-58.mp4,0.00323486328125,0.0029125213623046875,0.037261962890625,0.00323486328125,Hiccup,0.298095703125,0,
2026-07-03_12-08-55.mp4,0.0,0.0,0.0,0.0,,0.0,0,silent
2026-07-09_11-22-26.mp4,0.0,0.0,0.0,0.0,,0.0,0,silent
2026-07-08_20-45-56.mp4,0.016845703125,0.039947509765625,0.0215301513671875,0.039947509765625,Speech,0.830078125,0,
2026-07-25_14-19-55.mp4,0.0022430419921875,0.011962890625,0.01090240478515625,0.011962890625,Stomach rumble,0.0943603515625,0,
2026-07-02_12-47-41.mp4,0.0,0.0,0.0,0.0,,0.0,0,silent
2026-07-22_13-37-14.mp4,0.0,0.0,0.0,0.0,,0.0,0,silent
2026-07-02_17-24-03.mp4,0.0,0.0,0.0,0.0,,0.0,0,silent
2026-07-05_13-30-13.mp4,0.0,0.0,0.0,0.0,,0.0,0,silent
2026-07-25_23-28-20.mp4,0.0,0.0,0.0,0.0,,0.0,0,silent
2026-07-20_19-49-41.mp4,0.0012645721435546875,0.0162811279296875,0.0009737014770507812,0.0162811279296875,Heart murmur,0.06573486328125,0,
2026-07-04_07-10-35.mp4,0.0,0.0,0.0,0.0,,0.0,0,silent
2026-07-18_15-37-26.mp4,0.0012350082397460938,0.0022335052490234375,0.0022335052490234375,0.0022335052490234375,Stomach rumble,0.255615234375,0,
2026-07-05_03-38-10.mp4,0.0,0.0,0.0,0.0,,0.0,0,silent
2026-07-11_05-08-14.mp4,0.0,0.0,0.0,0.0,,0.0,0,silent
2026-07-12_17-42-44.mp4,0.0009002685546875,0.007965087890625,0.000583648681640625,0.007965087890625,Bird,0.36181640625,0,
2026-07-06_12-48-04.mp4,0.0,0.0,0.0,0.0,,0.0,0,silent
2026-07-02_10-13-13.mp4,0.0,0.0,0.0,0.0,,0.0,0,silent
2026-07-04_06-33-19.mp4,0.0006022453308105469,0.011871337890625,0.0005908012390136719,0.011871337890625,Tick,0.27783203125,0,
2026-07-01_08-19-22.mp4,0.00025916099548339844,0.004085540771484375,0.0004222393035888672,0.004085540771484375,Ping,0.10107421875,0,
2026-07-03_16-17-47.mp4,0.01898193359375,0.0150146484375,0.007724761962890625,0.01898193359375,Speech,0.81640625,0,
2026-07-04_08-06-05.mp4,0.0,0.0,0.0,0.0,,0.0,0,silent
2026-07-08_12-00-50.mp4,0.0003712177276611328,0.0035648345947265625,0.0005297660827636719,0.0035648345947265625,Gurgling,0.19482421875,0,
2026-07-04_02-22-22.mp4,0.0,0.0,0.0,0.0,,0.0,0,silent
2026-07-08_20-46-32.mp4,0.0469970703125,0.01507568359375,0.0011072158813476562,0.0469970703125,Speech,0.7861328125,0,
2026-07-09_11-46-02.mp4,0.0,0.0,0.0,0.0,,0.0,0,silent
2026-07-02_00-53-31.mp4,0.0063629150390625,0.012054443359375,0.00812530517578125,0.012054443359375,Stomach rumble,0.42626953125,0,
2026-07-21_11-17-55.mp4,0.0005955696105957031,0.00319671630859375,0.1279296875,0.00319671630859375,Whimper,0.1279296875,0,
2026-07-02_15-36-51.mp4,0.0005769729614257812,0.007175445556640625,0.00128936767578125,0.007175445556640625,Bird,0.71337890625,0,
2026-07-10_14-21-31.mp4,0.0,0.0,0.0,0.0,,0.0,0,silent
2026-07-09_14-39-36.mp4,0.0,0.0,0.0,0.0,,0.0,0,silent
2026-07-06_23-41-24.mp4,0.00064849853515625,0.1019287109375,0.0009326934814453125,0.1019287109375,Printer,0.1815185546875,0,
2026-07-19_11-29-03.mp4,0.0,0.0,0.0,0.0,,0.0,0,silent
2026-07-01_18-41-38.mp4,0.0083770751953125,0.033599853515625,0.00621795654296875,0.033599853515625,Speech,0.465576171875,0,
2026-07-07_02-06-58.mp4,0.0006289482116699219,0.10089111328125,0.0024814605712890625,0.10089111328125,Whale vocalization,0.330322265625,0,
2026-07-03_21-26-05.mp4,0.0008726119995117188,0.047698974609375,0.0012159347534179688,0.047698974609375,Whale vocalization,0.0823974609375,0,
2026-07-05_15-50-46.mp4,0.0012845993041992188,0.002414703369140625,0.01467132568359375,0.002414703369140625,Stomach rumble,0.134033203125,0,
2026-07-14_22-46-20.mp4,0.0005035400390625,0.0035800933837890625,0.00821685791015625,0.0035800933837890625,Owl,0.642578125,0,
2026-07-03_11-05-56.mp4,0.0,0.0,0.0,0.0,,0.0,0,silent
2026-07-03_06-39-47.mp4,0.0,0.0,0.0,0.0,,0.0,0,silent
2026-07-04_23-49-45.mp4,0.0,0.0,0.0,0.0,,0.0,0,silent
2026-07-09_06-00-42.mp4,0.0,0.0,0.0,0.0,,0.0,0,silent
2026-07-09_16-02-35.mp4,0.0007886886596679688,0.009674072265625,0.0010862350463867188,0.009674072265625,Stomach rumble,0.279052734375,0,
2026-07-07_01-16-47.mp4,0.0011739730834960938,0.006717681884765625,0.0025119781494140625,0.006717681884765625,Bird,0.06915283203125,0,
2026-07-01_12-42-18.mp4,0.0,0.0,0.0,0.0,,0.0,0,silent
2026-07-06_18-02-30.mp4,0.010406494140625,0.0207672119140625,0.0022335052490234375,0.0207672119140625,"Pigeon, dove",0.2078857421875,0,
2026-07-21_13-04-06.mp4,0.0009737014770507812,0.004467010498046875,0.0009889602661132812,0.004467010498046875,Stomach rumble,0.488037109375,0,
2026-07-03_12-54-31.mp4,0.0,0.0,0.0,0.0,,0.0,0,silent
2026-07-07_19-13-01.mp4,0.0028667449951171875,0.037322998046875,0.0043487548828125,0.037322998046875,Bird,0.04779052734375,0,
2026-07-06_18-34-41.mp4,0.0011072158813476562,0.004215240478515625,0.0017747879028320312,0.004215240478515625,Bird,0.414306640625,0,
2026-07-22_00-10-05.mp4,0.0009436607360839844,0.0038852691650390625,0.001239776611328125,0.0038852691650390625,Stomach rumble,0.262451171875,0,
2026-07-05_22-00-32.mp4,0.0008525848388671875,0.00469970703125,0.002452850341796875,0.00469970703125,Stomach rumble,0.70751953125,0,
2026-07-04_06-38-19.mp4,0.0002065896987915039,0.0083465576171875,0.000743865966796875,0.0083465576171875,Stomach rumble,0.438232421875,0,
2026-07-15_17-49-49.mp4,0.00029587745666503906,0.0029811859130859375,0.0004494190216064453,0.0029811859130859375,Stomach rumble,0.57763671875,0,
2026-07-03_00-17-57.mp4,0.001495361328125,0.006587982177734375,0.001361846923828125,0.006587982177734375,Stomach rumble,0.207275390625,0,
2026-07-10_13-31-08.mp4,0.0023059844970703125,0.00653839111328125,0.00997161865234375,0.00653839111328125,Whale vocalization,0.131103515625,0,
2026-07-05_05-32-41.mp4,0.0,0.0,0.0,0.0,,0.0,0,silent
2026-07-06_03-20-46.mp4,0.0009927749633789062,0.01177978515625,0.0012159347534179688,0.01177978515625,Bird,0.40478515625,0,
2026-07-03_09-52-33.mp4,0.0,0.0,0.0,0.0,,0.0,0,silent
2026-07-19_23-44-12.mp4,0.0,0.0,0.0,0.0,,0.0,0,silent
2026-07-06_08-08-19.mp4,0.0,0.0,0.0,0.0,,0.0,0,silent
2026-07-09_17-33-59.mp4,0.0005464553833007812,0.01406097412109375,0.0005636215209960938,0.01406097412109375,Stomach rumble,0.47802734375,0,
2026-07-19_01-49-19.mp4,0.0007977485656738281,0.0094146728515625,0.00971221923828125,0.0094146728515625,Bird,0.162109375,0,
2026-07-06_00-38-06.mp4,0.0029010772705078125,0.006145477294921875,0.00609588623046875,0.006145477294921875,Stomach rumble,0.350341796875,0,
2026-07-09_06-58-17.mp4,0.0002434253692626953,0.0030040740966796875,0.0016040802001953125,0.0030040740966796875,Stomach rumble,0.78515625,0,
2026-07-05_03-38-35.mp4,0.0,0.0,0.0,0.0,,0.0,0,silent
2026-07-23_00-50-32.mp4,0.0027141571044921875,0.0022430419921875,0.0305633544921875,0.0027141571044921875,"Burping, eructation",0.2127685546875,0,
2026-07-02_10-35-18.mp4,0.0,0.0,0.0,0.0,,0.0,0,silent
2026-07-26_09-36-50.mp4,0.0013990402221679688,0.0027256011962890625,0.00812530517578125,0.0027256011962890625,Stomach rumble,0.57958984375,0,
2026-07-05_07-56-22.mp4,0.0,0.0,0.0,0.0,,0.0,0,silent
2026-07-24_02-31-24.mp4,0.0021152496337890625,0.004230499267578125,0.0015192031860351562,0.004230499267578125,Owl,0.74560546875,0,
2026-07-22_02-35-10.mp4,0.0,0.0,0.0,0.0,,0.0,0,silent
2026-07-15_04-26-46.mp4,0.0005035400390625,0.0236968994140625,0.0008230209350585938,0.0236968994140625,Knock,0.08660888671875,0,
2026-07-08_18-53-51.mp4,0.0011920928955078125,0.006511688232421875,0.0013408660888671875,0.006511688232421875,Stomach rumble,0.30859375,0,
2026-07-09_05-52-06.mp4,0.0009002685546875,0.0121917724609375,0.0030994415283203125,0.0121917724609375,Gurgling,0.08447265625,0,
2026-07-05_12-13-44.mp4,0.0,0.0,0.0,0.0,,0.0,0,silent
2026-07-04_01-44-23.mp4,0.003429412841796875,0.007965087890625,0.0012350082397460938,0.007965087890625,Speech,0.360107421875,0,
2026-07-18_07-18-19.mp4,0.0,0.0,0.0,0.0,,0.0,0,silent
2026-07-14_14-58-01.mp4,0.0004513263702392578,0.0039005279541015625,0.007259368896484375,0.0039005279541015625,Owl,0.9091796875,0,
2026-07-26_04-10-11.mp4,0.0,0.0,0.0,0.0,,0.0,0,silent
2026-07-09_18-51-05.mp4,0.002834320068359375,0.00579833984375,0.01238250732421875,0.00579833984375,Bird,0.3095703125,0,
2026-07-07_10-49-23.mp4,0.0,0.0,0.0,0.0,,0.0,0,silent
2026-07-24_21-13-12.mp4,0.003482818603515625,0.007694244384765625,0.0017137527465820312,0.007694244384765625,Stomach rumble,0.414794921875,0,
2026-07-21_14-07-30.mp4,0.0,0.0,0.0,0.0,,0.0,0,silent
2026-07-25_02-48-09.mp4,0.0005884170532226562,0.0038394927978515625,0.1063232421875,0.0038394927978515625,Animal,0.8447265625,0,
2026-06-30_16-10-44.mp4,0.040771484375,0.0154876708984375,0.00891876220703125,0.040771484375,Speech,0.7451171875,0,
2026-07-09_17-03-23.mp4,0.00021660327911376953,0.003749847412109375,0.0002715587615966797,0.003749847412109375,Stomach rumble,0.4140625,0,
2026-07-12_14-51-36.mp4,0.0,0.0,0.0,0.0,,0.0,0,silent
2026-07-12_08-11-32.mp4,0.00217437744140625,0.00579833984375,0.006771087646484375,0.00579833984375,Stomach rumble,0.35546875,0,
2026-07-15_17-42-13.mp4,0.0,0.0,0.0,0.0,,0.0,0,silent
2026-07-11_18-51-27.mp4,0.0,0.0,0.0,0.0,,0.0,0,silent
2026-07-04_10-40-16.mp4,0.0,0.0,0.0,0.0,,0.0,0,silent
2026-07-01_06-16-14.mp4,0.0,0.0,0.0,0.0,,0.0,0,silent
2026-07-06_14-35-42.mp4,0.0009183883666992188,0.0038547515869140625,0.0009365081787109375,0.0038547515869140625,"Pigeon, dove",0.71240234375,0,
2026-07-16_22-31-38.mp4,0.00157928466796875,0.0017137527465820312,0.00428009033203125,0.0017137527465820312,Owl,0.70849609375,0,
2026-07-03_07-32-40.mp4,0.0,0.0,0.0,0.0,,0.0,0,silent
2026-07-13_09-31-02.mp4,0.0010900497436523438,0.00572967529296875,0.0120086669921875,0.00572967529296875,Stomach rumble,0.127685546875,0,
2026-07-03_12-15-31.mp4,0.0,0.0,0.0,0.0,,0.0,0,silent
2026-07-17_03-23-23.mp4,0.0009112358093261719,0.0276336669921875,0.0030155181884765625,0.0276336669921875,Whale vocalization,0.1495361328125,0,
2026-07-03_13-22-00.mp4,0.0,0.0,0.0,0.0,,0.0,0,silent
2026-07-10_15-18-43.mp4,0.0008168220520019531,0.01483917236328125,0.0013990402221679688,0.01483917236328125,Stomach rumble,0.056243896484375,0,
2026-07-10_02-11-09.mp4,0.0,0.0,0.0,0.0,,0.0,0,silent
2026-07-14_14-22-20.mp4,0.0,0.0,0.0,0.0,,0.0,0,silent
2026-07-08_01-04-34.mp4,0.0006589889526367188,0.00757598876953125,0.0016679763793945312,0.00757598876953125,Bird,0.56396484375,0,
2026-07-21_12-03-07.mp4,0.0,0.0,0.0,0.0,,0.0,0,silent
2026-07-19_03-56-54.mp4,0.0,0.0,0.0,0.0,,0.0,0,silent
2026-07-05_14-34-19.mp4,0.0,0.0,0.0,0.0,,0.0,0,silent
2026-07-16_09-07-34.mp4,0.0011243820190429688,0.003780364990234375,0.018096923828125,0.003780364990234375,Stomach rumble,0.2027587890625,0,
2026-07-05_04-34-49.mp4,0.0004513263702392578,0.025909423828125,0.0007014274597167969,0.025909423828125,Stomach rumble,0.19677734375,0,
2026-07-18_23-58-45.mp4,0.0024051666259765625,0.001918792724609375,0.0027904510498046875,0.0024051666259765625,Stomach rumble,0.4443359375,0,
2026-07-11_04-10-27.mp4,0.0,0.0,0.0,0.0,,0.0,0,silent
2026-07-06_20-15-34.mp4,0.0,0.0,0.0,0.0,,0.0,0,silent
2026-06-30_18-52-59.mp4,0.0058441162109375,0.0228424072265625,0.003749847412109375,0.0228424072265625,Bird,0.2069091796875,0,
2026-07-15_14-54-40.mp4,0.0,0.0,0.0,0.0,,0.0,0,silent
2026-07-10_15-05-07.mp4,0.0014553070068359375,0.004886627197265625,0.0035800933837890625,0.004886627197265625,Bird,0.218994140625,0,
2026-07-22_23-18-27.mp4,0.002414703369140625,0.0103302001953125,0.0027370452880859375,0.0103302001953125,Stomach rumble,0.1494140625,0,
2026-07-12_14-35-06.mp4,0.00032258033752441406,0.00847625732421875,0.0005235671997070312,0.00847625732421875,Tick,0.07904052734375,0,
2026-07-01_18-49-19.mp4,0.0013990402221679688,0.00881195068359375,0.001926422119140625,0.00881195068359375,Stomach rumble,0.14990234375,0,
2026-07-26_03-27-59.mp4,0.00595855712890625,0.01036834716796875,0.0027370452880859375,0.01036834716796875,Stomach rumble,0.341064453125,0,
2026-07-25_23-40-26.mp4,0.0,0.0,0.0,0.0,,0.0,0,silent
2026-07-03_03-37-18.mp4,0.0,0.0,0.0,0.0,,0.0,0,silent
2026-07-09_00-17-33.mp4,0.0013990402221679688,0.0209197998046875,0.0016937255859375,0.0209197998046875,Silence,0.09088134765625,0,
2026-07-13_18-34-49.mp4,0.000293731689453125,0.0014162063598632812,0.0002551078796386719,0.0014162063598632812,Owl,0.505859375,0,
2026-07-03_15-12-23.mp4,0.0,0.0,0.0,0.0,,0.0,0,silent
2026-07-10_15-13-43.mp4,0.0005464553833007812,0.005138397216796875,0.0013513565063476562,0.005138397216796875,"Rowboat, canoe, kayak",0.097900390625,0,
2026-07-03_22-44-40.mp4,0.0007266998291015625,0.0029582977294921875,0.0028228759765625,0.0029582977294921875,Stomach rumble,0.6259765625,0,
2026-07-10_16-20-06.mp4,0.0,0.0,0.0,0.0,,0.0,0,silent
2026-07-11_10-54-22.mp4,0.0,0.0,0.0,0.0,,0.0,0,silent
2026-07-15_09-44-07.mp4,0.0010004043579101562,0.0074615478515625,0.0192413330078125,0.0074615478515625,Throat clearing,0.07464599609375,0,
2026-07-03_22-52-58.mp4,0.0011692047119140625,0.0025806427001953125,0.0021915435791015625,0.0025806427001953125,Stomach rumble,0.44677734375,0,
2026-07-06_18-03-42.mp4,0.0011835098266601562,0.01073455810546875,0.001628875732421875,0.01073455810546875,Stomach rumble,0.1358642578125,0,
2026-07-18_11-26-46.mp4,0.0015249252319335938,0.003429412841796875,0.00284576416015625,0.003429412841796875,Gurgling,0.18115234375,0,
2026-07-13_17-22-14.mp4,0.0,0.0,0.0,0.0,,0.0,0,silent
2026-07-04_08-38-35.mp4,0.0,0.0,0.0,0.0,,0.0,0,silent
2026-07-08_20-17-20.mp4,0.0006718635559082031,0.00818634033203125,0.0007853507995605469,0.00818634033203125,Gurgling,0.09185791015625,0,
2026-07-19_14-45-49.mp4,0.0033626556396484375,0.0489501953125,0.0033245086669921875,0.0489501953125,Speech,0.10394287109375,0,
2026-07-15_09-11-55.mp4,0.0,0.0,0.0,0.0,,0.0,0,silent
2026-07-06_00-40-06.mp4,0.0006537437438964844,0.0217742919921875,0.0070953369140625,0.0217742919921875,Hiccup,0.56494140625,0,
2026-07-06_08-19-01.mp4,0.00013875961303710938,0.1280517578125,0.0003542900085449219,0.1280517578125,Door,0.1280517578125,0,
2026-07-09_18-50-29.mp4,0.0013513565063476562,0.001361846923828125,0.00229644775390625,0.001361846923828125,Animal,0.2489013671875,0,
2026-07-09_03-05-13.mp4,0.0,0.0,0.0,0.0,,0.0,0,silent
2026-07-23_20-50-03.mp4,0.0004858970642089844,0.00800323486328125,0.001483917236328125,0.00800323486328125,Vehicle,0.053009033203125,0,
2026-07-26_01-40-06.mp4,0.0,0.0,0.0,0.0,,0.0,0,silent
2026-07-03_13-07-43.mp4,0.0013151168823242188,0.004772186279296875,0.0025119781494140625,0.004772186279296875,Throat clearing,0.779296875,0,
2026-07-08_18-48-45.mp4,0.0016870498657226562,0.0173797607421875,0.00266265869140625,0.0173797607421875,Stomach rumble,0.1898193359375,0,
2026-07-04_04-38-44.mp4,0.00038909912109375,0.0115509033203125,0.0010776519775390625,0.0115509033203125,Whale vocalization,0.178955078125,0,
2026-07-05_04-31-49.mp4,0.0,0.0,0.0,0.0,,0.0,0,silent
2026-07-05_16-29-33.mp4,0.0,0.0,0.0,0.0,,0.0,0,silent
2026-07-15_04-22-58.mp4,0.0,0.0,0.0,0.0,,0.0,0,silent
2026-07-15_15-51-50.mp4,0.02532958984375,0.0279541015625,0.0125274658203125,0.0279541015625,Speech,0.347900390625,0,
2026-07-14_18-08-43.mp4,0.002132415771484375,0.005039215087890625,0.0032482147216796875,0.005039215087890625,Bird,0.1328125,0,
2026-07-24_19-20-43.mp4,0.0008492469787597656,0.00878143310546875,0.0090179443359375,0.00878143310546875,Animal,0.27001953125,0,
2026-07-23_20-10-58.mp4,0.000865936279296875,0.00399017333984375,0.0006537437438964844,0.00399017333984375,Stomach rumble,0.84619140625,0,
2026-07-03_13-08-31.mp4,0.0,0.0,0.0,0.0,,0.0,0,silent
2026-07-04_10-39-52.mp4,0.0006461143493652344,0.004467010498046875,0.0007152557373046875,0.004467010498046875,Stomach rumble,0.73193359375,0,
2026-07-17_13-16-22.mp4,0.0,0.0,0.0,0.0,,0.0,0,silent
2026-07-17_04-58-40.mp4,0.0,0.0,0.0,0.0,,0.0,0,silent
2026-07-11_04-49-08.mp4,0.0,0.0,0.0,0.0,,0.0,0,silent
2026-07-23_18-39-57.mp4,0.0,0.0,0.0,0.0,,0.0,0,silent
2026-07-04_01-46-05.mp4,0.0504150390625,0.0751953125,0.002368927001953125,0.0751953125,Speech,0.73974609375,0,
2026-07-18_10-44-29.mp4,0.0015010833740234375,0.003040313720703125,0.0038547515869140625,0.003040313720703125,Stomach rumble,0.26220703125,0,
2026-07-04_09-32-52.mp4,0.0,0.0,0.0,0.0,,0.0,0,silent
2026-07-09_23-39-11.mp4,0.000469207763671875,0.003124237060546875,0.011505126953125,0.003124237060546875,Turkey,0.12127685546875,0,
2026-07-18_22-03-34.mp4,0.0078125,0.0036220550537109375,0.002140045166015625,0.0078125,Stomach rumble,0.119384765625,0,
2026-07-03_20-40-18.mp4,0.0005054473876953125,0.004486083984375,0.00033020973205566406,0.004486083984375,Stomach rumble,0.282470703125,0,
2026-07-14_16-26-43.mp4,0.0,0.0,0.0,0.0,,0.0,0,silent
2026-07-08_20-36-08.mp4,0.0009183883666992188,0.004810333251953125,0.00254058837890625,0.004810333251953125,"Pigeon, dove",0.26708984375,0,
2026-07-17_11-07-00.mp4,0.0,0.0,0.0,0.0,,0.0,0,silent
2026-07-22_07-45-31.mp4,0.0,0.0,0.0,0.0,,0.0,0,silent
2026-07-06_00-21-24.mp4,0.00536346435546875,0.005100250244140625,0.0079345703125,0.00536346435546875,Speech,0.7109375,0,
2026-07-22_23-21-15.mp4,0.0029468536376953125,0.004756927490234375,0.0026721954345703125,0.004756927490234375,Stomach rumble,0.1705322265625,0,
2026-07-03_06-38-59.mp4,0.0,0.0,0.0,0.0,,0.0,0,silent
2026-07-11_13-41-12.mp4,0.001361846923828125,0.005428314208984375,0.0009326934814453125,0.005428314208984375,Stomach rumble,0.4208984375,0,
2026-07-11_08-41-23.mp4,0.0,0.0,0.0,0.0,,0.0,0,silent
2026-07-23_03-03-13.mp4,0.0,0.0,0.0,0.0,,0.0,0,silent
2026-07-17_09-15-13.mp4,0.0,0.0,0.0,0.0,,0.0,0,silent
2026-07-15_10-15-01.mp4,0.0,0.0,0.0,0.0,,0.0,0,silent
2026-07-22_04-06-39.mp4,0.0003981590270996094,0.00591278076171875,0.0007066726684570312,0.00591278076171875,Stomach rumble,0.18603515625,0,
2026-07-10_05-12-43.mp4,0.0007238388061523438,0.0050201416015625,0.0008797645568847656,0.0050201416015625,"Pigeon, dove",0.61083984375,0,
2026-07-10_01-37-04.mp4,0.0,0.0,0.0,0.0,,0.0,0,silent
2026-07-03_14-24-48.mp4,0.0,0.0,0.0,0.0,,0.0,0,silent
2026-07-18_21-02-04.mp4,0.0,0.0,0.0,0.0,,0.0,0,silent
2026-07-07_21-48-43.mp4,0.003376007080078125,0.0106964111328125,0.003482818603515625,0.0106964111328125,Stomach rumble,0.28173828125,0,
2026-07-19_00-04-02.mp4,0.000720977783203125,0.0125274658203125,0.0007977485656738281,0.0125274658203125,"Pigeon, dove",0.6298828125,0,
2026-07-20_22-57-45.mp4,0.0,0.0,0.0,0.0,,0.0,0,silent
2026-07-13_10-39-37.mp4,0.001129150390625,0.00260162353515625,0.00254058837890625,0.00260162353515625,Stomach rumble,0.277587890625,0,
2026-07-10_08-25-53.mp4,0.0,0.0,0.0,0.0,,0.0,0,silent
2026-07-12_21-43-14.mp4,0.0005483627319335938,0.004215240478515625,0.09771728515625,0.004215240478515625,Animal,0.6806640625,0,
2026-07-10_05-36-19.mp4,0.0,0.0,0.0,0.0,,0.0,0,silent
2026-07-18_11-17-40.mp4,0.0,0.0,0.0,0.0,,0.0,0,silent
2026-07-17_11-05-12.mp4,0.0,0.0,0.0,0.0,,0.0,0,silent
2026-07-04_12-31-03.mp4,0.0,0.0,0.0,0.0,,0.0,0,silent
2026-07-11_13-47-18.mp4,0.0,0.0,0.0,0.0,,0.0,0,silent
2026-07-12_20-03-59.mp4,0.0,0.0,0.0,0.0,,0.0,0,silent
2026-07-19_06-44-40.mp4,0.0,0.0,0.0,0.0,,0.0,0,silent
2026-07-18_15-08-08.mp4,0.0005421638488769531,0.00269317626953125,0.0014209747314453125,0.00269317626953125,Bird,0.2427978515625,0,
2026-07-20_21-42-22.mp4,0.0,0.0,0.0,0.0,,0.0,0,silent
2026-07-21_01-05-44.mp4,0.0,0.0,0.0,0.0,,0.0,0,silent
2026-07-11_10-15-04.mp4,0.0,0.0,0.0,0.0,,0.0,0,silent
2026-07-08_07-12-47.mp4,0.0,0.0,0.0,0.0,,0.0,0,silent
2026-07-10_18-12-44.mp4,0.0016870498657226562,0.0211639404296875,0.00323486328125,0.0211639404296875,Gurgling,0.087890625,0,
2026-07-09_21-34-56.mp4,0.0007948875427246094,0.0053863525390625,0.002323150634765625,0.0053863525390625,Stomach rumble,0.433837890625,0,
2026-07-22_10-56-40.mp4,0.0007977485656738281,0.004398345947265625,0.0164642333984375,0.004398345947265625,Stomach rumble,0.331787109375,0,
2026-07-08_13-55-43.mp4,0.0,0.0,0.0,0.0,,0.0,0,silent
2026-07-19_17-40-46.mp4,0.000720977783203125,0.0066680908203125,0.0008330345153808594,0.0066680908203125,Stomach rumble,0.299072265625,0,
2026-07-06_18-01-54.mp4,0.0,0.0,0.0,0.0,,0.0,0,silent
2026-07-01_21-24-47.mp4,0.0,0.0,0.0,0.0,,0.0,0,silent
2026-07-20_00-45-17.mp4,0.0,0.0,0.0,0.0,,0.0,0,silent
2026-07-10_16-43-05.mp4,0.0009965896606445312,0.0032863616943359375,0.001155853271484375,0.0032863616943359375,Stomach rumble,0.2080078125,0,
2026-07-21_08-30-21.mp4,0.0,0.0,0.0,0.0,,0.0,0,silent
2026-07-08_12-37-25.mp4,0.0,0.0,0.0,0.0,,0.0,0,silent
2026-07-23_19-06-32.mp4,0.0,0.0,0.0,0.0,,0.0,0,silent
2026-07-23_19-08-44.mp4,0.005062103271484375,0.0164642333984375,0.004886627197265625,0.0164642333984375,Bird,0.12890625,0,
2026-07-06_07-08-13.mp4,0.00963592529296875,0.1014404296875,0.0220794677734375,0.1014404296875,Speech,0.493896484375,0,
2026-07-22_16-58-39.mp4,0.00841522216796875,0.0030517578125,0.0328369140625,0.00841522216796875,Speech,0.50146484375,0,
2026-07-20_12-32-49.mp4,0.0004916191101074219,0.001926422119140625,0.005344390869140625,0.001926422119140625,Stomach rumble,0.74609375,0,
2026-07-26_02-27-30.mp4,0.0,0.0,0.0,0.0,,0.0,0,silent
2026-07-11_09-00-35.mp4,0.0,0.0,0.0,0.0,,0.0,0,silent
2026-07-18_22-02-34.mp4,0.0,0.0,0.0,0.0,,0.0,0,silent
2026-07-12_12-22-41.mp4,0.0006799697875976562,0.00878143310546875,0.0016231536865234375,0.00878143310546875,Stomach rumble,0.241455078125,0,
2026-07-10_11-41-03.mp4,0.001438140869140625,0.00905609130859375,0.00394439697265625,0.00905609130859375,Speech,0.1563720703125,0,
2026-07-05_03-52-22.mp4,0.0,0.0,0.0,0.0,,0.0,0,silent
2026-07-18_13-28-51.mp4,0.0,0.0,0.0,0.0,,0.0,0,silent
2026-07-07_17-15-49.mp4,0.0,0.0,0.0,0.0,,0.0,0,silent
2026-07-12_19-09-05.mp4,0.0,0.0,0.0,0.0,,0.0,0,silent
2026-07-03_14-19-24.mp4,0.0,0.0,0.0,0.0,,0.0,0,silent
2026-07-06_14-37-18.mp4,0.005161285400390625,0.0036792755126953125,0.0328369140625,0.005161285400390625,Speech,0.1514892578125,0,
2026-07-22_02-04-16.mp4,0.0020198822021484375,0.004756927490234375,0.06451416015625,0.004756927490234375,Hiccup,0.1810302734375,0,
2026-07-08_08-28-16.mp4,0.0,0.0,0.0,0.0,,0.0,0,silent
2026-07-12_03-59-23.mp4,0.0,0.0,0.0,0.0,,0.0,0,silent
2026-07-20_22-51-51.mp4,0.002010345458984375,0.003692626953125,0.002471923828125,0.003692626953125,Owl,0.53564453125,0,
2026-07-02_18-41-56.mp4,0.004791259765625,0.004665374755859375,0.0165252685546875,0.004791259765625,Speech,0.837890625,0,
2026-07-18_15-15-56.mp4,0.0005211830139160156,0.0083160400390625,0.0008072853088378906,0.0083160400390625,Stomach rumble,0.25244140625,0,
2026-07-24_10-47-25.mp4,0.0,0.0,0.0,0.0,,0.0,0,silent
2026-07-09_15-29-00.mp4,0.0006823539733886719,0.033782958984375,0.0005726814270019531,0.033782958984375,Bouncing,0.2012939453125,0,
2026-07-22_04-04-51.mp4,0.0005793571472167969,0.0027790069580078125,0.0006694793701171875,0.0027790069580078125,Stomach rumble,0.300537109375,0,
2026-07-18_03-15-27.mp4,0.0010318756103515625,0.00864410400390625,0.0127716064453125,0.00864410400390625,Animal,0.1077880859375,0,
2026-07-17_04-55-28.mp4,0.0008106231689453125,0.002834320068359375,0.0016422271728515625,0.002834320068359375,Stomach rumble,0.76806640625,0,
2026-07-08_21-47-29.mp4,0.0,0.0,0.0,0.0,,0.0,0,silent
2026-07-05_16-27-04.mp4,0.0,0.0,0.0,0.0,,0.0,0,silent
2026-07-06_17-03-00.mp4,0.0161590576171875,0.00908660888671875,0.0030517578125,0.0161590576171875,Speech,0.27734375,0,
2026-07-07_02-10-22.mp4,0.0007066726684570312,0.0041656494140625,0.00033545494079589844,0.0041656494140625,Stomach rumble,0.517578125,0,
2026-07-21_00-39-20.mp4,0.0006933212280273438,0.0014553070068359375,0.1279296875,0.0014553070068359375,Animal,0.21337890625,0,
2026-07-12_20-08-29.mp4,0.0011119842529296875,0.01971435546875,0.0008625984191894531,0.01971435546875,Stomach rumble,0.09466552734375,0,
2026-07-19_10-19-26.mp4,0.00399017333984375,0.005039215087890625,0.005161285400390625,0.005039215087890625,Speech,0.339599609375,0,
2026-07-15_20-36-59.mp4,0.0,0.0,0.0,0.0,,0.0,0,silent
2026-07-15_09-52-49.mp4,0.0020580291748046875,0.006641387939453125,0.0164031982421875,0.006641387939453125,Stomach rumble,0.366943359375,0,
2026-07-06_11-30-53.mp4,0.0007467269897460938,0.004520416259765625,0.000865936279296875,0.004520416259765625,Stomach rumble,0.244873046875,0,
2026-07-03_07-36-58.mp4,0.0017480850219726562,0.005619049072265625,0.00600433349609375,0.005619049072265625,Animal,0.259765625,0,
2026-07-11_01-25-52.mp4,0.0,0.0,0.0,0.0,,0.0,0,silent
2026-07-03_19-49-42.mp4,0.00621795654296875,0.0164031982421875,0.0017824172973632812,0.0164031982421875,Silence,0.146728515625,0,
2026-07-10_07-20-48.mp4,0.0010204315185546875,0.00395965576171875,0.004055023193359375,0.00395965576171875,Bird,0.347900390625,0,
2026-07-02_15-02-34.mp4,0.0,0.0,0.0,0.0,,0.0,0,silent
2026-07-02_10-40-48.mp4,0.0,0.0,0.0,0.0,,0.0,0,silent
2026-07-07_01-16-59.mp4,0.000614166259765625,0.00327301025390625,0.00206756591796875,0.00327301025390625,Owl,0.71240234375,0,
2026-07-20_19-14-29.mp4,0.0,0.0,0.0,0.0,,0.0,0,silent
2026-07-03_07-34-34.mp4,0.0,0.0,0.0,0.0,,0.0,0,silent
2026-07-16_17-14-23.mp4,0.0,0.0,0.0,0.0,,0.0,0,silent
2026-07-07_18-56-31.mp4,0.0026531219482421875,0.020416259765625,0.005138397216796875,0.020416259765625,Sonar,0.055938720703125,0,
2026-07-07_17-45-19.mp4,0.002269744873046875,0.0118255615234375,0.0012845993041992188,0.0118255615234375,Stomach rumble,0.325927734375,0,
2026-07-03_12-43-25.mp4,0.0,0.0,0.0,0.0,,0.0,0,silent
2026-07-14_12-00-33.mp4,0.0,0.0,0.0,0.0,,0.0,0,silent
2026-07-15_07-36-32.mp4,0.003635406494140625,0.0012788772583007812,0.0252685546875,0.003635406494140625,Hiccup,0.482421875,0,
2026-07-21_15-37-35.mp4,0.0,0.0,0.0,0.0,,0.0,0,silent
2026-07-12_19-29-10.mp4,0.0005636215209960938,0.00453948974609375,0.0009965896606445312,0.00453948974609375,Stomach rumble,0.306884765625,0,
2026-07-06_14-23-55.mp4,0.0,0.0,0.0,0.0,,0.0,0,silent
2026-07-03_11-19-20.mp4,0.0,0.0,0.0,0.0,,0.0,0,silent
2026-07-11_15-48-16.mp4,0.0045928955078125,0.01507568359375,0.244384765625,0.01507568359375,Speech,0.8505859375,0,
2026-07-19_14-54-07.mp4,0.0,0.0,0.0,0.0,,0.0,0,silent
2026-07-21_23-56-12.mp4,0.0014209747314453125,0.270751953125,0.0009326934814453125,0.270751953125,Music,0.270751953125,1,
2026-07-06_21-09-10.mp4,0.0,0.0,0.0,0.0,,0.0,0,silent
2026-07-17_11-09-12.mp4,0.0,0.0,0.0,0.0,,0.0,0,silent
2026-07-23_08-31-16.mp4,0.0,0.0,0.0,0.0,,0.0,0,silent
2026-06-30_18-27-13.mp4,0.0279083251953125,0.021240234375,0.007755279541015625,0.0279083251953125,Speech,0.71142578125,0,
2026-07-09_19-57-45.mp4,0.0041656494140625,0.019683837890625,0.0014495849609375,0.019683837890625,Speech,0.11517333984375,0,
2026-07-04_02-26-22.mp4,0.0,0.0,0.0,0.0,,0.0,0,silent
2026-07-21_01-13-38.mp4,0.0,0.0,0.0,0.0,,0.0,0,silent
2026-07-08_13-39-55.mp4,0.0012845993041992188,0.0022602081298828125,0.0087432861328125,0.0022602081298828125,Animal,0.1307373046875,0,
2026-07-19_10-26-02.mp4,0.0009584426879882812,0.0070953369140625,0.00254058837890625,0.0070953369140625,Bird,0.603515625,0,
2026-07-02_09-49-36.mp4,0.0,0.0,0.0,0.0,,0.0,0,silent
2026-07-10_09-28-05.mp4,0.0007495880126953125,0.007785797119140625,0.0006799697875976562,0.007785797119140625,Bird,0.0830078125,0,
2026-07-02_23-36-37.mp4,0.005428314208984375,0.0106964111328125,0.0036792755126953125,0.0106964111328125,Speech,0.1488037109375,0,
2026-07-05_15-37-04.mp4,0.0008296966552734375,0.0017747879028320312,0.0020351409912109375,0.0017747879028320312,Stomach rumble,0.79931640625,0,
2026-07-05_02-33-47.mp4,0.0,0.0,0.0,0.0,,0.0,0,silent
2026-07-07_23-55-35.mp4,0.0032978057861328125,0.010406494140625,0.01450347900390625,0.010406494140625,Animal,0.10394287109375,0,
2026-07-08_07-19-17.mp4,0.0,0.0,0.0,0.0,,0.0,0,silent
2026-07-10_13-17-32.mp4,0.001987457275390625,0.0223236083984375,0.0015974044799804688,0.0223236083984375,Gurgling,0.0802001953125,0,
2026-07-24_03-44-41.mp4,0.001674652099609375,0.0020751953125,0.0177764892578125,0.0020751953125,Stomach rumble,0.089599609375,0,
2026-07-14_19-35-43.mp4,0.0012302398681640625,0.006290435791015625,0.0009217262268066406,0.006290435791015625,Stomach rumble,0.1041259765625,0,
2026-07-08_07-39-58.mp4,0.0,0.0,0.0,0.0,,0.0,0,silent
2026-07-21_10-11-20.mp4,0.0,0.0,0.0,0.0,,0.0,0,silent
2026-07-22_07-45-43.mp4,0.0,0.0,0.0,0.0,,0.0,0,silent
2026-07-05_03-46-28.mp4,0.0,0.0,0.0,0.0,,0.0,0,silent
2026-07-25_04-17-44.mp4,0.0010042190551757812,0.00400543212890625,0.017578125,0.00400543212890625,Stomach rumble,0.136474609375,0,
2026-07-06_00-40-54.mp4,0.0,0.0,0.0,0.0,,0.0,0,silent
2026-07-05_05-39-47.mp4,0.0012254714965820312,0.00878143310546875,0.0021648406982421875,0.00878143310546875,Stomach rumble,0.46435546875,0,
2026-07-23_16-56-34.mp4,0.0023136138916015625,0.00424957275390625,0.0188751220703125,0.00424957275390625,Bird,0.1971435546875,0,
2026-07-15_16-04-50.mp4,0.0120086669921875,0.0082855224609375,0.10430908203125,0.0120086669921875,Speech,0.6982421875,0,
2026-07-11_12-22-39.mp4,0.0,0.0,0.0,0.0,,0.0,0,silent
2026-07-06_18-53-23.mp4,0.0,0.0,0.0,0.0,,0.0,0,silent
2026-07-22_21-11-42.mp4,0.0008525848388671875,0.00653839111328125,0.003147125244140625,0.00653839111328125,Bird,0.332275390625,0,
2026-07-03_21-26-59.mp4,0.002208709716796875,0.0083770751953125,0.39892578125,0.0083770751953125,"Baby cry, infant cry",0.39892578125,0,
2026-07-06_18-12-12.mp4,0.0,0.0,0.0,0.0,,0.0,0,silent
2026-07-04_09-31-16.mp4,0.0,0.0,0.0,0.0,,0.0,0,silent
2026-07-13_23-50-58.mp4,0.00080108642578125,0.01953125,0.00981903076171875,0.01953125,Vehicle,0.250732421875,0,
2026-07-02_14-44-52.mp4,0.0007152557373046875,0.0032978057861328125,0.0012159347534179688,0.0032978057861328125,Stomach rumble,0.35107421875,0,
2026-07-09_22-32-53.mp4,0.0,0.0,0.0,0.0,,0.0,0,silent
2026-07-05_18-24-12.mp4,0.0,0.0,0.0,0.0,,0.0,0,silent
2026-07-03_23-34-58.mp4,0.0,0.0,0.0,0.0,,0.0,0,silent
2026-07-22_21-07-00.mp4,0.0,0.0,0.0,0.0,,0.0,0,silent
2026-07-09_09-03-58.mp4,0.0,0.0,0.0,0.0,,0.0,0,silent
2026-07-21_06-02-41.mp4,0.0003829002380371094,0.0582275390625,0.0006747245788574219,0.0582275390625,Slam,0.236572265625,0,
2026-07-15_22-26-49.mp4,0.0009288787841796875,0.0032482147216796875,0.0018033981323242188,0.0032482147216796875,Stomach rumble,0.86083984375,0,
2026-07-01_18-37-08.mp4,0.0018825531005859375,0.0245208740234375,0.0006413459777832031,0.0245208740234375,"Pigeon, dove",0.794921875,0,
2026-07-01_07-33-17.mp4,0.0,0.0,0.0,0.0,,0.0,0,silent
2026-07-08_07-41-46.mp4,0.00313568115234375,0.01036834716796875,0.06793212890625,0.01036834716796875,Speech,0.349609375,0,
2026-07-01_12-47-00.mp4,0.0136871337890625,0.01111602783203125,0.01094818115234375,0.0136871337890625,Speech,0.65966796875,0,
2026-07-03_15-22-41.mp4,0.0,0.0,0.0,0.0,,0.0,0,silent
2026-07-19_14-43-13.mp4,0.0004477500915527344,0.00426483154296875,0.3623046875,0.00426483154296875,"Domestic animals, pets",0.67431640625,0,
2026-07-10_16-27-47.mp4,0.001926422119140625,0.00400543212890625,0.0011072158813476562,0.00400543212890625,"Pigeon, dove",0.56884765625,0,
2026-07-10_18-26-08.mp4,0.0006070137023925781,0.0087432861328125,0.000904083251953125,0.0087432861328125,Stomach rumble,0.6953125,0,
2026-07-09_17-19-28.mp4,0.0,0.0,0.0,0.0,,0.0,0,silent
2026-07-25_11-20-33.mp4,0.0,0.0,0.0,0.0,,0.0,0,silent
2026-07-09_21-59-32.mp4,0.0,0.0,0.0,0.0,,0.0,0,silent
2026-07-08_06-37-41.mp4,0.0,0.0,0.0,0.0,,0.0,0,silent
2026-06-30_16-12-08.mp4,0.0,0.0,0.0,0.0,,0.0,0,silent
2026-07-03_22-46-16.mp4,0.0,0.0,0.0,0.0,,0.0,0,silent
2026-07-08_19-29-44.mp4,0.0,0.0,0.0,0.0,,0.0,0,silent
2026-07-15_13-41-52.mp4,0.0,0.0,0.0,0.0,,0.0,0,silent
2026-07-13_18-26-25.mp4,0.01107025146484375,0.0236053466796875,0.00881195068359375,0.0236053466796875,Speech,0.91162109375,0,
2026-07-07_10-40-11.mp4,0.0,0.0,0.0,0.0,,0.0,0,silent
2026-07-05_16-32-27.mp4,0.0021991729736328125,0.0182647705078125,0.005687713623046875,0.0182647705078125,Stomach rumble,0.1273193359375,0,
2026-07-03_22-53-10.mp4,0.00034999847412109375,0.006168365478515625,0.0006189346313476562,0.006168365478515625,"Rowboat, canoe, kayak",0.0706787109375,0,
2026-07-10_04-41-20.mp4,0.0,0.0,0.0,0.0,,0.0,0,silent
2026-07-09_01-49-56.mp4,0.0006165504455566406,0.021697998046875,0.0006880760192871094,0.021697998046875,Bird,0.6953125,0,
2026-07-10_07-19-24.mp4,0.0005679130554199219,0.0026836395263671875,0.0015249252319335938,0.0026836395263671875,Stomach rumble,0.4482421875,0,
2026-07-07_14-17-33.mp4,0.000904083251953125,0.003429412841796875,0.0009474754333496094,0.003429412841796875,Animal,0.1856689453125,0,
2026-07-24_03-44-17.mp4,0.0020427703857421875,0.00731658935546875,0.057586669921875,0.00731658935546875,Animal,0.1883544921875,0,
2026-07-09_21-32-02.mp4,0.0,0.0,0.0,0.0,,0.0,0,silent
2026-07-17_03-23-47.mp4,0.003635406494140625,0.001926422119140625,0.1343994140625,0.003635406494140625,Speech,0.2318115234375,0,
2026-07-20_09-53-51.mp4,0.001987457275390625,0.005001068115234375,0.044281005859375,0.005001068115234375,Owl,0.1253662109375,0,
2026-07-13_13-01-06.mp4,0.0,0.0,0.0,0.0,,0.0,0,silent
2026-07-10_08-19-41.mp4,0.0,0.0,0.0,0.0,,0.0,0,silent
2026-07-12_14-38-00.mp4,0.0009546279907226562,0.005001068115234375,0.0009002685546875,0.005001068115234375,Gurgling,0.1588134765625,0,
2026-07-07_22-36-54.mp4,0.0031719207763671875,0.027374267578125,0.0048675537109375,0.027374267578125,Bird,0.27685546875,0,
2026-07-06_09-33-42.mp4,0.0,0.0,0.0,0.0,,0.0,0,silent
2026-07-22_00-12-11.mp4,0.0059356689453125,0.0035381317138671875,0.0034427642822265625,0.0059356689453125,Stomach rumble,0.347900390625,0,
2026-07-07_18-15-50.mp4,0.0,0.0,0.0,0.0,,0.0,0,silent
2026-07-07_19-24-01.mp4,0.0011119842529296875,0.0087432861328125,0.01287078857421875,0.0087432861328125,Owl,0.623046875,0,
2026-07-22_09-03-35.mp4,0.0,0.0,0.0,0.0,,0.0,0,silent
2026-07-15_10-47-42.mp4,0.0006413459777832031,0.0021820068359375,0.0161590576171875,0.0021820068359375,Animal,0.1873779296875,0,
2026-07-01_18-43-02.mp4,0.005260467529296875,0.01302337646484375,0.0011243820190429688,0.01302337646484375,Bird,0.8134765625,0,
2026-07-10_22-30-18.mp4,0.0023059844970703125,0.0030155181884765625,0.043212890625,0.0030155181884765625,Speech,0.21484375,0,
2026-07-14_13-47-56.mp4,0.0,0.0,0.0,0.0,,0.0,0,silent
2026-07-20_19-22-05.mp4,0.0,0.0,0.0,0.0,,0.0,0,silent
2026-07-05_08-54-58.mp4,0.0,0.0,0.0,0.0,,0.0,0,silent
2026-07-11_15-18-47.mp4,0.0,0.0,0.0,0.0,,0.0,0,silent
2026-07-07_21-43-07.mp4,0.0011157989501953125,0.00661468505859375,0.0004858970642089844,0.00661468505859375,Stomach rumble,0.191162109375,0,
2026-07-09_10-55-20.mp4,0.0,0.0,0.0,0.0,,0.0,0,silent
2026-07-12_15-05-18.mp4,0.0014324188232421875,0.0066680908203125,0.0038394927978515625,0.0066680908203125,Stomach rumble,0.1383056640625,0,
2026-07-14_07-02-36.mp4,0.00080108642578125,0.010009765625,0.0006093978881835938,0.010009765625,Speech,0.11029052734375,0,
2026-07-08_08-21-58.mp4,0.0,0.0,0.0,0.0,,0.0,0,silent
2026-07-12_00-48-02.mp4,0.00020825862884521484,0.011688232421875,0.0006799697875976562,0.011688232421875,Stomach rumble,0.1253662109375,0,
2026-07-21_11-54-55.mp4,0.0,0.0,0.0,0.0,,0.0,0,silent
2026-07-08_17-04-11.mp4,0.0015125274658203125,0.001995086669921875,0.0240020751953125,0.001995086669921875,Animal,0.165771484375,0,
2026-07-20_21-32-34.mp4,0.005260467529296875,0.0273284912109375,0.0012845993041992188,0.0273284912109375,Bird,0.5458984375,0,
2026-07-25_03-51-56.mp4,0.0006413459777832031,0.0041656494140625,0.001056671142578125,0.0041656494140625,Stomach rumble,0.35009765625,0,
2026-07-25_01-14-34.mp4,0.0,0.0,0.0,0.0,,0.0,0,silent
2026-07-10_01-37-51.mp4,0.0,0.0,0.0,0.0,,0.0,0,silent
2026-07-21_23-37-36.mp4,0.0,0.0,0.0,0.0,,0.0,0,silent
2026-07-14_07-17-30.mp4,0.0003612041473388672,0.055816650390625,0.0019044876098632812,0.055816650390625,Stomach rumble,0.26220703125,0,
2026-07-15_11-00-00.mp4,0.0009145736694335938,0.006145477294921875,0.0007014274597167969,0.006145477294921875,Stomach rumble,0.1019287109375,0,
2026-07-22_23-22-15.mp4,0.0010986328125,0.0014209747314453125,0.001949310302734375,0.0014209747314453125,Stomach rumble,0.28271484375,0,
2026-07-20_21-38-40.mp4,0.0,0.0,0.0,0.0,,0.0,0,silent
2026-07-03_03-28-48.mp4,0.0,0.0,0.0,0.0,,0.0,0,silent
2026-07-14_11-46-03.mp4,0.0,0.0,0.0,0.0,,0.0,0,silent
2026-07-09_19-56-09.mp4,0.0015363693237304688,0.01337432861328125,0.0017614364624023438,0.01337432861328125,"Pigeon, dove",0.2314453125,0,
2026-07-22_10-43-52.mp4,0.003429412841796875,0.00530242919921875,0.0274810791015625,0.00530242919921875,Speech,0.37451171875,0,
2026-07-02_22-52-26.mp4,0.0006117820739746094,0.00600433349609375,0.00046563148498535156,0.00600433349609375,Bird,0.80322265625,0,
2026-07-01_06-34-38.mp4,0.0,0.0,0.0,0.0,,0.0,0,silent
2026-07-02_05-18-16.mp4,0.0,0.0,0.0,0.0,,0.0,0,silent
2026-07-02_01-33-25.mp4,0.0004897117614746094,0.0121002197265625,0.0006413459777832031,0.0121002197265625,Bird,0.76220703125,0,
2026-07-16_18-29-47.mp4,0.0021915435791015625,0.012237548828125,0.0010004043579101562,0.012237548828125,Bird,0.182373046875,0,
2026-07-05_11-30-51.mp4,0.0004322528839111328,0.0050201416015625,0.0004494190216064453,0.0050201416015625,Knock,0.1251220703125,0,
2026-07-02_14-09-04.mp4,0.0006933212280273438,0.016021728515625,0.00106048583984375,0.016021728515625,Silence,0.079345703125,0,
2026-07-15_23-35-51.mp4,0.0020904541015625,0.0057525634765625,0.01302337646484375,0.0057525634765625,Stomach rumble,0.2088623046875,0,
2026-07-02_02-01-46.mp4,0.0,0.0,0.0,0.0,,0.0,0,silent
2026-07-01_21-01-43.mp4,0.0002982616424560547,0.0008425712585449219,0.0011653900146484375,0.0008425712585449219,"Cattle, bovinae",0.33056640625,0,
2026-07-08_04-19-47.mp4,0.0,0.0,0.0,0.0,,0.0,0,silent
2026-07-11_05-03-56.mp4,0.0,0.0,0.0,0.0,,0.0,0,silent
2026-07-07_20-52-06.mp4,0.0,0.0,0.0,0.0,,0.0,0,silent
2026-07-17_03-19-59.mp4,0.00040459632873535156,0.00511932373046875,0.0008134841918945312,0.00511932373046875,Gurgling,0.143798828125,0,
2026-07-01_21-14-37.mp4,0.06427001953125,0.017578125,0.005664825439453125,0.06427001953125,Speech,0.865234375,0,
2026-07-07_04-49-15.mp4,0.0,0.0,0.0,0.0,,0.0,0,silent
2026-07-04_18-05-45.mp4,0.0004458427429199219,0.007724761962890625,0.0005211830139160156,0.007724761962890625,Stomach rumble,0.88330078125,0,
2026-07-24_03-41-35.mp4,0.00307464599609375,0.00266265869140625,0.0341796875,0.00307464599609375,Throat clearing,0.2135009765625,0,
2026-07-11_10-53-10.mp4,0.0007042884826660156,0.0029125213623046875,0.08209228515625,0.0029125213623046875,Animal,0.357666015625,0,
2026-07-19_14-40-13.mp4,0.0003528594970703125,0.0154266357421875,0.0006117820739746094,0.0154266357421875,Silence,0.0728759765625,0,
2026-07-06_09-33-18.mp4,0.0009145736694335938,0.01422882080078125,0.00313568115234375,0.01422882080078125,Owl,0.270751953125,0,
2026-07-19_17-32-46.mp4,0.0,0.0,0.0,0.0,,0.0,0,silent
2026-07-11_23-33-24.mp4,0.0,0.0,0.0,0.0,,0.0,0,silent
2026-07-21_08-29-21.mp4,0.0,0.0,0.0,0.0,,0.0,0,silent
2026-07-05_19-55-17.mp4,0.00037860870361328125,0.008544921875,0.0010166168212890625,0.008544921875,Silence,0.038909912109375,0,
2026-07-08_08-33-52.mp4,0.0,0.0,0.0,0.0,,0.0,0,silent
2026-07-20_09-29-09.mp4,0.0,0.0,0.0,0.0,,0.0,0,silent
2026-07-24_09-04-14.mp4,0.0005908012390136719,0.01287078857421875,0.012237548828125,0.01287078857421875,Bird,0.1705322265625,0,
2026-07-14_07-09-24.mp4,0.0,0.0,0.0,0.0,,0.0,0,silent
2026-07-04_03-04-31.mp4,0.007175445556640625,0.0142822265625,0.004573822021484375,0.0142822265625,Speech,0.86376953125,0,
2026-07-24_05-05-52.mp4,0.0,0.0,0.0,0.0,,0.0,0,silent
2026-07-10_00-32-58.mp4,0.0,0.0,0.0,0.0,,0.0,0,silent
2026-07-17_07-50-08.mp4,0.0018243789672851562,0.00392913818359375,0.0141143798828125,0.00392913818359375,Animal,0.1419677734375,0,
2026-07-05_00-09-37.mp4,0.0,0.0,0.0,0.0,,0.0,0,silent
2026-06-30_16-26-32.mp4,0.004886627197265625,0.007038116455078125,0.0078125,0.007038116455078125,Stomach rumble,0.073974609375,0,
2026-07-10_15-54-01.mp4,0.003337860107421875,0.004299163818359375,0.00763702392578125,0.004299163818359375,Stomach rumble,0.740234375,0,
2026-07-08_00-06-53.mp4,0.007232666015625,0.004573822021484375,0.00557708740234375,0.007232666015625,Stomach rumble,0.380126953125,0,
2026-07-05_04-30-01.mp4,0.00048041343688964844,0.0014667510986328125,0.0003726482391357422,0.0014667510986328125,Stomach rumble,0.85400390625,0,
2026-07-09_16-19-47.mp4,0.0,0.0,0.0,0.0,,0.0,0,silent
2026-07-09_14-27-48.mp4,0.0,0.0,0.0,0.0,,0.0,0,silent
2026-07-10_08-41-59.mp4,0.0,0.0,0.0,0.0,,0.0,0,silent
2026-07-15_18-25-25.mp4,0.0,0.0,0.0,0.0,,0.0,0,silent
2026-07-23_00-57-02.mp4,0.00815582275390625,0.0021076202392578125,0.08343505859375,0.00815582275390625,Speech,0.1654052734375,0,
2026-07-11_04-12-03.mp4,0.0005092620849609375,0.004383087158203125,0.0010862350463867188,0.004383087158203125,Stomach rumble,0.1358642578125,0,
2026-07-10_10-21-52.mp4,0.0,0.0,0.0,0.0,,0.0,0,silent
2026-07-06_00-35-00.mp4,0.0,0.0,0.0,0.0,,0.0,0,silent
2026-06-30_21-38-57.mp4,0.0003447532653808594,0.0394287109375,0.0007762908935546875,0.0394287109375,Knock,0.1883544921875,0,
2026-07-13_11-48-43.mp4,0.005535125732421875,0.00701141357421875,0.03033447265625,0.00701141357421875,Speech,0.63525390625,0,
2026-07-22_16-59-39.mp4,0.00017952919006347656,0.1767578125,0.0005908012390136719,0.1767578125,Slam,0.2432861328125,0,
2026-07-06_18-58-23.mp4,0.0004494190216064453,0.0245208740234375,0.00047850608825683594,0.0245208740234375,Tick,0.08599853515625,0,
2026-07-02_04-19-09.mp4,0.0,0.0,0.0,0.0,,0.0,0,silent
2026-07-21_11-54-31.mp4,0.0,0.0,0.0,0.0,,0.0,0,silent
2026-07-09_09-20-27.mp4,0.0,0.0,0.0,0.0,,0.0,0,silent
2026-07-08_09-01-51.mp4,0.0,0.0,0.0,0.0,,0.0,0,silent
2026-07-20_04-38-15.mp4,0.00047850608825683594,0.01395416259765625,0.01337432861328125,0.01395416259765625,Animal,0.260986328125,0,
2026-07-19_00-24-02.mp4,0.0009326934814453125,0.004383087158203125,0.024993896484375,0.004383087158203125,Animal,0.78466796875,0,
2026-07-02_12-29-11.mp4,0.0035114288330078125,0.00821685791015625,0.0011968612670898438,0.00821685791015625,Speech,0.306640625,0,
2026-07-04_02-38-10.mp4,0.0,0.0,0.0,0.0,,0.0,0,silent
2026-07-12_20-03-47.mp4,0.0011606216430664062,0.0023059844970703125,0.017181396484375,0.0023059844970703125,Bird,0.348876953125,0,
2026-07-04_02-39-52.mp4,0.017181396484375,0.01395416259765625,0.0018672943115234375,0.017181396484375,Speech,0.227294921875,0,
2026-07-11_10-53-58.mp4,0.0,0.0,0.0,0.0,,0.0,0,silent
2026-07-06_23-40-24.mp4,0.0009074211120605469,0.04296875,0.004886627197265625,0.04296875,Whale vocalization,0.127685546875,0,
2026-07-19_10-21-02.mp4,0.0,0.0,0.0,0.0,,0.0,0,silent
2026-07-22_13-26-15.mp4,0.0,0.0,0.0,0.0,,0.0,0,silent
2026-07-03_14-24-00.mp4,0.0,0.0,0.0,0.0,,0.0,0,silent
2026-07-20_21-41-58.mp4,0.0,0.0,0.0,0.0,,0.0,0,silent
2026-07-22_04-04-39.mp4,0.0,0.0,0.0,0.0,,0.0,0,silent
2026-07-21_11-18-25.mp4,0.00530242919921875,0.004791259765625,0.0027904510498046875,0.00530242919921875,Stomach rumble,0.327880859375,0,
2026-07-17_07-52-56.mp4,0.07879638671875,0.01525115966796875,0.00455474853515625,0.07879638671875,Speech,0.84765625,0,
2026-07-15_09-02-19.mp4,0.0,0.0,0.0,0.0,,0.0,0,silent
2026-07-04_06-54-24.mp4,0.0,0.0,0.0,0.0,,0.0,0,silent
2026-07-14_23-54-31.mp4,0.0,0.0,0.0,0.0,,0.0,0,silent
2026-07-26_00-13-13.mp4,0.0092315673828125,0.00399017333984375,0.028656005859375,0.0092315673828125,Speech,0.48193359375,0,
2026-07-10_14-56-37.mp4,0.0,0.0,0.0,0.0,,0.0,0,silent
2026-07-12_13-50-13.mp4,0.0020751953125,0.0031108856201171875,0.0101318359375,0.0031108856201171875,Speech,0.12200927734375,0,
2026-07-25_11-24-27.mp4,0.0,0.0,0.0,0.0,,0.0,0,silent
2026-07-20_09-16-34.mp4,0.0,0.0,0.0,0.0,,0.0,0,silent
2026-07-07_01-16-11.mp4,0.0,0.0,0.0,0.0,,0.0,0,silent
2026-07-06_00-34-00.mp4,0.0020751953125,0.0104522705078125,0.0127716064453125,0.0104522705078125,Hiccup,0.291015625,0,
2026-07-07_22-37-54.mp4,0.005889892578125,0.05511474609375,0.0021495819091796875,0.05511474609375,Stomach rumble,0.2215576171875,0,
2026-06-30_16-51-20.mp4,0.0257110595703125,0.007373809814453125,0.00238800048828125,0.0257110595703125,Speech,0.74365234375,0,
2026-07-06_22-51-47.mp4,0.00217437744140625,0.012969970703125,0.0014495849609375,0.012969970703125,Bird,0.327392578125,0,
2026-07-09_17-03-59.mp4,0.0,0.0,0.0,0.0,,0.0,0,silent
2026-07-22_22-43-16.mp4,0.0011835098266601562,0.0036220550537109375,0.00731658935546875,0.0036220550537109375,Stomach rumble,0.476806640625,0,
2026-07-14_07-04-48.mp4,0.0,0.0,0.0,0.0,,0.0,0,silent
2026-07-07_20-58-00.mp4,0.004608154296875,0.010009765625,0.0041656494140625,0.010009765625,Stomach rumble,0.1551513671875,0,
2026-07-02_03-54-15.mp4,0.0006771087646484375,0.0059814453125,0.0013885498046875,0.0059814453125,Tick,0.1326904296875,0,
2026-07-06_22-36-21.mp4,0.0006117820739746094,0.0059356689453125,0.0006237030029296875,0.0059356689453125,Stomach rumble,0.385009765625,0,
2026-07-01_07-05-41.mp4,0.0,0.0,0.0,0.0,,0.0,0,silent
2026-07-23_17-04-34.mp4,0.0029125213623046875,0.007488250732421875,0.00359344482421875,0.007488250732421875,Speech,0.52880859375,0,
2026-07-05_05-53-29.mp4,0.0,0.0,0.0,0.0,,0.0,0,silent
2026-06-30_21-53-26.mp4,0.09234619140625,0.03265380859375,0.01384735107421875,0.09234619140625,Speech,0.82421875,0,
2026-07-21_12-20-37.mp4,0.0,0.0,0.0,0.0,,0.0,0,silent
2026-07-05_03-40-40.mp4,0.0007238388061523438,0.006290435791015625,0.0005679130554199219,0.006290435791015625,Clicking,0.1917724609375,0,
2026-07-01_20-18-25.mp4,0.006313323974609375,0.01395416259765625,0.002834320068359375,0.01395416259765625,Animal,0.1199951171875,0,
2026-07-08_03-44-54.mp4,0.0,0.0,0.0,0.0,,0.0,0,silent
2026-07-11_13-31-06.mp4,0.0,0.0,0.0,0.0,,0.0,0,silent
2026-07-20_14-52-18.mp4,0.0,0.0,0.0,0.0,,0.0,0,silent
2026-07-20_11-37-14.mp4,0.0,0.0,0.0,0.0,,0.0,0,silent
2026-07-13_11-49-31.mp4,0.0,0.0,0.0,0.0,,0.0,0,silent
2026-07-10_14-20-07.mp4,0.0,0.0,0.0,0.0,,0.0,0,silent
2026-07-08_20-41-44.mp4,0.0023593902587890625,0.005889892578125,0.0115509033203125,0.005889892578125,Speech,0.2354736328125,0,
2026-07-15_18-29-25.mp4,0.0,0.0,0.0,0.0,,0.0,0,silent
2026-07-13_07-20-43.mp4,0.0004477500915527344,0.0026111602783203125,0.0004239082336425781,0.0026111602783203125,Stomach rumble,0.94287109375,0,
2026-07-09_14-42-12.mp4,0.0008230209350585938,0.0119171142578125,0.0011034011840820312,0.0119171142578125,Stomach rumble,0.8544921875,0,
2026-07-11_22-31-00.mp4,0.0010652542114257812,0.105224609375,0.0011606216430664062,0.105224609375,Sonar,0.60888671875,0,
2026-07-05_16-26-40.mp4,0.0,0.0,0.0,0.0,,0.0,0,silent
2026-07-02_16-19-51.mp4,0.0,0.0,0.0,0.0,,0.0,0,silent
2026-07-24_05-22-58.mp4,0.00045299530029296875,0.003795623779296875,0.0182342529296875,0.003795623779296875,Stomach rumble,0.131591796875,0,
2026-07-10_14-24-01.mp4,0.0,0.0,0.0,0.0,,0.0,0,silent
2026-07-02_23-44-07.mp4,0.0,0.0,0.0,0.0,,0.0,0,silent
2026-07-23_19-03-56.mp4,0.0018033981323242188,0.05889892578125,0.0012693405151367188,0.05889892578125,Tick,0.06982421875,0,
2026-07-03_11-01-26.mp4,0.0,0.0,0.0,0.0,,0.0,0,silent
2026-07-06_18-13-42.mp4,0.003482818603515625,0.00981903076171875,0.0053863525390625,0.00981903076171875,Speech,0.1248779296875,0,
2026-07-06_02-55-58.mp4,0.00033926963806152344,0.006744384765625,0.00043892860412597656,0.006744384765625,Stomach rumble,0.85009765625,0,
2026-07-20_19-16-41.mp4,0.00260162353515625,0.0232391357421875,0.0032482147216796875,0.0232391357421875,Silence,0.09124755859375,0,
2026-07-04_18-01-03.mp4,0.0,0.0,0.0,0.0,,0.0,0,silent
2026-07-11_10-47-40.mp4,0.0,0.0,0.0,0.0,,0.0,0,silent
2026-07-23_16-32-41.mp4,0.0037364959716796875,0.003147125244140625,0.023284912109375,0.0037364959716796875,Speech,0.41943359375,0,
2026-07-07_09-29-54.mp4,0.0,0.0,0.0,0.0,,0.0,0,silent
2026-07-03_21-27-47.mp4,0.0,0.0,0.0,0.0,,0.0,0,silent
2026-07-22_01-54-34.mp4,0.0,0.0,0.0,0.0,,0.0,0,silent
2026-07-25_11-31-21.mp4,0.0,0.0,0.0,0.0,,0.0,0,silent
2026-07-12_18-19-29.mp4,0.0009813308715820312,0.011505126953125,0.0248870849609375,0.011505126953125,Bird,0.26904296875,0,
2026-07-12_12-21-05.mp4,0.0006985664367675781,0.003795623779296875,0.0036067962646484375,0.003795623779296875,Stomach rumble,0.249267578125,0,
2026-07-20_19-34-59.mp4,0.0,0.0,0.0,0.0,,0.0,0,silent
2026-07-17_09-13-25.mp4,0.0,0.0,0.0,0.0,,0.0,0,silent
2026-07-08_19-34-20.mp4,0.00010389089584350586,0.10247802734375,0.00021147727966308594,0.10247802734375,Door,0.10247802734375,0,
2026-07-25_23-35-50.mp4,0.0012598037719726562,0.005279541015625,0.0069580078125,0.005279541015625,Animal,0.128662109375,0,
2026-07-23_15-44-53.mp4,0.0009584426879882812,0.00679779052734375,0.00157928466796875,0.00679779052734375,Stomach rumble,0.84716796875,0,
2026-07-10_22-24-24.mp4,0.0,0.0,0.0,0.0,,0.0,0,silent
2026-07-01_21-17-41.mp4,0.0004239082336425781,0.01142120361328125,0.0006513595581054688,0.01142120361328125,"Pigeon, dove",0.69873046875,0,
2026-07-25_20-25-34.mp4,0.024658203125,0.0063629150390625,0.184326171875,0.024658203125,Speech,0.74755859375,0,
2026-07-26_04-29-53.mp4,0.0,0.0,0.0,0.0,,0.0,0,silent
2026-07-21_06-13-53.mp4,0.00030303001403808594,0.0008039474487304688,0.0025119781494140625,0.0008039474487304688,Owl,0.79736328125,0,
2026-07-02_15-32-57.mp4,0.004505157470703125,0.0248870849609375,0.0021915435791015625,0.0248870849609375,Speech,0.1978759765625,0,
2026-07-03_11-00-50.mp4,0.0,0.0,0.0,0.0,,0.0,0,silent
2026-07-02_03-23-16.mp4,0.0,0.0,0.0,0.0,,0.0,0,silent
2026-07-19_00-00-56.mp4,0.0007524490356445312,0.004505157470703125,0.00130462646484375,0.004505157470703125,"Pigeon, dove",0.61181640625,0,
2026-07-20_15-08-06.mp4,0.0009889602661132812,0.0058441162109375,0.0074310302734375,0.0058441162109375,Hiccup,0.1561279296875,0,
2026-07-22_07-49-37.mp4,0.0,0.0,0.0,0.0,,0.0,0,silent
2026-07-25_12-46-02.mp4,0.0,0.0,0.0,0.0,,0.0,0,silent
2026-07-14_13-58-02.mp4,0.0,0.0,0.0,0.0,,0.0,0,silent
2026-07-05_12-23-14.mp4,0.0,0.0,0.0,0.0,,0.0,0,silent
2026-07-20_22-53-51.mp4,0.0011119842529296875,0.0029926300048828125,0.0018310546875,0.0029926300048828125,Stomach rumble,0.73095703125,0,
2026-07-17_13-24-40.mp4,0.0005211830139160156,0.01036834716796875,0.0011377334594726562,0.01036834716796875,"Pigeon, dove",0.5791015625,0,
2026-07-10_16-45-53.mp4,0.0,0.0,0.0,0.0,,0.0,0,silent
2026-07-16_21-41-14.mp4,0.0,0.0,0.0,0.0,,0.0,0,silent
2026-07-14_14-55-01.mp4,0.0,0.0,0.0,0.0,,0.0,0,silent
2026-07-18_11-26-34.mp4,0.0034961700439453125,0.00841522216796875,0.0167236328125,0.00841522216796875,Speech,0.60888671875,0,
2026-07-03_00-27-08.mp4,0.0007495880126953125,0.2176513671875,0.0016107559204101562,0.2176513671875,Music,0.2176513671875,1,
2026-07-06_01-28-35.mp4,0.0007266998291015625,0.0030155181884765625,0.000614166259765625,0.0030155181884765625,Stomach rumble,0.45654296875,0,
2026-07-09_16-21-17.mp4,0.0,0.0,0.0,0.0,,0.0,0,silent
2026-07-17_23-07-42.mp4,0.0,0.0,0.0,0.0,,0.0,0,silent
2026-07-24_23-31-59.mp4,0.0009775161743164062,0.024993896484375,0.0024242401123046875,0.024993896484375,Stomach rumble,0.51220703125,0,
2026-07-08_22-17-58.mp4,0.0,0.0,0.0,0.0,,0.0,0,silent
2026-07-08_17-28-41.mp4,0.0,0.0,0.0,0.0,,0.0,0,silent
2026-07-03_01-42-25.mp4,0.0,0.0,0.0,0.0,,0.0,0,silent
2026-07-10_11-02-52.mp4,0.0,0.0,0.0,0.0,,0.0,0,silent
2026-07-09_21-47-26.mp4,0.0,0.0,0.0,0.0,,0.0,0,silent
2026-07-01_18-41-02.mp4,0.004055023193359375,0.019378662109375,0.0095977783203125,0.019378662109375,Speech,0.1766357421875,0,
2026-07-08_15-56-47.mp4,0.0,0.0,0.0,0.0,,0.0,0,silent
2026-07-10_11-10-21.mp4,0.0,0.0,0.0,0.0,,0.0,0,silent
2026-07-02_15-48-45.mp4,0.0010690689086914062,0.004810333251953125,0.0007824897766113281,0.004810333251953125,Stomach rumble,0.348388671875,0,
2026-07-15_08-53-14.mp4,0.001495361328125,0.00555419921875,0.006072998046875,0.00555419921875,Stomach rumble,0.28857421875,0,
2026-07-04_19-05-36.mp4,0.0017824172973632812,0.00714874267578125,0.0017747879028320312,0.00714874267578125,Stomach rumble,0.146240234375,0,
2026-07-07_14-04-21.mp4,0.0009436607360839844,0.005100250244140625,0.0011472702026367188,0.005100250244140625,Animal,0.45751953125,0,
2026-07-14_03-14-08.mp4,0.0014104843139648438,0.004791259765625,0.0015249252319335938,0.004791259765625,Stomach rumble,0.406005859375,0,
2026-07-02_03-13-10.mp4,0.0,0.0,0.0,0.0,,0.0,0,silent
2026-07-14_16-37-54.mp4,0.0005550384521484375,0.0135345458984375,0.001972198486328125,0.0135345458984375,Stomach rumble,0.3955078125,0,
2026-07-25_11-28-33.mp4,0.0,0.0,0.0,0.0,,0.0,0,silent
2026-07-04_00-56-53.mp4,0.001987457275390625,0.0083160400390625,0.0062408447265625,0.0083160400390625,Stomach rumble,0.254150390625,0,
2026-07-06_20-48-52.mp4,0.0011034011840820312,0.00518035888671875,0.0013780593872070312,0.00518035888671875,Stomach rumble,0.365478515625,0,
2026-07-14_19-00-19.mp4,0.0014896392822265625,0.0031108856201171875,0.0187225341796875,0.0031108856201171875,Owl,0.07464599609375,0,
2026-07-14_15-02-13.mp4,0.0,0.0,0.0,0.0,,0.0,0,silent
2026-07-13_21-27-17.mp4,0.0027675628662109375,0.006389617919921875,0.0374755859375,0.006389617919921875,Speech,0.1441650390625,0,
2026-07-05_15-23-46.mp4,0.0,0.0,0.0,0.0,,0.0,0,silent
2026-07-15_12-57-35.mp4,0.0,0.0,0.0,0.0,,0.0,0,silent
2026-07-20_09-15-57.mp4,0.0017681121826171875,0.01483917236328125,0.00234222412109375,0.01483917236328125,Silence,0.07501220703125,0,
2026-07-13_10-55-13.mp4,0.0010480880737304688,0.007904052734375,0.0032482147216796875,0.007904052734375,Stomach rumble,0.140380859375,0,
2026-07-08_22-38-40.mp4,0.0,0.0,0.0,0.0,,0.0,0,silent
2026-07-03_01-24-49.mp4,0.0,0.0,0.0,0.0,,0.0,0,silent
2026-07-15_13-49-10.mp4,0.0,0.0,0.0,0.0,,0.0,0,silent
2026-07-25_07-43-54.mp4,0.0,0.0,0.0,0.0,,0.0,0,silent
2026-06-30_13-05-55.mp4,0.004451751708984375,0.0089874267578125,0.0033893585205078125,0.0089874267578125,Stomach rumble,0.58984375,0,
2026-07-07_06-17-08.mp4,0.0010318756103515625,0.0104522705078125,0.0026111602783203125,0.0104522705078125,Snoring,0.1376953125,0,
2026-07-05_05-56-41.mp4,0.0,0.0,0.0,0.0,,0.0,0,silent
2026-07-07_02-10-46.mp4,0.0,0.0,0.0,0.0,,0.0,0,silent
2026-07-09_14-09-30.mp4,0.0,0.0,0.0,0.0,,0.0,0,silent
2026-07-10_12-35-51.mp4,0.0,0.0,0.0,0.0,,0.0,0,silent
2026-07-23_06-10-11.mp4,0.0,0.0,0.0,0.0,,0.0,0,silent
2026-07-21_09-06-09.mp4,0.0,0.0,0.0,0.0,,0.0,0,silent
2026-07-05_10-19-03.mp4,0.0,0.0,0.0,0.0,,0.0,0,silent
2026-07-12_21-22-33.mp4,0.0,0.0,0.0,0.0,,0.0,0,silent
2026-07-05_08-25-28.mp4,0.0,0.0,0.0,0.0,,0.0,0,silent
2026-07-18_15-45-44.mp4,0.0,0.0,0.0,0.0,,0.0,0,silent
2026-07-13_19-37-31.mp4,0.0,0.0,0.0,0.0,,0.0,0,silent
2026-07-05_02-13-53.mp4,0.0001499652862548828,0.024658203125,0.000820159912109375,0.024658203125,Sonar,0.16455078125,0,
2026-07-08_14-48-36.mp4,0.0,0.0,0.0,0.0,,0.0,0,silent
2026-07-11_12-52-26.mp4,0.0,0.0,0.0,0.0,,0.0,0,silent
2026-07-03_01-37-01.mp4,0.0025615692138671875,0.0074615478515625,0.007724761962890625,0.0074615478515625,Stomach rumble,0.350830078125,0,
2026-07-20_19-20-29.mp4,0.0,0.0,0.0,0.0,,0.0,0,silent
2026-07-15_08-08-44.mp4,0.0,0.0,0.0,0.0,,0.0,0,silent
2026-07-12_21-18-39.mp4,0.0007014274597167969,0.0087432861328125,0.001628875732421875,0.0087432861328125,Whale vocalization,0.1370849609375,0,
2026-07-04_03-05-31.mp4,0.0,0.0,0.0,0.0,,0.0,0,silent
2026-07-03_12-47-43.mp4,0.0,0.0,0.0,0.0,,0.0,0,silent
2026-07-22_22-38-22.mp4,0.0,0.0,0.0,0.0,,0.0,0,silent
2026-07-07_07-33-49.mp4,0.004024505615234375,0.00891876220703125,0.005062103271484375,0.00891876220703125,Gurgling,0.0784912109375,0,
2026-07-24_22-27-11.mp4,0.001495361328125,0.00661468505859375,0.0222015380859375,0.00661468505859375,Stomach rumble,0.1473388671875,0,
2026-07-10_11-12-27.mp4,0.0,0.0,0.0,0.0,,0.0,0,silent
2026-07-12_14-37-48.mp4,0.00279998779296875,0.007038116455078125,0.0089874267578125,0.007038116455078125,Oink,0.408203125,0,
2026-07-02_03-23-04.mp4,0.002349853515625,0.01837158203125,0.0305023193359375,0.01837158203125,Silence,0.1539306640625,0,
2026-07-07_12-29-34.mp4,0.0,0.0,0.0,0.0,,0.0,0,silent
2026-07-05_13-09-08.mp4,0.0,0.0,0.0,0.0,,0.0,0,silent
2026-07-02_03-30-28.mp4,0.0,0.0,0.0,0.0,,0.0,0,silent
2026-07-04_02-42-22.mp4,0.06512451171875,0.0293121337890625,0.008575439453125,0.06512451171875,Speech,0.88134765625,0,
2026-07-05_19-59-47.mp4,0.0027790069580078125,0.014007568359375,0.0010862350463867188,0.014007568359375,Speech,0.2144775390625,0,
2026-07-16_18-58-58.mp4,0.0005769729614257812,0.0018529891967773438,0.004329681396484375,0.0018529891967773438,Animal,0.094482421875,0,
2026-07-25_19-46-52.mp4,0.00690460205078125,0.0032482147216796875,0.328857421875,0.00690460205078125,Speech,0.415283203125,0,
2026-07-09_12-16-56.mp4,0.0,0.0,0.0,0.0,,0.0,0,silent
2026-07-06_05-58-38.mp4,0.0,0.0,0.0,0.0,,0.0,0,silent
2026-07-11_05-51-38.mp4,0.0005235671997070312,0.00443267822265625,0.0010814666748046875,0.00443267822265625,Stomach rumble,0.76318359375,0,
2026-07-20_12-30-37.mp4,0.002758026123046875,0.0033245086669921875,0.001987457275390625,0.0033245086669921875,Stomach rumble,0.42724609375,0,
2026-07-10_12-27-57.mp4,0.0,0.0,0.0,0.0,,0.0,0,silent
2026-07-01_12-38-54.mp4,0.0,0.0,0.0,0.0,,0.0,0,silent
2026-07-22_15-16-01.mp4,0.0020503997802734375,0.002620697021484375,0.0261077880859375,0.002620697021484375,Stomach rumble,0.15478515625,0,
2026-07-22_13-43-38.mp4,0.0,0.0,0.0,0.0,,0.0,0,silent
2026-07-23_15-32-11.mp4,0.0,0.0,0.0,0.0,,0.0,0,silent
2026-07-05_15-51-34.mp4,0.0012788772583007812,0.006389617919921875,0.0012254714965820312,0.006389617919921875,Bird,0.1484375,0,
2026-07-02_05-18-40.mp4,0.0,0.0,0.0,0.0,,0.0,0,silent
2026-07-08_14-04-31.mp4,0.0,0.0,0.0,0.0,,0.0,0,silent
2026-07-05_00-56-00.mp4,0.0005254745483398438,0.0230255126953125,0.000537872314453125,0.0230255126953125,Stomach rumble,0.2462158203125,0,
2026-07-23_12-35-25.mp4,0.01073455810546875,0.010009765625,0.00669097900390625,0.01073455810546875,Speech,0.431640625,0,
2026-07-02_14-28-58.mp4,0.0005726814270019531,0.00572967529296875,0.0003249645233154297,0.00572967529296875,Stomach rumble,0.6708984375,0,
2026-07-22_09-01-23.mp4,0.0,0.0,0.0,0.0,,0.0,0,silent
2026-07-06_00-32-12.mp4,0.0018892288208007812,0.01473236083984375,0.0023975372314453125,0.01473236083984375,Stomach rumble,0.314453125,0,
2026-07-10_17-23-21.mp4,0.0006747245788574219,0.002452850341796875,0.0207977294921875,0.002452850341796875,Stomach rumble,0.132568359375,0,
2026-07-12_13-50-49.mp4,0.007755279541015625,0.005344390869140625,0.0203704833984375,0.007755279541015625,Speech,0.693359375,0,
2026-07-04_14-50-12.mp4,0.0489501953125,0.01116180419921875,0.0283355712890625,0.0489501953125,Speech,0.595703125,0,
2026-07-24_19-30-31.mp4,0.0013246536254882812,0.01433563232421875,0.0121002197265625,0.01433563232421875,Speech,0.366455078125,0,
2026-07-14_23-12-20.mp4,0.0006337165832519531,0.017303466796875,0.0009217262268066406,0.017303466796875,Gurgling,0.12322998046875,0,
2026-07-18_11-45-40.mp4,0.0010004043579101562,0.0012788772583007812,0.0015974044799804688,0.0012788772583007812,Stomach rumble,0.6220703125,0,
2026-07-02_03-32-04.mp4,0.0,0.0,0.0,0.0,,0.0,0,silent
2026-07-04_09-17-58.mp4,0.0,0.0,0.0,0.0,,0.0,0,silent
2026-07-10_10-33-40.mp4,0.0,0.0,0.0,0.0,,0.0,0,silent
2026-07-06_13-26-03.mp4,0.0,0.0,0.0,0.0,,0.0,0,silent
2026-07-21_11-17-31.mp4,0.00036978721618652344,0.0018529891967773438,0.001934051513671875,0.0018529891967773438,Stomach rumble,0.6787109375,0,
2026-07-12_10-30-31.mp4,0.0,0.0,0.0,0.0,,0.0,0,silent
2026-07-21_05-59-47.mp4,0.0,0.0,0.0,0.0,,0.0,0,silent
2026-07-10_21-42-07.mp4,0.0017271041870117188,0.003692626953125,0.0144500732421875,0.003692626953125,Hiccup,0.50830078125,0,
2026-07-06_23-43-00.mp4,0.0,0.0,0.0,0.0,,0.0,0,silent
2026-07-03_08-56-45.mp4,0.0008425712585449219,0.0287017822265625,0.00428009033203125,0.0287017822265625,Whale vocalization,0.136962890625,0,
2026-07-13_12-36-24.mp4,0.0,0.0,0.0,0.0,,0.0,0,silent
2026-07-07_07-18-31.mp4,0.0,0.0,0.0,0.0,,0.0,0,silent
2026-07-26_04-37-53.mp4,0.0011205673217773438,0.004024505615234375,0.00634002685546875,0.004024505615234375,Stomach rumble,0.373779296875,0,
2026-07-23_09-04-57.mp4,0.0,0.0,0.0,0.0,,0.0,0,silent
2026-07-19_11-21-03.mp4,0.0,0.0,0.0,0.0,,0.0,0,silent
2026-07-19_23-44-48.mp4,0.0,0.0,0.0,0.0,,0.0,0,silent
2026-07-22_14-13-08.mp4,0.0009965896606445312,0.00217437744140625,0.0028667449951171875,0.00217437744140625,Stomach rumble,0.10797119140625,0,
2026-07-07_21-52-13.mp4,0.0034027099609375,0.00937652587890625,0.0029010772705078125,0.00937652587890625,Bird,0.10797119140625,0,
2026-07-23_20-55-51.mp4,0.00130462646484375,0.0059814453125,0.0154876708984375,0.0059814453125,Hiccup,0.132568359375,0,
2026-07-07_04-24-33.mp4,0.0,0.0,0.0,0.0,,0.0,0,silent
2026-07-21_12-58-36.mp4,0.0,0.0,0.0,0.0,,0.0,0,silent
2026-07-04_20-39-41.mp4,0.0005998611450195312,0.00243377685546875,0.0009508132934570312,0.00243377685546875,Stomach rumble,0.6064453125,0,
2026-07-02_20-30-19.mp4,0.0006718635559082031,0.01406097412109375,0.0016107559204101562,0.01406097412109375,Stomach rumble,0.26416015625,0,
2026-07-16_19-17-46.mp4,0.0,0.0,0.0,0.0,,0.0,0,silent
2026-07-12_14-13-36.mp4,0.0,0.0,0.0,0.0,,0.0,0,silent
2026-07-08_12-16-32.mp4,0.0,0.0,0.0,0.0,,0.0,0,silent
2026-07-03_03-53-35.mp4,0.0087432861328125,0.004810333251953125,0.00106048583984375,0.0087432861328125,Speech,0.7421875,0,
2026-07-17_07-51-08.mp4,0.0,0.0,0.0,0.0,,0.0,0,silent
2026-07-21_15-22-53.mp4,0.0003612041473388672,0.013427734375,0.0005931854248046875,0.013427734375,Slam,0.039794921875,0,
2026-07-08_20-42-20.mp4,0.0,0.0,0.0,0.0,,0.0,0,silent
2026-07-24_07-29-45.mp4,0.0008935928344726562,0.001178741455078125,0.00257110595703125,0.001178741455078125,Stomach rumble,0.072509765625,0,
2026-07-12_11-52-00.mp4,0.0005955696105957031,0.0154876708984375,0.0005507469177246094,0.0154876708984375,Silence,0.06610107421875,0,
2026-07-02_04-04-03.mp4,0.0012302398681640625,0.006511688232421875,0.0013666152954101562,0.006511688232421875,Stomach rumble,0.49853515625,0,
2026-07-10_07-20-12.mp4,0.0,0.0,0.0,0.0,,0.0,0,silent
2026-07-08_04-14-17.mp4,0.0,0.0,0.0,0.0,,0.0,0,silent
2026-07-24_01-20-13.mp4,0.0006852149963378906,0.004772186279296875,0.0021152496337890625,0.004772186279296875,Stomach rumble,0.77783203125,0,
2026-07-06_15-55-18.mp4,0.0,0.0,0.0,0.0,,0.0,0,silent
2026-07-22_01-44-28.mp4,0.0010204315185546875,0.00400543212890625,0.001941680908203125,0.00400543212890625,Gurgling,0.0970458984375,0,
2026-07-07_09-25-42.mp4,0.0,0.0,0.0,0.0,,0.0,0,silent
2026-07-12_04-43-10.mp4,0.0007352828979492188,0.01374053955078125,0.0025310516357421875,0.01374053955078125,Bird,0.66064453125,0,
2026-07-14_07-04-24.mp4,0.0005173683166503906,0.0018310546875,0.001628875732421875,0.0018310546875,Stomach rumble,0.87158203125,0,
2026-07-09_07-53-04.mp4,0.0,0.0,0.0,0.0,,0.0,0,silent
2026-07-08_06-35-41.mp4,0.0009255409240722656,0.0074615478515625,0.001361846923828125,0.0074615478515625,Stomach rumble,0.1260986328125,0,
2026-07-03_07-22-40.mp4,0.0,0.0,0.0,0.0,,0.0,0,silent
2026-07-14_16-35-48.mp4,0.0,0.0,0.0,0.0,,0.0,0,silent
2026-07-01_23-44-50.mp4,0.0,0.0,0.0,0.0,,0.0,0,silent
2026-07-10_14-11-02.mp4,0.0,0.0,0.0,0.0,,0.0,0,silent
2026-07-04_23-40-09.mp4,0.0006823539733886719,0.00269317626953125,0.0013942718505859375,0.00269317626953125,Stomach rumble,0.72998046875,0,
2026-07-07_00-14-36.mp4,0.0,0.0,0.0,0.0,,0.0,0,silent
2026-07-26_00-56-55.mp4,0.0,0.0,0.0,0.0,,0.0,0,silent
2026-07-06_02-54-58.mp4,0.0008625984191894531,0.01029205322265625,0.002010345458984375,0.01029205322265625,Stomach rumble,0.355224609375,0,
2026-07-06_00-43-18.mp4,0.0,0.0,0.0,0.0,,0.0,0,silent
2026-07-10_11-16-45.mp4,0.0,0.0,0.0,0.0,,0.0,0,silent
2026-07-11_18-49-21.mp4,0.0007381439208984375,0.1400146484375,0.0010204315185546875,0.1400146484375,Sonar,0.50927734375,0,
2026-07-05_13-03-38.mp4,0.0,0.0,0.0,0.0,,0.0,0,silent
2026-07-22_13-42-38.mp4,0.0001647472381591797,0.0016231536865234375,0.0004322528839111328,0.0016231536865234375,Bird,0.2310791015625,0,
2026-07-09_19-58-45.mp4,0.0,0.0,0.0,0.0,,0.0,0,silent
2026-07-03_19-50-54.mp4,0.002811431884765625,0.01238250732421875,0.006290435791015625,0.01238250732421875,"Pigeon, dove",0.452880859375,0,
2026-07-02_08-32-24.mp4,0.0,0.0,0.0,0.0,,0.0,0,silent
2026-07-14_06-39-55.mp4,0.0,0.0,0.0,0.0,,0.0,0,silent
2026-07-02_10-36-42.mp4,0.0,0.0,0.0,0.0,,0.0,0,silent
2026-07-11_13-47-42.mp4,0.0,0.0,0.0,0.0,,0.0,0,silent
2026-07-05_21-55-02.mp4,0.0,0.0,0.0,0.0,,0.0,0,silent
2026-07-22_07-42-37.mp4,0.001506805419921875,0.0070953369140625,0.0068511962890625,0.0070953369140625,Stomach rumble,0.77783203125,0,
2026-07-03_07-19-22.mp4,0.0005130767822265625,0.0102081298828125,0.0008425712585449219,0.0102081298828125,Stomach rumble,0.131591796875,0,
2026-07-02_22-56-56.mp4,0.0030517578125,0.01406097412109375,0.0014209747314453125,0.01406097412109375,Stomach rumble,0.2314453125,0,
2026-07-15_09-57-19.mp4,0.0,0.0,0.0,0.0,,0.0,0,silent
2026-07-07_00-14-00.mp4,0.0011119842529296875,0.00482940673828125,0.005321502685546875,0.00482940673828125,Stomach rumble,0.1905517578125,0,
2026-07-05_16-29-21.mp4,0.0012254714965820312,0.018768310546875,0.00579833984375,0.018768310546875,Silence,0.0784912109375,0,
2026-07-06_19-13-11.mp4,0.0,0.0,0.0,0.0,,0.0,0,silent
2026-07-20_15-26-24.mp4,0.001789093017578125,0.01024627685546875,0.00464630126953125,0.01024627685546875,Stomach rumble,0.2294921875,0,
2026-07-18_21-01-40.mp4,0.00016605854034423828,0.0015668869018554688,0.0001767873764038086,0.0015668869018554688,Arrow,0.259033203125,0,
2026-07-12_21-42-21.mp4,0.0005035400390625,0.007755279541015625,0.001178741455078125,0.007755279541015625,Bird,0.4013671875,0,
2026-07-10_10-09-28.mp4,0.0,0.0,0.0,0.0,,0.0,0,silent
2026-07-04_02-21-04.mp4,0.0,0.0,0.0,0.0,,0.0,0,silent
2026-07-11_16-58-06.mp4,0.00075531005859375,0.0309600830078125,0.003429412841796875,0.0309600830078125,Squish,0.055419921875,0,
2026-07-03_22-43-04.mp4,0.0,0.0,0.0,0.0,,0.0,0,silent
2026-07-06_07-06-07.mp4,0.0,0.0,0.0,0.0,,0.0,0,silent
2026-07-09_14-43-12.mp4,0.0012598037719726562,0.004199981689453125,0.0050811767578125,0.004199981689453125,Animal,0.37353515625,0,
2026-07-09_20-29-15.mp4,0.0,0.0,0.0,0.0,,0.0,0,silent
2026-07-18_15-06-44.mp4,0.0011835098266601562,0.004962921142578125,0.0029468536376953125,0.004962921142578125,Stomach rumble,0.1259765625,0,
2026-07-10_14-23-01.mp4,0.0,0.0,0.0,0.0,,0.0,0,silent
2026-07-10_11-40-51.mp4,0.003223419189453125,0.004718780517578125,0.0115509033203125,0.004718780517578125,Speech,0.187255859375,0,
2026-07-02_14-27-46.mp4,0.0,0.0,0.0,0.0,,0.0,0,silent
2026-07-11_13-43-12.mp4,0.0,0.0,0.0,0.0,,0.0,0,silent
2026-07-20_19-59-23.mp4,0.0,0.0,0.0,0.0,,0.0,0,silent
2026-07-03_03-53-47.mp4,0.0,0.0,0.0,0.0,,0.0,0,silent
