file,n_frames,det_max,det_mean,present_frac,absent_pseudo
2026-07-18_03-15-51.mp4,8,0.43868231773376465,0.36787184700369835,0.5,0
2026-07-21_23-59-05.mp4,8,0.37424996495246887,0.31643906235694885,0.125,-1
2026-07-07_20-52-18.mp4,8,0.3450636565685272,0.31857410818338394,0.0,-1
2026-07-11_10-46-16.mp4,8,0.38075515627861023,0.3491632081568241,0.5,0
2026-07-02_18-28-08.mp4,8,0.37076568603515625,0.30853652209043503,0.125,-1
2026-07-04_15-25-25.mp4,8,0.43532493710517883,0.38924749568104744,1.0,0
2026-07-06_11-18-17.mp4,8,0.3911510705947876,0.31605325639247894,0.125,-1
2026-07-13_10-44-07.mp4,8,0.4275856614112854,0.35621199011802673,0.375,-1
2026-07-15_18-43-49.mp4,8,0.3068109452724457,0.2854764349758625,0.0,-1
2026-07-03_20-05-24.mp4,8,0.3501005470752716,0.30946921184659004,0.125,-1
2026-07-02_14-21-40.mp4,8,0.3558679223060608,0.3165954574942589,0.125,-1
2026-07-24_09-05-02.mp4,8,0.5583828091621399,0.39694199338555336,0.5,0
2026-07-04_11-27-03.mp4,8,0.42953380942344666,0.35909783840179443,0.5,0
2026-07-03_21-39-11.mp4,8,0.32317087054252625,0.29775384068489075,0.0,-1
2026-07-09_07-36-17.mp4,8,0.3495418131351471,0.28742270171642303,0.0,-1
2026-07-08_07-36-22.mp4,8,0.4093059301376343,0.3784729205071926,1.0,0
2026-07-11_10-58-46.mp4,8,0.39178261160850525,0.3761806786060333,1.0,0
2026-07-14_14-57-37.mp4,8,0.4810183644294739,0.4257885068655014,0.875,0
2026-07-06_18-30-24.mp4,8,0.46716317534446716,0.36138300970196724,0.375,-1
2026-07-04_08-43-52.mp4,8,0.42096245288848877,0.37997768446803093,0.875,0
2026-07-01_13-47-17.mp4,8,0.30262291431427,0.29142067208886147,0.0,-1
2026-07-04_14-38-54.mp4,8,0.3124968707561493,0.28976748511195183,0.0,-1
2026-07-05_11-14-39.mp4,8,0.35157713294029236,0.3160991370677948,0.125,-1
2026-07-21_14-07-06.mp4,8,0.413970947265625,0.3241269290447235,0.375,-1
2026-07-02_18-39-38.mp4,8,0.33527570962905884,0.29613112285733223,0.0,-1
2026-07-08_19-30-32.mp4,8,0.339311808347702,0.3237333558499813,0.0,-1
2026-07-21_15-21-23.mp4,8,0.3790307939052582,0.3637532591819763,0.75,0
2026-07-14_13-43-38.mp4,8,0.3954356014728546,0.34594959765672684,0.5,0
2026-07-04_11-24-27.mp4,8,0.5008580088615417,0.45766226202249527,1.0,0
2026-07-08_00-02-05.mp4,8,0.37708598375320435,0.3464938849210739,0.25,-1
2026-07-15_13-47-22.mp4,8,0.38687893748283386,0.3224208131432533,0.25,-1
2026-07-09_14-16-30.mp4,8,0.39444833993911743,0.3857600875198841,1.0,0
2026-07-03_23-37-58.mp4,8,0.39928770065307617,0.364833801984787,0.75,0
2026-07-26_04-03-05.mp4,8,0.322489857673645,0.30146532505750656,0.0,-1
2026-07-09_16-29-05.mp4,8,0.3047449290752411,0.29592135921120644,0.0,-1
2026-07-21_10-11-08.mp4,8,0.37217873334884644,0.3539269007742405,0.625,0
2026-07-03_15-19-59.mp4,8,0.33424243330955505,0.3112105019390583,0.0,-1
2026-07-21_11-15-56.mp4,8,0.3149673640727997,0.2856532707810402,0.0,-1
2026-07-14_11-13-40.mp4,8,0.35168734192848206,0.3464992493391037,0.5,0
2026-07-18_15-37-50.mp4,8,0.35443514585494995,0.3070327341556549,0.125,-1
2026-07-07_23-43-53.mp4,8,0.3593057692050934,0.33438200503587723,0.25,-1
2026-07-03_03-29-48.mp4,8,0.4091683328151703,0.34866638481616974,0.375,-1
2026-07-07_02-58-34.mp4,8,0.3685702085494995,0.35576674714684486,0.875,0
2026-07-24_22-36-41.mp4,8,0.43443265557289124,0.3722281940281391,0.75,0
2026-07-02_07-07-33.mp4,8,0.4288388192653656,0.36437563225626945,0.75,0
2026-07-21_01-27-08.mp4,8,0.3471336364746094,0.292742308229208,0.0,-1
2026-07-09_23-39-23.mp4,8,0.4075542390346527,0.32433076575398445,0.375,-1
2026-07-03_17-30-29.mp4,8,0.2968970537185669,0.28185202553868294,0.0,-1
2026-07-07_05-36-56.mp4,8,0.4331772029399872,0.41411029919981956,1.0,0
2026-07-06_00-38-42.mp4,8,0.3856871724128723,0.33217067271471024,0.25,-1
2026-07-19_14-44-25.mp4,8,0.3333928883075714,0.30616579577326775,0.0,-1
2026-07-05_19-03-42.mp4,8,0.3882870376110077,0.3213573656976223,0.125,-1
2026-06-30_22-30-55.mp4,8,0.3924216628074646,0.38462870940566063,1.0,0
2026-07-22_15-11-20.mp4,8,0.32795679569244385,0.29817431792616844,0.0,-1
2026-07-09_10-54-20.mp4,8,0.42408883571624756,0.36442092433571815,0.625,0
2026-07-03_05-08-42.mp4,8,0.3357710838317871,0.29865603148937225,0.0,-1
2026-07-14_19-39-43.mp4,8,0.37798112630844116,0.33823760971426964,0.25,-1
2026-07-08_01-41-58.mp4,8,0.33182403445243835,0.29773684963583946,0.0,-1
2026-07-05_04-39-07.mp4,8,0.3762025535106659,0.343305978924036,0.375,-1
2026-07-10_08-25-17.mp4,8,0.3812755346298218,0.3306843861937523,0.25,-1
2026-07-10_13-43-02.mp4,8,0.35035309195518494,0.30252865701913834,0.125,-1
2026-07-03_12-57-19.mp4,8,0.3608737885951996,0.32308197394013405,0.125,-1
2026-07-10_17-41-21.mp4,8,0.33517739176750183,0.31938691064715385,0.0,-1
2026-07-01_23-44-26.mp4,8,0.3222270905971527,0.31057605147361755,0.0,-1
2026-07-09_20-02-45.mp4,8,0.3410317003726959,0.30822623893618584,0.0,-1
2026-07-04_21-37-53.mp4,8,0.34571605920791626,0.332370076328516,0.0,-1
2026-07-21_12-26-37.mp4,8,0.3684869408607483,0.3365825042128563,0.25,-1
2026-07-05_08-50-28.mp4,8,0.3791041076183319,0.3378068245947361,0.25,-1
2026-07-20_22-59-51.mp4,8,0.29715240001678467,0.28307564184069633,0.0,-1
2026-07-23_16-30-17.mp4,8,0.5261480212211609,0.41688505187630653,0.75,0
2026-07-08_14-17-00.mp4,8,0.3787928521633148,0.36137622594833374,0.875,0
2026-07-11_22-47-47.mp4,8,0.39697569608688354,0.3848255090415478,1.0,0
2026-07-05_12-53-32.mp4,8,0.3508172035217285,0.33436567336320877,0.125,-1
2026-07-04_03-14-07.mp4,8,0.3515401780605316,0.3303596004843712,0.125,-1
2026-07-22_21-21-30.mp4,8,0.33391666412353516,0.3079482354223728,0.0,-1
2026-07-11_02-08-52.mp4,8,0.40886563062667847,0.33745529502630234,0.25,-1
2026-07-24_11-44-30.mp4,8,0.29769477248191833,0.2625711541622877,0.0,-1
2026-07-04_01-28-59.mp4,8,0.3412986695766449,0.3165659010410309,0.0,-1
2026-07-23_16-33-41.mp4,8,0.5260094404220581,0.4255608431994915,1.0,0
2026-07-02_03-28-28.mp4,8,0.4037819802761078,0.3217173758894205,0.25,-1
2026-07-10_07-19-36.mp4,8,0.4667322039604187,0.3472425937652588,0.25,-1
2026-07-03_13-42-00.mp4,8,0.44180023670196533,0.3828975781798363,0.75,0
2026-07-08_20-28-32.mp4,8,0.3568638563156128,0.3358464352786541,0.25,-1
2026-07-05_13-24-32.mp4,8,0.3563940227031708,0.3324543125927448,0.25,-1
2026-07-02_22-02-44.mp4,8,0.4697970747947693,0.42388521134853363,1.0,0
2026-07-03_19-51-30.mp4,8,0.3309251368045807,0.3086963817477226,0.0,-1
2026-07-02_00-33-19.mp4,8,0.2752401530742645,0.26326393336057663,0.0,-1
2026-07-14_04-52-43.mp4,8,0.34040597081184387,0.3238356001675129,0.0,-1
2026-07-07_07-21-55.mp4,8,0.3606841266155243,0.3271302729845047,0.125,-1
2026-07-05_02-32-35.mp4,8,0.3120327591896057,0.2713596411049366,0.0,-1
2026-07-12_15-51-19.mp4,8,0.33320850133895874,0.30834898352622986,0.0,-1
2026-07-05_02-22-41.mp4,8,0.3199548125267029,0.30242763832211494,0.0,-1
2026-07-09_16-19-35.mp4,8,0.3682197332382202,0.3200787901878357,0.125,-1
2026-07-08_00-06-41.mp4,8,0.39547258615493774,0.3740660771727562,1.0,0
2026-07-17_12-08-29.mp4,8,0.37070828676223755,0.3481491804122925,0.5,0
2026-07-02_07-06-57.mp4,8,0.38346779346466064,0.3353622145950794,0.375,-1
2026-07-14_19-34-19.mp4,8,0.38638582825660706,0.37202202901244164,1.0,0
2026-07-01_18-55-25.mp4,8,0.3544076383113861,0.31171049922704697,0.125,-1
2026-07-03_22-51-04.mp4,8,0.40565451979637146,0.340556837618351,0.375,-1
2026-07-04_08-57-10.mp4,8,0.43431371450424194,0.40106654167175293,1.0,0
2026-07-19_18-28-09.mp4,8,0.36780592799186707,0.3514719121158123,0.625,0
2026-07-25_11-11-51.mp4,8,0.38584956526756287,0.3588176257908344,0.625,0
2026-07-05_11-45-33.mp4,8,0.41110631823539734,0.35662805661559105,0.5,0
2026-07-05_12-00-14.mp4,8,0.36543452739715576,0.34490738809108734,0.5,0
2026-07-12_14-49-12.mp4,8,0.35916465520858765,0.3100191503763199,0.25,-1
2026-07-18_21-03-34.mp4,8,0.36007246375083923,0.34315191954374313,0.375,-1
2026-07-17_07-51-32.mp4,8,0.33856481313705444,0.31324153393507004,0.0,-1
2026-07-15_08-54-13.mp4,8,0.4217085540294647,0.37046927586197853,0.625,0
2026-07-10_10-11-58.mp4,8,0.4429611265659332,0.3756684698164463,0.875,0
2026-07-18_11-21-10.mp4,8,0.395173043012619,0.3059910424053669,0.25,-1
2026-07-02_04-18-21.mp4,8,0.42165690660476685,0.36328935623168945,0.75,0
2026-07-07_12-03-04.mp4,8,0.35244220495224,0.32792433723807335,0.25,-1
2026-07-12_05-31-52.mp4,8,0.31833788752555847,0.2932826541364193,0.0,-1
2026-07-10_16-41-17.mp4,8,0.3631651997566223,0.3454674072563648,0.5,0
2026-07-08_22-03-34.mp4,8,0.30559414625167847,0.2955036014318466,0.0,-1
2026-07-02_22-51-50.mp4,8,0.4714457094669342,0.38433776795864105,0.625,0
2026-07-14_14-55-25.mp4,8,0.356541246175766,0.33344850316643715,0.125,-1
2026-07-09_14-06-48.mp4,8,0.3889707028865814,0.38146796077489853,1.0,0
2026-07-05_11-44-27.mp4,8,0.35069361329078674,0.31752845272421837,0.125,-1
2026-07-07_09-29-42.mp4,8,0.3587428629398346,0.34293758124113083,0.375,-1
2026-07-04_05-06-13.mp4,8,0.3879353404045105,0.36054056510329247,0.875,0
2026-07-25_13-45-14.mp4,8,0.4150306284427643,0.3513655848801136,0.5,0
2026-07-20_11-29-50.mp4,8,0.36928224563598633,0.3547564968466759,0.625,0
2026-07-23_07-55-46.mp4,8,0.30466923117637634,0.2893286682665348,0.0,-1
2026-07-05_03-45-40.mp4,8,0.3583502471446991,0.32284893095493317,0.25,-1
2026-07-11_10-50-10.mp4,8,0.39282965660095215,0.3460165597498417,0.375,-1
2026-07-06_11-38-17.mp4,8,0.36923426389694214,0.34191102534532547,0.375,-1
2026-07-10_11-16-33.mp4,8,0.34337809681892395,0.32157767564058304,0.0,-1
2026-07-21_15-33-11.mp4,8,0.3236132264137268,0.30602042376995087,0.0,-1
2026-07-01_07-34-41.mp4,8,0.3992660939693451,0.35558832809329033,0.625,0
2026-07-09_20-06-33.mp4,8,0.3923012614250183,0.3589014671742916,0.625,0
2026-07-05_08-54-34.mp4,8,0.4546441435813904,0.4092797823250294,1.0,0
2026-07-13_07-11-03.mp4,8,0.40492337942123413,0.3858055919408798,1.0,0
2026-06-30_22-36-31.mp4,8,0.3804698586463928,0.3683210574090481,0.875,0
2026-07-02_02-26-28.mp4,8,0.2750605642795563,0.2596898302435875,0.0,-1
2026-07-16_06-47-41.mp4,8,0.312141090631485,0.27767760306596756,0.0,-1
2026-07-09_14-43-24.mp4,8,0.37107089161872864,0.36129559576511383,1.0,0
2026-07-08_07-39-46.mp4,8,0.35589611530303955,0.33387283235788345,0.125,-1
2026-07-01_21-39-52.mp4,8,0.28695741295814514,0.2593762706965208,0.0,-1
2026-07-03_00-43-25.mp4,8,0.3551073372364044,0.28569794818758965,0.125,-1
2026-07-07_13-09-16.mp4,8,0.3643009662628174,0.33530673384666443,0.25,-1
2026-07-06_21-21-10.mp4,8,0.3504144847393036,0.3190721683204174,0.125,-1
2026-07-19_09-47-20.mp4,8,0.3241928219795227,0.30376963689923286,0.0,-1
2026-07-06_17-55-18.mp4,8,0.38244783878326416,0.36684898659586906,0.75,0
2026-07-04_00-54-53.mp4,8,0.4587644934654236,0.3525105006992817,0.375,-1
2026-07-06_00-12-00.mp4,8,0.4265245795249939,0.33588726818561554,0.375,-1
2026-07-10_22-16-06.mp4,8,0.3730645179748535,0.35828566551208496,0.875,0
2026-07-17_18-55-40.mp4,8,0.36044785380363464,0.329698096960783,0.125,-1
2026-07-10_14-08-38.mp4,8,0.40554046630859375,0.35083017870783806,0.375,-1
2026-07-14_13-50-14.mp4,8,0.29844456911087036,0.2873411923646927,0.0,-1
2026-07-13_14-19-17.mp4,8,0.45953574776649475,0.37895679101347923,0.625,0
2026-07-11_17-01-06.mp4,8,0.40554723143577576,0.3677299916744232,0.75,0
2026-07-15_07-45-14.mp4,8,0.3243115544319153,0.2947225384414196,0.0,-1
2026-07-17_02-48-17.mp4,8,0.3348793685436249,0.31618062406778336,0.0,-1
2026-07-11_01-54-22.mp4,8,0.40611377358436584,0.3768222704529762,0.875,0
2026-07-07_11-13-41.mp4,8,0.3352340757846832,0.3214206248521805,0.0,-1
2026-07-09_20-30-03.mp4,8,0.3669693171977997,0.35337719321250916,0.75,0
2026-07-04_06-44-10.mp4,8,0.39868178963661194,0.3276061974465847,0.25,-1
2026-07-06_00-40-30.mp4,8,0.38341858983039856,0.34342876449227333,0.625,0
2026-07-26_04-39-41.mp4,8,0.35943418741226196,0.3172491006553173,0.25,-1
2026-07-07_04-51-03.mp4,8,0.3017857074737549,0.2780834436416626,0.0,-1
2026-07-18_15-16-56.mp4,8,0.3511117100715637,0.31248321756720543,0.125,-1
2026-07-05_13-05-20.mp4,8,0.35529497265815735,0.32154426351189613,0.125,-1
2026-07-08_01-03-52.mp4,8,0.425870418548584,0.35539640113711357,0.375,-1
2026-07-12_18-22-53.mp4,8,0.34484317898750305,0.2973838150501251,0.0,-1
2026-07-04_08-29-11.mp4,8,0.37080127000808716,0.3431941531598568,0.25,-1
2026-06-30_14-24-25.mp4,8,0.3583945631980896,0.31322477012872696,0.125,-1
2026-06-30_18-22-13.mp4,8,0.41233932971954346,0.3794953115284443,0.875,0
2026-07-25_01-14-46.mp4,8,0.3697424829006195,0.34462520107626915,0.5,0
2026-07-04_02-40-16.mp4,8,0.3799062669277191,0.3734583407640457,1.0,0
2026-07-01_09-36-54.mp4,8,0.3485007584095001,0.34089522063732147,0.0,-1
2026-07-17_07-23-14.mp4,8,0.3358626663684845,0.31102966517210007,0.0,-1
2026-07-13_10-50-01.mp4,8,0.35034647583961487,0.30807405337691307,0.125,-1
2026-07-22_03-10-40.mp4,8,0.3198581337928772,0.3011666275560856,0.0,-1
2026-07-06_00-19-30.mp4,8,0.3928045332431793,0.3585849478840828,0.5,0
2026-07-25_19-45-28.mp4,8,0.39182162284851074,0.339721467345953,0.25,-1
2026-07-07_04-57-45.mp4,8,0.4011208415031433,0.3402451202273369,0.375,-1
2026-07-02_02-31-16.mp4,8,0.3056989908218384,0.27885396033525467,0.0,-1
2026-07-21_10-13-44.mp4,8,0.40002763271331787,0.3845245763659477,1.0,0
2026-07-06_15-22-42.mp4,8,0.3533085584640503,0.33567267283797264,0.25,-1
2026-07-05_13-04-02.mp4,8,0.29533514380455017,0.2763981372117996,0.0,-1
2026-07-11_17-57-30.mp4,8,0.3893621563911438,0.36435068398714066,0.75,0
2026-07-06_13-28-15.mp4,8,0.38707244396209717,0.33610742166638374,0.25,-1
2026-07-22_08-55-23.mp4,8,0.3688497543334961,0.30277538672089577,0.125,-1
2026-07-14_11-50-03.mp4,8,0.4142843186855316,0.3653113953769207,0.875,0
2026-07-05_04-36-37.mp4,8,0.3959246277809143,0.350322887301445,0.625,0
2026-07-18_15-12-44.mp4,8,0.33111974596977234,0.319279994815588,0.0,-1
2026-07-05_11-30-27.mp4,8,0.37390583753585815,0.3416677415370941,0.5,0
2026-07-09_19-59-21.mp4,8,0.3479921817779541,0.3227093107998371,0.0,-1
2026-07-08_23-17-10.mp4,8,0.40082260966300964,0.3723898194730282,0.75,0
2026-07-11_02-05-10.mp4,8,0.39420416951179504,0.3674739636480808,0.625,0
2026-07-18_17-58-18.mp4,8,0.4644657373428345,0.3849511668086052,0.625,0
2026-07-26_02-22-06.mp4,8,0.34019598364830017,0.3033403530716896,0.0,-1
2026-07-25_23-50-02.mp4,8,0.3027566373348236,0.2734469696879387,0.0,-1
2026-07-15_18-36-07.mp4,8,0.37676548957824707,0.3114083372056484,0.125,-1
2026-07-05_19-02-30.mp4,8,0.3551871180534363,0.32098042219877243,0.25,-1
2026-07-02_14-21-52.mp4,8,0.34023958444595337,0.30096082016825676,0.0,-1
2026-07-10_13-30-56.mp4,8,0.349181592464447,0.3182075284421444,0.0,-1
2026-07-19_10-43-50.mp4,8,0.3827933371067047,0.3318677023053169,0.25,-1
2026-07-22_08-55-11.mp4,8,0.40746185183525085,0.33178842812776566,0.375,-1
2026-07-11_14-51-59.mp4,8,0.34068387746810913,0.3021204546093941,0.0,-1
2026-07-14_13-36-50.mp4,8,0.4127678871154785,0.37110141664743423,0.875,0
2026-07-09_05-41-42.mp4,8,0.3481301963329315,0.3235594220459461,0.0,-1
2026-07-13_19-47-54.mp4,8,0.3284575343132019,0.2836913987994194,0.0,-1
2026-07-04_08-07-23.mp4,8,0.3962162435054779,0.3586385063827038,0.625,0
2026-07-12_06-40-09.mp4,8,0.337318480014801,0.3142869211733341,0.0,-1
2026-07-20_22-00-40.mp4,8,0.43594974279403687,0.37650441005825996,0.625,0
2026-07-09_14-09-54.mp4,8,0.4195154905319214,0.4144366420805454,1.0,0
2026-07-11_17-16-00.mp4,8,0.35708171129226685,0.35156672447919846,0.75,0
2026-07-22_11-06-16.mp4,8,0.5338425040245056,0.3209385871887207,0.25,-1
2026-07-11_18-03-59.mp4,8,0.3243348300457001,0.3126376383006573,0.0,-1
2026-07-07_02-08-58.mp4,8,0.37366682291030884,0.3399300090968609,0.625,0
2026-07-05_08-50-04.mp4,8,0.358276903629303,0.3360324651002884,0.5,0
2026-07-12_13-49-37.mp4,8,0.3985602557659149,0.35833441838622093,0.75,0
2026-07-05_16-17-58.mp4,8,0.37065914273262024,0.30935412272810936,0.25,-1
2026-07-18_14-15-57.mp4,8,0.41981738805770874,0.38902847468852997,1.0,0
2026-07-07_08-40-54.mp4,8,0.29476550221443176,0.28759030997753143,0.0,-1
2026-07-14_07-22-30.mp4,8,0.4336435794830322,0.38095489889383316,0.75,0
2026-07-02_03-37-04.mp4,8,0.3246244192123413,0.30199621990323067,0.0,-1
2026-07-18_07-25-37.mp4,8,0.4177529513835907,0.3954515941441059,1.0,0
2026-07-09_16-03-11.mp4,8,0.3541731536388397,0.30979178845882416,0.125,-1
2026-07-07_00-25-47.mp4,8,0.34696173667907715,0.32044944539666176,0.0,-1
2026-07-08_15-52-23.mp4,8,0.36968833208084106,0.3606245182454586,0.875,0
2026-07-07_18-54-31.mp4,8,0.365898996591568,0.33218664303421974,0.25,-1
2026-07-08_22-28-52.mp4,8,0.3469223082065582,0.3222443163394928,0.0,-1
2026-07-10_06-38-12.mp4,8,0.31582406163215637,0.29004722461104393,0.0,-1
2026-07-06_00-06-48.mp4,8,0.3341570794582367,0.31002387404441833,0.0,-1
2026-06-30_21-42-49.mp4,8,0.4112430512905121,0.3595849387347698,0.5,0
2026-07-09_17-06-41.mp4,8,0.4137507677078247,0.3753895275294781,0.75,0
2026-07-10_14-14-32.mp4,8,0.4137862026691437,0.3935331366956234,1.0,0
2026-07-17_22-41-12.mp4,8,0.2746182680130005,0.25602127239108086,0.0,-1
2026-07-07_09-21-30.mp4,8,0.37995338439941406,0.31821515783667564,0.125,-1
2026-07-23_23-23-20.mp4,8,0.3935742676258087,0.3276284225285053,0.25,-1
2026-07-01_23-34-02.mp4,8,0.3584953546524048,0.3418652229011059,0.125,-1
2026-07-02_10-03-43.mp4,8,0.28488239645957947,0.2594638392329216,0.0,-1
2026-07-23_16-34-53.mp4,8,0.39117321372032166,0.3647868111729622,0.875,0
2026-07-05_09-24-45.mp4,8,0.4372260272502899,0.37291134521365166,0.625,0
2026-07-08_14-14-06.mp4,8,0.3680259883403778,0.3299742788076401,0.25,-1
2026-07-15_19-51-18.mp4,8,0.4112722873687744,0.3736966960132122,0.75,0
2026-07-07_20-22-24.mp4,8,0.36773404479026794,0.3231046013534069,0.125,-1
2026-07-02_04-20-51.mp4,8,0.385688841342926,0.33514466881752014,0.375,-1
2026-07-06_21-32-40.mp4,8,0.37447860836982727,0.3606227971613407,0.875,0
2026-07-01_21-39-40.mp4,8,0.2945195436477661,0.2688604313880205,0.0,-1
2026-07-08_14-04-43.mp4,8,0.3375076949596405,0.31878453865647316,0.0,-1
2026-07-25_10-54-16.mp4,8,0.4315231442451477,0.37431758642196655,0.875,0
2026-07-22_00-40-41.mp4,8,0.34062448143959045,0.302296482026577,0.0,-1
2026-07-08_21-47-05.mp4,8,0.3898777663707733,0.35584118962287903,0.5,0
2026-07-06_10-36-35.mp4,8,0.33353176712989807,0.3027668297290802,0.0,-1
2026-07-11_01-38-52.mp4,8,0.37274760007858276,0.3272410072386265,0.25,-1
2026-07-16_03-54-01.mp4,8,0.39197930693626404,0.3352619409561157,0.125,-1
2026-07-24_07-27-45.mp4,8,0.36230364441871643,0.31982293725013733,0.125,-1
2026-07-21_12-03-43.mp4,8,0.3561268746852875,0.3183932863175869,0.125,-1
2026-07-25_17-53-47.mp4,8,0.3737335503101349,0.3353434130549431,0.25,-1
2026-07-15_23-38-39.mp4,8,0.3774828314781189,0.34624509885907173,0.375,-1
2026-07-17_02-45-53.mp4,8,0.34576189517974854,0.32164253666996956,0.0,-1
2026-07-01_08-20-13.mp4,8,0.345733106136322,0.31615864485502243,0.0,-1
2026-07-14_14-23-08.mp4,8,0.35734567046165466,0.3163185194134712,0.125,-1
2026-07-01_18-03-11.mp4,8,0.22296969592571259,0.21876618638634682,0.0,1
2026-07-22_15-16-25.mp4,8,0.3279721140861511,0.29564349725842476,0.0,-1
2026-07-21_15-30-17.mp4,8,0.37012702226638794,0.34886428713798523,0.5,0
2026-07-15_10-09-37.mp4,8,0.31994006037712097,0.3049597591161728,0.0,-1
2026-07-13_09-23-56.mp4,8,0.46263158321380615,0.345796849578619,0.5,0
2026-07-26_02-38-12.mp4,8,0.38329654932022095,0.3209735378623009,0.25,-1
2026-07-06_18-28-18.mp4,8,0.39977946877479553,0.33763716369867325,0.375,-1
2026-07-20_22-58-39.mp4,8,0.48219242691993713,0.3552035503089428,0.5,0
2026-07-08_20-45-44.mp4,8,0.4349905252456665,0.37135205790400505,0.625,0
2026-07-07_06-17-32.mp4,8,0.3143225312232971,0.3007297180593014,0.0,-1
2026-07-20_19-56-17.mp4,8,0.31684792041778564,0.2966376468539238,0.0,-1
2026-07-07_17-24-13.mp4,8,0.37534257769584656,0.32774768024683,0.125,-1
2026-07-01_21-46-28.mp4,8,0.2938995659351349,0.27088017761707306,0.0,-1
2026-07-04_10-20-39.mp4,8,0.3681485652923584,0.29653943330049515,0.125,-1
2026-07-03_06-02-05.mp4,8,0.29006150364875793,0.2761899046599865,0.0,-1
2026-07-21_08-35-09.mp4,8,0.35961928963661194,0.30592484772205353,0.125,-1
2026-07-07_11-21-29.mp4,8,0.34612607955932617,0.332829587161541,0.0,-1
2026-07-10_17-56-38.mp4,8,0.38516759872436523,0.3642219230532646,0.625,0
2026-07-01_06-22-02.mp4,8,0.39748361706733704,0.3335656635463238,0.25,-1
2026-07-07_22-36-30.mp4,8,0.4134215712547302,0.3934895806014538,1.0,0
2026-07-14_18-58-55.mp4,8,0.5817681550979614,0.4367772750556469,0.875,0
2026-07-05_10-26-43.mp4,8,0.39838168025016785,0.36020780354738235,0.75,0
2026-07-06_20-46-10.mp4,8,0.40367135405540466,0.38064850866794586,0.75,0
2026-07-03_20-40-42.mp4,8,0.3621949851512909,0.3289536200463772,0.125,-1
2026-07-09_09-56-15.mp4,8,0.39082467555999756,0.3575636111199856,0.5,0
2026-07-07_11-22-23.mp4,8,0.3528596758842468,0.3214001804590225,0.125,-1
2026-07-21_06-13-05.mp4,8,0.4219134449958801,0.3729301281273365,0.625,0
2026-07-02_06-23-27.mp4,8,0.4902053773403168,0.4488941356539726,1.0,0
2026-07-18_13-11-33.mp4,8,0.30692246556282043,0.26510199159383774,0.0,-1
2026-07-20_15-33-11.mp4,8,0.31090247631073,0.3028686121106148,0.0,-1
2026-07-03_20-17-06.mp4,8,0.4227798283100128,0.3479221761226654,0.375,-1
2026-07-25_02-51-45.mp4,8,0.36521631479263306,0.3558416962623596,0.875,0
2026-07-10_00-33-58.mp4,8,0.3473752737045288,0.3410310037434101,0.0,-1
2026-07-14_22-37-56.mp4,8,0.33208513259887695,0.3212534934282303,0.0,-1
2026-07-11_22-47-35.mp4,8,0.4040292203426361,0.3944660425186157,1.0,0
2026-07-25_03-50-44.mp4,8,0.4334181845188141,0.2898754607886076,0.125,-1
2026-07-18_22-02-58.mp4,8,0.39692994952201843,0.3344784565269947,0.125,-1
2026-07-03_12-08-55.mp4,8,0.4752471446990967,0.383892472833395,0.875,0
2026-07-09_11-22-26.mp4,8,0.4574010968208313,0.3871730640530586,0.625,0
2026-07-08_20-45-56.mp4,8,0.6970589756965637,0.49345510080456734,0.875,0
2026-07-25_14-19-55.mp4,8,0.49384400248527527,0.3765431270003319,0.5,0
2026-07-02_12-47-41.mp4,8,0.3324718773365021,0.3148293159902096,0.0,-1
2026-07-22_13-37-14.mp4,8,0.2991463541984558,0.2894654981791973,0.0,-1
2026-07-02_17-24-03.mp4,8,0.32375070452690125,0.30397770926356316,0.0,-1
2026-07-05_13-30-13.mp4,8,0.3933991491794586,0.34833458065986633,0.375,-1
2026-07-25_23-28-20.mp4,8,0.2833031415939331,0.2600384056568146,0.0,-1
2026-07-20_19-49-41.mp4,8,0.39887601137161255,0.3763570673763752,0.875,0
2026-07-04_07-10-35.mp4,8,0.35930439829826355,0.3323817364871502,0.125,-1
2026-07-18_15-37-26.mp4,8,0.4241987466812134,0.36743585392832756,0.5,0
2026-07-05_03-38-10.mp4,8,0.32166728377342224,0.28679661825299263,0.0,-1
2026-07-11_05-08-14.mp4,8,0.39115750789642334,0.35754093900322914,0.75,0
2026-07-12_17-42-44.mp4,8,0.3257984519004822,0.31529904529452324,0.0,-1
2026-07-06_12-48-04.mp4,8,0.3190932869911194,0.2983985021710396,0.0,-1
2026-07-02_10-13-13.mp4,8,0.3624877333641052,0.3430701605975628,0.375,-1
2026-07-04_06-33-19.mp4,8,0.36583787202835083,0.31465376913547516,0.125,-1
2026-07-01_08-19-22.mp4,8,0.3840220272541046,0.30910007655620575,0.125,-1
2026-07-03_16-17-47.mp4,8,0.3969988524913788,0.3568085916340351,0.375,-1
2026-07-04_08-06-05.mp4,8,0.3262209892272949,0.31214895099401474,0.0,-1
2026-07-08_12-00-50.mp4,8,0.4512646496295929,0.3766738548874855,0.625,0
2026-07-04_02-22-22.mp4,8,0.43058910965919495,0.41777952015399933,1.0,0
2026-07-08_20-46-32.mp4,8,0.5918494462966919,0.5265218280255795,1.0,0
2026-07-09_11-46-02.mp4,8,0.40993836522102356,0.3770054206252098,0.75,0
2026-07-02_00-53-31.mp4,8,0.3300643861293793,0.313311193138361,0.0,-1
2026-07-21_11-17-55.mp4,8,0.4097233712673187,0.3368168957531452,0.25,-1
2026-07-02_15-36-51.mp4,8,0.32068341970443726,0.3058699853718281,0.0,-1
2026-07-10_14-21-31.mp4,8,0.32013487815856934,0.30148932337760925,0.0,-1
2026-07-09_14-39-36.mp4,8,0.3857570290565491,0.3784503601491451,1.0,0
2026-07-06_23-41-24.mp4,8,0.3815482258796692,0.34724102169275284,0.375,-1
2026-07-19_11-29-03.mp4,8,0.3572615385055542,0.3264307454228401,0.125,-1
2026-07-01_18-41-38.mp4,8,0.3201196789741516,0.2782571539282799,0.0,-1
2026-07-07_02-06-58.mp4,8,0.4371599555015564,0.3454998657107353,0.375,-1
2026-07-03_21-26-05.mp4,8,0.34453433752059937,0.3213421143591404,0.0,-1
2026-07-05_15-50-46.mp4,8,0.442672997713089,0.37499912828207016,0.75,0
2026-07-14_22-46-20.mp4,8,0.36331987380981445,0.3374934680759907,0.5,0
2026-07-03_11-05-56.mp4,8,0.3791113793849945,0.3653002604842186,0.75,0
2026-07-03_06-39-47.mp4,8,0.37453532218933105,0.3421102240681648,0.125,-1
2026-07-04_23-49-45.mp4,8,0.4043433666229248,0.37919895723462105,0.875,0
2026-07-09_06-00-42.mp4,8,0.2987135052680969,0.2680048607289791,0.0,-1
2026-07-09_16-02-35.mp4,8,0.4182514250278473,0.3499354384839535,0.375,-1
2026-07-07_01-16-47.mp4,8,0.3877561390399933,0.3228944092988968,0.25,-1
2026-07-01_12-42-18.mp4,8,0.2900733947753906,0.2696560211479664,0.0,-1
2026-07-06_18-02-30.mp4,8,0.4833502769470215,0.4169088937342167,1.0,0
2026-07-21_13-04-06.mp4,8,0.41218727827072144,0.3556579314172268,0.625,0
2026-07-03_12-54-31.mp4,8,0.3811510503292084,0.3375335931777954,0.375,-1
2026-07-07_19-13-01.mp4,8,0.3600846827030182,0.30581139028072357,0.125,-1
2026-07-06_18-34-41.mp4,8,0.413372278213501,0.3688005246222019,0.875,0
2026-07-22_00-10-05.mp4,8,0.3527078628540039,0.3367316871881485,0.25,-1
2026-07-05_22-00-32.mp4,8,0.3532232940196991,0.31400180608034134,0.125,-1
2026-07-04_06-38-19.mp4,8,0.37567850947380066,0.3553125336766243,0.75,0
2026-07-15_17-49-49.mp4,8,0.3242676258087158,0.2996981702744961,0.0,-1
2026-07-03_00-17-57.mp4,8,0.31896767020225525,0.30084025859832764,0.0,-1
2026-07-10_13-31-08.mp4,8,0.3667118549346924,0.3236590065062046,0.125,-1
2026-07-05_05-32-41.mp4,8,0.462641179561615,0.4062654413282871,1.0,0
2026-07-06_03-20-46.mp4,8,0.2963297963142395,0.283771138638258,0.0,-1
2026-07-03_09-52-33.mp4,8,0.3527941405773163,0.3427893966436386,0.125,-1
2026-07-19_23-44-12.mp4,8,0.40902289748191833,0.3569800518453121,0.5,0
2026-07-06_08-08-19.mp4,8,0.33264264464378357,0.31770236045122147,0.0,-1
2026-07-09_17-33-59.mp4,8,0.33875682950019836,0.30676861479878426,0.0,-1
2026-07-19_01-49-19.mp4,8,0.372220903635025,0.32981881499290466,0.25,-1
2026-07-06_00-38-06.mp4,8,0.31324461102485657,0.30118265002965927,0.0,-1
2026-07-09_06-58-17.mp4,8,0.32397961616516113,0.29104943573474884,0.0,-1
2026-07-05_03-38-35.mp4,8,0.39087000489234924,0.36069799214601517,0.75,0
2026-07-23_00-50-32.mp4,8,0.3569759428501129,0.33427171036601067,0.25,-1
2026-07-02_10-35-18.mp4,8,0.37116697430610657,0.3252297155559063,0.25,-1
2026-07-26_09-36-50.mp4,8,0.3348052203655243,0.29529299959540367,0.0,-1
2026-07-05_07-56-22.mp4,8,0.3841415345668793,0.35046424716711044,0.5,0
2026-07-24_02-31-24.mp4,8,0.33038103580474854,0.32431623339653015,0.0,-1
2026-07-22_02-35-10.mp4,8,0.3125649690628052,0.282908171415329,0.0,-1
2026-07-15_04-26-46.mp4,8,0.44227394461631775,0.3853950910270214,0.875,0
2026-07-08_18-53-51.mp4,8,0.3373371958732605,0.3223503418266773,0.0,-1
2026-07-09_05-52-06.mp4,8,0.45939409732818604,0.36820578947663307,0.625,0
2026-07-05_12-13-44.mp4,8,0.36475393176078796,0.32069002091884613,0.25,-1
2026-07-04_01-44-23.mp4,8,0.32984066009521484,0.3004942126572132,0.0,-1
2026-07-18_07-18-19.mp4,8,0.29911667108535767,0.27923895977437496,0.0,-1
2026-07-14_14-58-01.mp4,8,0.4925285279750824,0.43681732937693596,1.0,0
2026-07-26_04-10-11.mp4,8,0.33826449513435364,0.3221043795347214,0.0,-1
2026-07-09_18-51-05.mp4,8,0.40535664558410645,0.38414331898093224,1.0,0
2026-07-07_10-49-23.mp4,8,0.4067264497280121,0.35579536855220795,0.5,0
2026-07-24_21-13-12.mp4,8,0.40247824788093567,0.34861841052770615,0.5,0
2026-07-21_14-07-30.mp4,8,0.3321381211280823,0.32542331516742706,0.0,-1
2026-07-25_02-48-09.mp4,8,0.3606278896331787,0.30936651304364204,0.125,-1
2026-06-30_16-10-44.mp4,8,0.39312317967414856,0.33928249403834343,0.125,-1
2026-07-09_17-03-23.mp4,8,0.4457748532295227,0.3394951783120632,0.25,-1
2026-07-12_14-51-36.mp4,8,0.31197744607925415,0.3035534843802452,0.0,-1
2026-07-12_08-11-32.mp4,8,0.3304119408130646,0.30003100261092186,0.0,-1
2026-07-15_17-42-13.mp4,8,0.33035996556282043,0.31238463148474693,0.0,-1
2026-07-11_18-51-27.mp4,8,0.34281614422798157,0.33534185215830803,0.0,-1
2026-07-04_10-40-16.mp4,8,0.41134440898895264,0.3426911197602749,0.375,-1
2026-07-01_06-16-14.mp4,8,0.3440932333469391,0.3305138275027275,0.0,-1
2026-07-06_14-35-42.mp4,8,0.3765157163143158,0.3385082855820656,0.5,0
2026-07-16_22-31-38.mp4,8,0.32155850529670715,0.29820822924375534,0.0,-1
2026-07-03_07-32-40.mp4,8,0.3114013373851776,0.29208963736891747,0.0,-1
2026-07-13_09-31-02.mp4,8,0.4016415476799011,0.34498756006360054,0.625,0
2026-07-03_12-15-31.mp4,8,0.3576482832431793,0.3471047542989254,0.375,-1
2026-07-17_03-23-23.mp4,8,0.3892344832420349,0.34713415801525116,0.5,0
2026-07-03_13-22-00.mp4,8,0.35938143730163574,0.31328409910202026,0.125,-1
2026-07-10_15-18-43.mp4,8,0.2943373918533325,0.27714143320918083,0.0,-1
2026-07-10_02-11-09.mp4,8,0.37317758798599243,0.3689868450164795,1.0,0
2026-07-14_14-22-20.mp4,8,0.3344087600708008,0.3116179518401623,0.0,-1
2026-07-08_01-04-34.mp4,8,0.4990541934967041,0.35675109177827835,0.125,-1
2026-07-21_12-03-07.mp4,8,0.3651001453399658,0.3196802921593189,0.25,-1
2026-07-19_03-56-54.mp4,8,0.3737972378730774,0.3401320353150368,0.25,-1
2026-07-05_14-34-19.mp4,8,0.42790335416793823,0.39941295236349106,1.0,0
2026-07-16_09-07-34.mp4,8,0.3291378617286682,0.2992739975452423,0.0,-1
2026-07-05_04-34-49.mp4,8,0.3849782347679138,0.34423401579260826,0.5,0
2026-07-18_23-58-45.mp4,8,0.31855419278144836,0.2942945249378681,0.0,-1
2026-07-11_04-10-27.mp4,8,0.3275074064731598,0.3016824685037136,0.0,-1
2026-07-06_20-15-34.mp4,8,0.3828184902667999,0.339378759264946,0.125,-1
2026-06-30_18-52-59.mp4,8,0.46848106384277344,0.4388168789446354,1.0,0
2026-07-15_14-54-40.mp4,8,0.3716598153114319,0.31837135553359985,0.25,-1
2026-07-10_15-05-07.mp4,8,0.3807864785194397,0.359497781842947,0.875,0
2026-07-22_23-18-27.mp4,8,0.2969776391983032,0.28424548357725143,0.0,-1
2026-07-12_14-35-06.mp4,8,0.44607362151145935,0.3516933247447014,0.5,0
2026-07-01_18-49-19.mp4,8,0.3431864380836487,0.31359829753637314,0.0,-1
2026-07-26_03-27-59.mp4,8,0.34335991740226746,0.32391469180583954,0.0,-1
2026-07-25_23-40-26.mp4,8,0.3039603531360626,0.2705882899463177,0.0,-1
2026-07-03_03-37-18.mp4,8,0.33638641238212585,0.3008287288248539,0.0,-1
2026-07-09_00-17-33.mp4,8,0.354860782623291,0.31573380902409554,0.125,-1
2026-07-13_18-34-49.mp4,8,0.28778114914894104,0.2671240158379078,0.0,-1
2026-07-03_15-12-23.mp4,8,0.4245547354221344,0.3278084434568882,0.25,-1
2026-07-10_15-13-43.mp4,8,0.32058295607566833,0.30678681656718254,0.0,-1
2026-07-03_22-44-40.mp4,8,0.39105355739593506,0.33511781692504883,0.25,-1
2026-07-10_16-20-06.mp4,8,0.28380703926086426,0.27416789904236794,0.0,-1
2026-07-11_10-54-22.mp4,8,0.363908588886261,0.35514552891254425,0.875,0
2026-07-15_09-44-07.mp4,8,0.40871670842170715,0.36457571759819984,0.625,0
2026-07-03_22-52-58.mp4,8,0.3640498220920563,0.3091233093291521,0.25,-1
2026-07-06_18-03-42.mp4,8,0.40443605184555054,0.34582219272851944,0.5,0
2026-07-18_11-26-46.mp4,8,0.40227797627449036,0.3353774920105934,0.375,-1
2026-07-13_17-22-14.mp4,8,0.35905468463897705,0.31931743025779724,0.125,-1
2026-07-04_08-38-35.mp4,8,0.3656940758228302,0.30387984588742256,0.125,-1
2026-07-08_20-17-20.mp4,8,0.37191352248191833,0.36446474865078926,1.0,0
2026-07-19_14-45-49.mp4,8,0.32964780926704407,0.32301225140690804,0.0,-1
2026-07-15_09-11-55.mp4,8,0.4210782051086426,0.3490778058767319,0.375,-1
2026-07-06_00-40-06.mp4,8,0.3582904040813446,0.3128954656422138,0.125,-1
2026-07-06_08-19-01.mp4,8,0.3233290910720825,0.30178626254200935,0.0,-1
2026-07-09_18-50-29.mp4,8,0.3538950979709625,0.3359370827674866,0.25,-1
2026-07-09_03-05-13.mp4,8,0.3863847553730011,0.36355460435152054,0.875,0
2026-07-23_20-50-03.mp4,8,0.40694767236709595,0.3753601089119911,0.875,0
2026-07-26_01-40-06.mp4,8,0.36900636553764343,0.3464955873787403,0.375,-1
2026-07-03_13-07-43.mp4,8,0.34616219997406006,0.32626592740416527,0.0,-1
2026-07-08_18-48-45.mp4,8,0.3588860332965851,0.34869107604026794,0.375,-1
2026-07-04_04-38-44.mp4,8,0.478475958108902,0.4098793901503086,1.0,0
2026-07-05_04-31-49.mp4,8,0.4189920127391815,0.38399727270007133,0.875,0
2026-07-05_16-29-33.mp4,8,0.35169005393981934,0.3249870613217354,0.125,-1
2026-07-15_04-22-58.mp4,8,0.2580609619617462,0.2531186006963253,0.0,-1
2026-07-15_15-51-50.mp4,8,0.38313859701156616,0.31039242446422577,0.125,-1
2026-07-14_18-08-43.mp4,8,0.43531444668769836,0.34228213131427765,0.125,-1
2026-07-24_19-20-43.mp4,8,0.33899539709091187,0.31421663239598274,0.0,-1
2026-07-23_20-10-58.mp4,8,0.3467705547809601,0.27745571732521057,0.0,-1
2026-07-03_13-08-31.mp4,8,0.3797493278980255,0.3551889769732952,0.625,0
2026-07-04_10-39-52.mp4,8,0.3653550148010254,0.3249428980052471,0.25,-1
2026-07-17_13-16-22.mp4,8,0.34304672479629517,0.3302539959549904,0.0,-1
2026-07-17_04-58-40.mp4,8,0.3583349287509918,0.3277047425508499,0.125,-1
2026-07-11_04-49-08.mp4,8,0.343162477016449,0.3205315135419369,0.0,-1
2026-07-23_18-39-57.mp4,8,0.46117737889289856,0.3402869440615177,0.25,-1
2026-07-04_01-46-05.mp4,8,0.3986729383468628,0.3822428546845913,1.0,0
2026-07-18_10-44-29.mp4,8,0.33109065890312195,0.30474579334259033,0.0,-1
2026-07-04_09-32-52.mp4,8,0.5257687568664551,0.3777468502521515,0.375,-1
2026-07-09_23-39-11.mp4,8,0.3832883834838867,0.30766598135232925,0.25,-1
2026-07-18_22-03-34.mp4,8,0.30568549036979675,0.2870056629180908,0.0,-1
2026-07-03_20-40-18.mp4,8,0.35820430517196655,0.3381432294845581,0.25,-1
2026-07-14_16-26-43.mp4,8,0.45749035477638245,0.4326062835752964,1.0,0
2026-07-08_20-36-08.mp4,8,0.4707505404949188,0.41517169773578644,0.875,0
2026-07-17_11-07-00.mp4,8,0.40191686153411865,0.37116897106170654,0.625,0
2026-07-22_07-45-31.mp4,8,0.33223769068717957,0.3119601830840111,0.0,-1
2026-07-06_00-21-24.mp4,8,0.37526601552963257,0.3166568949818611,0.25,-1
2026-07-22_23-21-15.mp4,8,0.37516921758651733,0.321083452552557,0.375,-1
2026-07-03_06-38-59.mp4,8,0.33070507645606995,0.31366709619760513,0.0,-1
2026-07-11_13-41-12.mp4,8,0.3721988797187805,0.32118748128414154,0.25,-1
2026-07-11_08-41-23.mp4,8,0.3489015996456146,0.33596836403012276,0.0,-1
2026-07-23_03-03-13.mp4,8,0.3052244782447815,0.29973409697413445,0.0,-1
2026-07-17_09-15-13.mp4,8,0.3301110863685608,0.32448289170861244,0.0,-1
2026-07-15_10-15-01.mp4,8,0.3955394923686981,0.375778641551733,0.875,0
2026-07-22_04-06-39.mp4,8,0.37190279364585876,0.3377402797341347,0.5,0
2026-07-10_05-12-43.mp4,8,0.3724501430988312,0.3513273410499096,0.75,0
2026-07-10_01-37-04.mp4,8,0.3337288498878479,0.3073640987277031,0.0,-1
2026-07-03_14-24-48.mp4,8,0.43504008650779724,0.39444600045681,0.75,0
2026-07-18_21-02-04.mp4,8,0.36830559372901917,0.34914078190922737,0.5,0
2026-07-07_21-48-43.mp4,8,0.3629001975059509,0.3346523754298687,0.25,-1
2026-07-19_00-04-02.mp4,8,0.36675846576690674,0.31139032542705536,0.25,-1
2026-07-20_22-57-45.mp4,8,0.2718042731285095,0.25838966481387615,0.0,-1
2026-07-13_10-39-37.mp4,8,0.35440969467163086,0.29876142367720604,0.125,-1
2026-07-10_08-25-53.mp4,8,0.28878629207611084,0.27557650208473206,0.0,-1
2026-07-12_21-43-14.mp4,8,0.3989394009113312,0.3663047216832638,0.75,0
2026-07-10_05-36-19.mp4,8,0.34269678592681885,0.3166661001741886,0.0,-1
2026-07-18_11-17-40.mp4,8,0.3029128611087799,0.2989217936992645,0.0,-1
2026-07-17_11-05-12.mp4,8,0.41643962264060974,0.3669445402920246,0.625,0
2026-07-04_12-31-03.mp4,8,0.3422902226448059,0.3075595460832119,0.0,-1
2026-07-11_13-47-18.mp4,8,0.35304179787635803,0.31276796385645866,0.125,-1
2026-07-12_20-03-59.mp4,8,0.36211785674095154,0.29382843524217606,0.125,-1
2026-07-19_06-44-40.mp4,8,0.5110594630241394,0.47183506563305855,1.0,0
2026-07-18_15-08-08.mp4,8,0.38318875432014465,0.3408266007900238,0.25,-1
2026-07-20_21-42-22.mp4,8,0.3423188328742981,0.32177159935235977,0.0,-1
2026-07-21_01-05-44.mp4,8,0.3283731937408447,0.29823489487171173,0.0,-1
2026-07-11_10-15-04.mp4,8,0.37616509199142456,0.36980583518743515,1.0,0
2026-07-08_07-12-47.mp4,8,0.34355103969573975,0.32612667232751846,0.0,-1
2026-07-10_18-12-44.mp4,8,0.3789503276348114,0.36452842131257057,1.0,0
2026-07-09_21-34-56.mp4,8,0.37209513783454895,0.35606905072927475,0.625,0
2026-07-22_10-56-40.mp4,8,0.3728739619255066,0.3001859746873379,0.125,-1
2026-07-08_13-55-43.mp4,8,0.3461388945579529,0.33886003866791725,0.0,-1
2026-07-19_17-40-46.mp4,8,0.35423600673675537,0.32618262246251106,0.25,-1
2026-07-06_18-01-54.mp4,8,0.3717935085296631,0.33088838309049606,0.375,-1
2026-07-01_21-24-47.mp4,8,0.3243231475353241,0.2956920489668846,0.0,-1
2026-07-20_00-45-17.mp4,8,0.34768906235694885,0.3348880037665367,0.0,-1
2026-07-10_16-43-05.mp4,8,0.3779221475124359,0.3482650965452194,0.5,0
2026-07-21_08-30-21.mp4,8,0.3035808801651001,0.28062134981155396,0.0,-1
2026-07-08_12-37-25.mp4,8,0.35217049717903137,0.3494611606001854,0.625,0
2026-07-23_19-06-32.mp4,8,0.407213032245636,0.3444144017994404,0.375,-1
2026-07-23_19-08-44.mp4,8,0.43773502111434937,0.38119689002633095,0.5,0
2026-07-06_07-08-13.mp4,8,0.30305618047714233,0.28849947825074196,0.0,-1
2026-07-22_16-58-39.mp4,8,0.3133472204208374,0.29172395542263985,0.0,-1
2026-07-20_12-32-49.mp4,8,0.39586159586906433,0.3575660400092602,0.625,0
2026-07-26_02-27-30.mp4,8,0.3259775936603546,0.2819669172167778,0.0,-1
2026-07-11_09-00-35.mp4,8,0.4225839674472809,0.3118203915655613,0.125,-1
2026-07-18_22-02-34.mp4,8,0.38548073172569275,0.36813851818442345,0.875,0
2026-07-12_12-22-41.mp4,8,0.3287019431591034,0.28741494938731194,0.0,-1
2026-07-10_11-41-03.mp4,8,0.4750361442565918,0.3660423308610916,0.5,0
2026-07-05_03-52-22.mp4,8,0.3394921123981476,0.30224432423710823,0.0,-1
2026-07-18_13-28-51.mp4,8,0.3539828658103943,0.29730846360325813,0.125,-1
2026-07-07_17-15-49.mp4,8,0.3311142027378082,0.3064504601061344,0.0,-1
2026-07-12_19-09-05.mp4,8,0.3797438144683838,0.3665739558637142,1.0,0
2026-07-03_14-19-24.mp4,8,0.4282100796699524,0.32713913545012474,0.125,-1
2026-07-06_14-37-18.mp4,8,0.34974291920661926,0.33148184791207314,0.0,-1
2026-07-22_02-04-16.mp4,8,0.3662833571434021,0.3122307173907757,0.25,-1
2026-07-08_08-28-16.mp4,8,0.37426459789276123,0.3247843198478222,0.125,-1
2026-07-12_03-59-23.mp4,8,0.34741270542144775,0.30506444722414017,0.0,-1
2026-07-20_22-51-51.mp4,8,0.3675881326198578,0.2967323921620846,0.125,-1
2026-07-02_18-41-56.mp4,8,0.30479365587234497,0.2696988061070442,0.0,-1
2026-07-18_15-15-56.mp4,8,0.30860215425491333,0.2938764952123165,0.0,-1
2026-07-24_10-47-25.mp4,8,0.43869495391845703,0.40376536920666695,1.0,0
2026-07-09_15-29-00.mp4,8,0.36251816153526306,0.34332680329680443,0.375,-1
2026-07-22_04-04-51.mp4,8,0.4562913477420807,0.37416522204875946,0.75,0
2026-07-18_03-15-27.mp4,8,0.4527619183063507,0.3754432760179043,0.75,0
2026-07-17_04-55-28.mp4,8,0.324571430683136,0.3143346235156059,0.0,-1
2026-07-08_21-47-29.mp4,8,0.3848424553871155,0.3489338420331478,0.5,0
2026-07-05_16-27-04.mp4,8,0.3321559727191925,0.31509770080447197,0.0,-1
2026-07-06_17-03-00.mp4,8,0.40064507722854614,0.36647117137908936,0.875,0
2026-07-07_02-10-22.mp4,8,0.3457770049571991,0.33064917102456093,0.0,-1
2026-07-21_00-39-20.mp4,8,0.3572962284088135,0.2764569763094187,0.125,-1
2026-07-12_20-08-29.mp4,8,0.287639319896698,0.2631571516394615,0.0,-1
2026-07-19_10-19-26.mp4,8,0.367754191160202,0.32827218621969223,0.25,-1
2026-07-15_20-36-59.mp4,8,0.34797459840774536,0.3195030279457569,0.0,-1
2026-07-15_09-52-49.mp4,8,0.34189170598983765,0.30593863874673843,0.0,-1
2026-07-06_11-30-53.mp4,8,0.4322143495082855,0.359151978045702,0.625,0
2026-07-03_07-36-58.mp4,8,0.4350101053714752,0.39421480894088745,0.875,0
2026-07-11_01-25-52.mp4,8,0.4010394513607025,0.386316504329443,0.875,0
2026-07-03_19-49-42.mp4,8,0.39290323853492737,0.3284357078373432,0.25,-1
2026-07-10_07-20-48.mp4,8,0.3557608127593994,0.3320295140147209,0.375,-1
2026-07-02_15-02-34.mp4,8,0.3260643482208252,0.2948136366903782,0.0,-1
2026-07-02_10-40-48.mp4,8,0.35065847635269165,0.31935471296310425,0.125,-1
2026-07-07_01-16-59.mp4,8,0.4401935935020447,0.3264354355633259,0.125,-1
2026-07-20_19-14-29.mp4,8,0.3018943965435028,0.27778756245970726,0.0,-1
2026-07-03_07-34-34.mp4,8,0.31987789273262024,0.2906185183674097,0.0,-1
2026-07-16_17-14-23.mp4,8,0.38782015442848206,0.3643980883061886,0.875,0
2026-07-07_18-56-31.mp4,8,0.3317745327949524,0.3214261755347252,0.0,-1
2026-07-07_17-45-19.mp4,8,0.34509631991386414,0.32198065891861916,0.0,-1
2026-07-03_12-43-25.mp4,8,0.38853171467781067,0.3643104247748852,0.75,0
2026-07-14_12-00-33.mp4,8,0.4103943407535553,0.34212251007556915,0.25,-1
2026-07-15_07-36-32.mp4,8,0.40204277634620667,0.3175862394273281,0.25,-1
2026-07-21_15-37-35.mp4,8,0.4211845397949219,0.39037831872701645,0.875,0
2026-07-12_19-29-10.mp4,8,0.4074767529964447,0.34706154838204384,0.75,0
2026-07-06_14-23-55.mp4,8,0.3201359510421753,0.3028699941933155,0.0,-1
2026-07-03_11-19-20.mp4,8,0.32790955901145935,0.31044774502515793,0.0,-1
2026-07-11_15-48-16.mp4,8,0.3603908121585846,0.3043595403432846,0.25,-1
2026-07-19_14-54-07.mp4,8,0.31263160705566406,0.28750044479966164,0.0,-1
2026-07-21_23-56-12.mp4,8,0.3067578673362732,0.28944724425673485,0.0,-1
2026-07-06_21-09-10.mp4,8,0.35032033920288086,0.3258426785469055,0.125,-1
2026-07-17_11-09-12.mp4,8,0.424468457698822,0.39573530852794647,0.875,0
2026-07-23_08-31-16.mp4,8,0.37043020129203796,0.34687237069010735,0.375,-1
2026-06-30_18-27-13.mp4,8,0.2787930965423584,0.2724711038172245,0.0,-1
2026-07-09_19-57-45.mp4,8,0.37036457657814026,0.3157024122774601,0.125,-1
2026-07-04_02-26-22.mp4,8,0.41726627945899963,0.3918701037764549,1.0,0
2026-07-21_01-13-38.mp4,8,0.33886367082595825,0.32093633711338043,0.0,-1
2026-07-08_13-39-55.mp4,8,0.4208488166332245,0.39842868223786354,1.0,0
2026-07-19_10-26-02.mp4,8,0.39501580595970154,0.3043552413582802,0.25,-1
2026-07-02_09-49-36.mp4,8,0.30552810430526733,0.28321751579642296,0.0,-1
2026-07-10_09-28-05.mp4,8,0.33465301990509033,0.27371780574321747,0.0,-1
2026-07-02_23-36-37.mp4,8,0.45002835988998413,0.3858654648065567,0.75,0
2026-07-05_15-37-04.mp4,8,0.39791083335876465,0.35821159556508064,0.625,0
2026-07-05_02-33-47.mp4,8,0.31040117144584656,0.2881271615624428,0.0,-1
2026-07-07_23-55-35.mp4,8,0.4267975687980652,0.3336821347475052,0.125,-1
2026-07-08_07-19-17.mp4,8,0.3523639738559723,0.3364534191787243,0.125,-1
2026-07-10_13-17-32.mp4,8,0.34080269932746887,0.32458171248435974,0.0,-1
2026-07-24_03-44-41.mp4,8,0.3725687265396118,0.32643095403909683,0.375,-1
2026-07-14_19-35-43.mp4,8,0.3696098029613495,0.3541769050061703,0.5,0
2026-07-08_07-39-58.mp4,8,0.40279728174209595,0.3681486211717129,0.75,0
2026-07-21_10-11-20.mp4,8,0.3690014183521271,0.34909314289689064,0.5,0
2026-07-22_07-45-43.mp4,8,0.34555870294570923,0.2971555180847645,0.0,-1
2026-07-05_03-46-28.mp4,8,0.3323783278465271,0.3185575194656849,0.0,-1
2026-07-25_04-17-44.mp4,8,0.3232673406600952,0.292183481156826,0.0,-1
2026-07-06_00-40-54.mp4,8,0.35588911175727844,0.3372495174407959,0.25,-1
2026-07-05_05-39-47.mp4,8,0.4203217625617981,0.3913004547357559,1.0,0
2026-07-23_16-56-34.mp4,8,0.3266243636608124,0.30005287006497383,0.0,-1
2026-07-15_16-04-50.mp4,8,0.4286245107650757,0.349181666970253,0.5,0
2026-07-11_12-22-39.mp4,8,0.40844693779945374,0.3636905960738659,0.75,0
2026-07-06_18-53-23.mp4,8,0.39413216710090637,0.3818713612854481,0.875,0
2026-07-22_21-11-42.mp4,8,0.33203911781311035,0.31732961907982826,0.0,-1
2026-07-03_21-26-59.mp4,8,0.3607734739780426,0.31315794214606285,0.125,-1
2026-07-06_18-12-12.mp4,8,0.3890206813812256,0.3588239587843418,0.75,0
2026-07-04_09-31-16.mp4,8,0.35782966017723083,0.3416961468756199,0.375,-1
2026-07-13_23-50-58.mp4,8,0.42125239968299866,0.38592999428510666,0.75,0
2026-07-02_14-44-52.mp4,8,0.4289723336696625,0.335378997027874,0.375,-1
2026-07-09_22-32-53.mp4,8,0.34762197732925415,0.32783668860793114,0.0,-1
2026-07-05_18-24-12.mp4,8,0.37869617342948914,0.33837008848786354,0.5,0
2026-07-03_23-34-58.mp4,8,0.39493459463119507,0.347993653267622,0.5,0
2026-07-22_21-07-00.mp4,8,0.3238234519958496,0.30231117457151413,0.0,-1
2026-07-09_09-03-58.mp4,8,0.3272261321544647,0.31727929413318634,0.0,-1
2026-07-21_06-02-41.mp4,8,0.40900900959968567,0.38195187225937843,1.0,0
2026-07-15_22-26-49.mp4,8,0.34073957800865173,0.32647132128477097,0.0,-1
2026-07-01_18-37-08.mp4,8,0.2865718603134155,0.26508628763258457,0.0,-1
2026-07-01_07-33-17.mp4,8,0.41543713212013245,0.3928372338414192,1.0,0
2026-07-08_07-41-46.mp4,8,0.38289618492126465,0.3580049090087414,0.5,0
2026-07-01_12-47-00.mp4,8,0.4526527523994446,0.3295106366276741,0.375,-1
2026-07-03_15-22-41.mp4,8,0.42346903681755066,0.38370494917035103,0.875,0
2026-07-19_14-43-13.mp4,8,0.3545111119747162,0.3151332400739193,0.125,-1
2026-07-10_16-27-47.mp4,8,0.3501260280609131,0.3208778090775013,0.125,-1
2026-07-10_18-26-08.mp4,8,0.34796735644340515,0.3111898824572563,0.0,-1
2026-07-09_17-19-28.mp4,8,0.37819865345954895,0.31312747672200203,0.125,-1
2026-07-25_11-20-33.mp4,8,0.37804344296455383,0.37113334611058235,1.0,0
2026-07-09_21-59-32.mp4,8,0.4259694516658783,0.4069414287805557,1.0,0
2026-07-08_06-37-41.mp4,8,0.3008742928504944,0.2772639039903879,0.0,-1
2026-06-30_16-12-08.mp4,8,0.3444496989250183,0.32735422626137733,0.0,-1
2026-07-03_22-46-16.mp4,8,0.2865423560142517,0.27383287250995636,0.0,-1
2026-07-08_19-29-44.mp4,8,0.38414597511291504,0.3456515297293663,0.375,-1
2026-07-15_13-41-52.mp4,8,0.41778454184532166,0.33183133602142334,0.375,-1
2026-07-13_18-26-25.mp4,8,0.4325276017189026,0.31470416858792305,0.25,-1
2026-07-07_10-40-11.mp4,8,0.39556634426116943,0.3759472779929638,1.0,0
2026-07-05_16-32-27.mp4,8,0.46636831760406494,0.35095470398664474,0.375,-1
2026-07-03_22-53-10.mp4,8,0.3839944899082184,0.3201359212398529,0.25,-1
2026-07-10_04-41-20.mp4,8,0.379123717546463,0.36596012860536575,1.0,0
2026-07-09_01-49-56.mp4,8,0.35502997040748596,0.3234515152871609,0.125,-1
2026-07-10_07-19-24.mp4,8,0.3932148516178131,0.3590390682220459,0.625,0
2026-07-07_14-17-33.mp4,8,0.39665141701698303,0.3742508478462696,1.0,0
2026-07-24_03-44-17.mp4,8,0.32019585371017456,0.2903025299310684,0.0,-1
2026-07-09_21-32-02.mp4,8,0.35201945900917053,0.3421521633863449,0.125,-1
2026-07-17_03-23-47.mp4,8,0.3152295649051666,0.299138356000185,0.0,-1
2026-07-20_09-53-51.mp4,8,0.3147823214530945,0.2773815803229809,0.0,-1
2026-07-13_13-01-06.mp4,8,0.3567623198032379,0.31621379032731056,0.125,-1
2026-07-10_08-19-41.mp4,8,0.3417458236217499,0.31922562792897224,0.0,-1
2026-07-12_14-38-00.mp4,8,0.36030319333076477,0.3172169551253319,0.125,-1
2026-07-07_22-36-54.mp4,8,0.4023899435997009,0.3767432011663914,0.875,0
2026-07-06_09-33-42.mp4,8,0.3025988042354584,0.2910572700202465,0.0,-1
2026-07-22_00-12-11.mp4,8,0.4401639699935913,0.37235747277736664,0.75,0
2026-07-07_18-15-50.mp4,8,0.3307481110095978,0.30087892711162567,0.0,-1
2026-07-07_19-24-01.mp4,8,0.4050227701663971,0.33403145521879196,0.25,-1
2026-07-22_09-03-35.mp4,8,0.3410411775112152,0.3058512657880783,0.0,-1
2026-07-15_10-47-42.mp4,8,0.32977017760276794,0.30281760543584824,0.0,-1
2026-07-01_18-43-02.mp4,8,0.29365983605384827,0.2714567743241787,0.0,-1
2026-07-10_22-30-18.mp4,8,0.3940209448337555,0.3587120473384857,0.5,0
2026-07-14_13-47-56.mp4,8,0.38847121596336365,0.31754521653056145,0.25,-1
2026-07-20_19-22-05.mp4,8,0.3421366512775421,0.3199000358581543,0.0,-1
2026-07-05_08-54-58.mp4,8,0.4112699031829834,0.3727429285645485,0.5,0
2026-07-11_15-18-47.mp4,8,0.3819182515144348,0.3568013720214367,0.625,0
2026-07-07_21-43-07.mp4,8,0.3337763249874115,0.29572853446006775,0.0,-1
2026-07-09_10-55-20.mp4,8,0.36573851108551025,0.3600401245057583,0.875,0
2026-07-12_15-05-18.mp4,8,0.34799784421920776,0.32341719046235085,0.0,-1
2026-07-14_07-02-36.mp4,8,0.43491673469543457,0.36184097081422806,0.375,-1
2026-07-08_08-21-58.mp4,8,0.3781108856201172,0.36231880262494087,0.875,0
2026-07-12_00-48-02.mp4,8,0.3244669735431671,0.31368524581193924,0.0,-1
2026-07-21_11-54-55.mp4,8,0.2764681875705719,0.2660456020385027,0.0,-1
2026-07-08_17-04-11.mp4,8,0.3852974474430084,0.31773920729756355,0.375,-1
2026-07-20_21-32-34.mp4,8,0.33220338821411133,0.2730590496212244,0.0,-1
2026-07-25_03-51-56.mp4,8,0.44698601961135864,0.33920806273818016,0.5,0
2026-07-25_01-14-34.mp4,8,0.3808495104312897,0.33346884697675705,0.375,-1
2026-07-10_01-37-51.mp4,8,0.31307700276374817,0.29947737604379654,0.0,-1
2026-07-21_23-37-36.mp4,8,0.3147207498550415,0.3003193140029907,0.0,-1
2026-07-14_07-17-30.mp4,8,0.43204742670059204,0.3320365287363529,0.25,-1
2026-07-15_11-00-00.mp4,8,0.25272467732429504,0.24822243489325047,0.0,-1
2026-07-22_23-22-15.mp4,8,0.3742767572402954,0.30810881592333317,0.25,-1
2026-07-20_21-38-40.mp4,8,0.3001193404197693,0.2842767611145973,0.0,-1
2026-07-03_03-28-48.mp4,8,0.3269304037094116,0.3193982243537903,0.0,-1
2026-07-14_11-46-03.mp4,8,0.4203130602836609,0.3548685275018215,0.625,0
2026-07-09_19-56-09.mp4,8,0.3427749574184418,0.3171646296977997,0.0,-1
2026-07-22_10-43-52.mp4,8,0.3534305691719055,0.31897836178541183,0.125,-1
2026-07-02_22-52-26.mp4,8,0.4144648611545563,0.365214966237545,0.75,0
2026-07-01_06-34-38.mp4,8,0.5450639724731445,0.5220987275242805,1.0,0
2026-07-02_05-18-16.mp4,8,0.3484039604663849,0.32529084756970406,0.0,-1
2026-07-02_01-33-25.mp4,8,0.3551121652126312,0.31217314675450325,0.25,-1
2026-07-16_18-29-47.mp4,8,0.4795764982700348,0.39265288785099983,0.75,0
2026-07-05_11-30-51.mp4,8,0.3645075559616089,0.30952344089746475,0.125,-1
2026-07-02_14-09-04.mp4,8,0.3738437294960022,0.3279487416148186,0.125,-1
2026-07-15_23-35-51.mp4,8,0.4084925949573517,0.355304591357708,0.625,0
2026-07-02_02-01-46.mp4,8,0.30486860871315,0.270304799079895,0.0,-1
2026-07-01_21-01-43.mp4,8,0.3946249186992645,0.3132524900138378,0.375,-1
2026-07-08_04-19-47.mp4,8,0.2551768124103546,0.23601712472736835,0.0,-1
2026-07-11_05-03-56.mp4,8,0.3829015791416168,0.36905520409345627,0.875,0
2026-07-07_20-52-06.mp4,8,0.3237503468990326,0.30450601130723953,0.0,-1
2026-07-17_03-19-59.mp4,8,0.3939681649208069,0.31941069290041924,0.125,-1
2026-07-01_21-14-37.mp4,8,0.38031628727912903,0.3161757029592991,0.125,-1
2026-07-07_04-49-15.mp4,8,0.31061604619026184,0.28453557565808296,0.0,-1
2026-07-04_18-05-45.mp4,8,0.3469964265823364,0.31244177371263504,0.0,-1
2026-07-24_03-41-35.mp4,8,0.3449130654335022,0.3130728155374527,0.0,-1
2026-07-11_10-53-10.mp4,8,0.38877686858177185,0.32672103494405746,0.125,-1
2026-07-19_14-40-13.mp4,8,0.37537598609924316,0.30944595113396645,0.125,-1
2026-07-06_09-33-18.mp4,8,0.33672183752059937,0.32379668578505516,0.0,-1
2026-07-19_17-32-46.mp4,8,0.3264988958835602,0.3203665651381016,0.0,-1
2026-07-11_23-33-24.mp4,8,0.37062305212020874,0.32873713225126266,0.25,-1
2026-07-21_08-29-21.mp4,8,0.3494139313697815,0.31801924481987953,0.0,-1
2026-07-05_19-55-17.mp4,8,0.3336744010448456,0.322939470410347,0.0,-1
2026-07-08_08-33-52.mp4,8,0.3038374185562134,0.28492603823542595,0.0,-1
2026-07-20_09-29-09.mp4,8,0.33495256304740906,0.32511165365576744,0.0,-1
2026-07-24_09-04-14.mp4,8,0.49915990233421326,0.4403698071837425,1.0,0
2026-07-14_07-09-24.mp4,8,0.29871657490730286,0.28706085681915283,0.0,-1
2026-07-04_03-04-31.mp4,8,0.3614151179790497,0.3003249876201153,0.125,-1
2026-07-24_05-05-52.mp4,8,0.38434645533561707,0.3497902862727642,0.625,0
2026-07-10_00-32-58.mp4,8,0.3519763648509979,0.3275345452129841,0.125,-1
2026-07-17_07-50-08.mp4,8,0.4230469763278961,0.3262367732822895,0.125,-1
2026-07-05_00-09-37.mp4,8,0.31454452872276306,0.2978122942149639,0.0,-1
2026-06-30_16-26-32.mp4,8,0.40230506658554077,0.3509714975953102,0.5,0
2026-07-10_15-54-01.mp4,8,0.39902463555336,0.2707832641899586,0.125,-1
2026-07-08_00-06-53.mp4,8,0.39247703552246094,0.36182332038879395,0.625,0
2026-07-05_04-30-01.mp4,8,0.3810812830924988,0.329951424151659,0.375,-1
2026-07-09_16-19-47.mp4,8,0.38340869545936584,0.35979805141687393,0.625,0
2026-07-09_14-27-48.mp4,8,0.38937127590179443,0.3801812194287777,1.0,0
2026-07-10_08-41-59.mp4,8,0.3752056658267975,0.340384092181921,0.25,-1
2026-07-15_18-25-25.mp4,8,0.3283623456954956,0.3001384660601616,0.0,-1
2026-07-23_00-57-02.mp4,8,0.35330045223236084,0.30872616171836853,0.125,-1
2026-07-11_04-12-03.mp4,8,0.3811238706111908,0.32550982758402824,0.375,-1
2026-07-10_10-21-52.mp4,8,0.34021881222724915,0.31602751836180687,0.0,-1
2026-07-06_00-35-00.mp4,8,0.35569003224372864,0.32590949535369873,0.125,-1
2026-06-30_21-38-57.mp4,8,0.4459156394004822,0.369618508964777,0.625,0
2026-07-13_11-48-43.mp4,8,0.35182809829711914,0.3168104328215122,0.125,-1
2026-07-22_16-59-39.mp4,8,0.32597240805625916,0.3099382407963276,0.0,-1
2026-07-06_18-58-23.mp4,8,0.34471386671066284,0.32088807597756386,0.0,-1
2026-07-02_04-19-09.mp4,8,0.39552757143974304,0.3579458259046078,0.5,0
2026-07-21_11-54-31.mp4,8,0.342488557100296,0.2722178380936384,0.0,-1
2026-07-09_09-20-27.mp4,8,0.3409780263900757,0.3161895349621773,0.0,-1
2026-07-08_09-01-51.mp4,8,0.3949209749698639,0.3654772527515888,0.875,0
2026-07-20_04-38-15.mp4,8,0.3740394711494446,0.31002990528941154,0.125,-1
2026-07-19_00-24-02.mp4,8,0.3814409077167511,0.3136064186692238,0.25,-1
2026-07-02_12-29-11.mp4,8,0.34255480766296387,0.3252044692635536,0.0,-1
2026-07-04_02-38-10.mp4,8,0.5392619967460632,0.5032951720058918,1.0,0
2026-07-12_20-03-47.mp4,8,0.37119802832603455,0.3111650198698044,0.125,-1
2026-07-04_02-39-52.mp4,8,0.36631500720977783,0.3622700050473213,1.0,0
2026-07-11_10-53-58.mp4,8,0.37790820002555847,0.3642697148025036,1.0,0
2026-07-06_23-40-24.mp4,8,0.4503040015697479,0.3513462767004967,0.5,0
2026-07-19_10-21-02.mp4,8,0.3128984570503235,0.2876189388334751,0.0,-1
2026-07-22_13-26-15.mp4,8,0.32928189635276794,0.3012217804789543,0.0,-1
2026-07-03_14-24-00.mp4,8,0.38064640760421753,0.32669278234243393,0.25,-1
2026-07-20_21-41-58.mp4,8,0.39132505655288696,0.3507254421710968,0.5,0
2026-07-22_04-04-39.mp4,8,0.4324341118335724,0.34311140328645706,0.375,-1
2026-07-21_11-18-25.mp4,8,0.35697558522224426,0.3051813915371895,0.125,-1
2026-07-17_07-52-56.mp4,8,0.3584193289279938,0.32644253224134445,0.25,-1
2026-07-15_09-02-19.mp4,8,0.37385594844818115,0.3185672461986542,0.125,-1
2026-07-04_06-54-24.mp4,8,0.36973437666893005,0.3340887278318405,0.25,-1
2026-07-14_23-54-31.mp4,8,0.4648043215274811,0.3625447079539299,0.5,0
2026-07-26_00-13-13.mp4,8,0.38861826062202454,0.3118695989251137,0.25,-1
2026-07-10_14-56-37.mp4,8,0.3569508492946625,0.32813455909490585,0.125,-1
2026-07-12_13-50-13.mp4,8,0.38902953267097473,0.34863585233688354,0.625,0
2026-07-25_11-24-27.mp4,8,0.3290301263332367,0.3061477579176426,0.0,-1
2026-07-20_09-16-34.mp4,8,0.4044708013534546,0.33866479992866516,0.375,-1
2026-07-07_01-16-11.mp4,8,0.39866289496421814,0.34122060239315033,0.5,0
2026-07-06_00-34-00.mp4,8,0.38009944558143616,0.3054616190493107,0.125,-1
2026-07-07_22-37-54.mp4,8,0.3541949987411499,0.33962321281433105,0.125,-1
2026-06-30_16-51-20.mp4,8,0.29581084847450256,0.28367970138788223,0.0,-1
2026-07-06_22-51-47.mp4,8,0.38823235034942627,0.3788767457008362,1.0,0
2026-07-09_17-03-59.mp4,8,0.36970755457878113,0.3423476666212082,0.25,-1
2026-07-22_22-43-16.mp4,8,0.3480834662914276,0.2971566766500473,0.0,-1
2026-07-14_07-04-48.mp4,8,0.48682302236557007,0.45139357820153236,1.0,0
2026-07-07_20-58-00.mp4,8,0.3346976041793823,0.3140997029840946,0.0,-1
2026-07-02_03-54-15.mp4,8,0.29369255900382996,0.2559159118682146,0.0,-1
2026-07-06_22-36-21.mp4,8,0.3711279630661011,0.34859778732061386,0.75,0
2026-07-01_07-05-41.mp4,8,0.3896472454071045,0.34666236862540245,0.625,0
2026-07-23_17-04-34.mp4,8,0.3771652579307556,0.30876845866441727,0.25,-1
2026-07-05_05-53-29.mp4,8,0.3581616282463074,0.34795862808823586,0.5,0
2026-06-30_21-53-26.mp4,8,0.4664100110530853,0.3759363777935505,0.75,0
2026-07-21_12-20-37.mp4,8,0.36958906054496765,0.3445262126624584,0.375,-1
2026-07-05_03-40-40.mp4,8,0.3277752101421356,0.3097058795392513,0.0,-1
2026-07-01_20-18-25.mp4,8,0.2505352199077606,0.23875149711966515,0.0,-1
2026-07-08_03-44-54.mp4,8,0.3802141845226288,0.32306593656539917,0.25,-1
2026-07-11_13-31-06.mp4,8,0.3050340712070465,0.29460878297686577,0.0,-1
2026-07-20_14-52-18.mp4,8,0.4332186281681061,0.41641342639923096,1.0,0
2026-07-20_11-37-14.mp4,8,0.36810293793678284,0.3469395861029625,0.5,0
2026-07-13_11-49-31.mp4,8,0.3139648735523224,0.2988123930990696,0.0,-1
2026-07-10_14-20-07.mp4,8,0.34179362654685974,0.30459578707814217,0.0,-1
2026-07-08_20-41-44.mp4,8,0.4754008650779724,0.37008681520819664,0.625,0
2026-07-15_18-29-25.mp4,8,0.35465049743652344,0.3408778943121433,0.5,0
2026-07-13_07-20-43.mp4,8,0.4319930970668793,0.39772963151335716,0.75,0
2026-07-09_14-42-12.mp4,8,0.3758876621723175,0.36802714318037033,1.0,0
2026-07-11_22-31-00.mp4,8,0.3651144206523895,0.346992127597332,0.375,-1
2026-07-05_16-26-40.mp4,8,0.37143412232398987,0.33704331144690514,0.25,-1
2026-07-02_16-19-51.mp4,8,0.3094607889652252,0.2947036549448967,0.0,-1
2026-07-24_05-22-58.mp4,8,0.3332042396068573,0.3113785423338413,0.0,-1
2026-07-10_14-24-01.mp4,8,0.3415602147579193,0.33265794441103935,0.0,-1
2026-07-02_23-44-07.mp4,8,0.37473997473716736,0.33768125250935555,0.375,-1
2026-07-23_19-03-56.mp4,8,0.4218362271785736,0.37773435190320015,0.625,0
2026-07-03_11-01-26.mp4,8,0.3948872983455658,0.35915661975741386,0.875,0
2026-07-06_18-13-42.mp4,8,0.42539092898368835,0.38982782512903214,0.875,0
2026-07-06_02-55-58.mp4,8,0.37784090638160706,0.33538609743118286,0.25,-1
2026-07-20_19-16-41.mp4,8,0.3582994341850281,0.3226908966898918,0.125,-1
2026-07-04_18-01-03.mp4,8,0.32199251651763916,0.29845377057790756,0.0,-1
2026-07-11_10-47-40.mp4,8,0.3946291506290436,0.3661743216216564,0.875,0
2026-07-23_16-32-41.mp4,8,0.38760557770729065,0.3215035907924175,0.25,-1
2026-07-07_09-29-54.mp4,8,0.335101455450058,0.3180331885814667,0.0,-1
2026-07-03_21-27-47.mp4,8,0.3343920111656189,0.29841379076242447,0.0,-1
2026-07-22_01-54-34.mp4,8,0.32168886065483093,0.29561734572052956,0.0,-1
2026-07-25_11-31-21.mp4,8,0.3911796510219574,0.34845754876732826,0.25,-1
2026-07-12_18-19-29.mp4,8,0.35522162914276123,0.31632593274116516,0.25,-1
2026-07-12_12-21-05.mp4,8,0.3891596794128418,0.3158499523997307,0.25,-1
2026-07-20_19-34-59.mp4,8,0.5205115079879761,0.5053079798817635,1.0,0
2026-07-17_09-13-25.mp4,8,0.3410750925540924,0.3353411927819252,0.0,-1
2026-07-08_19-34-20.mp4,8,0.4008037745952606,0.3764488287270069,0.75,0
2026-07-25_23-35-50.mp4,8,0.3418477773666382,0.3181805685162544,0.0,-1
2026-07-23_15-44-53.mp4,8,0.37949472665786743,0.3566334433853626,0.625,0
2026-07-10_22-24-24.mp4,8,0.36859574913978577,0.3412059545516968,0.25,-1
2026-07-01_21-17-41.mp4,8,0.31203940510749817,0.27772405184805393,0.0,-1
2026-07-25_20-25-34.mp4,8,0.3815620541572571,0.30790453776717186,0.25,-1
2026-07-26_04-29-53.mp4,8,0.32137352228164673,0.3046448864042759,0.0,-1
2026-07-21_06-13-53.mp4,8,0.43091219663619995,0.34397004544734955,0.375,-1
2026-07-02_15-32-57.mp4,8,0.36860191822052,0.3373400606215,0.625,0
2026-07-03_11-00-50.mp4,8,0.3218701183795929,0.28385476022958755,0.0,-1
2026-07-02_03-23-16.mp4,8,0.3487580716609955,0.3294842503964901,0.0,-1
2026-07-19_00-00-56.mp4,8,0.3077932298183441,0.29474563896656036,0.0,-1
2026-07-20_15-08-06.mp4,8,0.3791442811489105,0.34122976288199425,0.25,-1
2026-07-22_07-49-37.mp4,8,0.310842901468277,0.30167030543088913,0.0,-1
2026-07-25_12-46-02.mp4,8,0.3612445890903473,0.3406672775745392,0.5,0
2026-07-14_13-58-02.mp4,8,0.364463210105896,0.3198251985013485,0.125,-1
2026-07-05_12-23-14.mp4,8,0.3118773102760315,0.2899351045489311,0.0,-1
2026-07-20_22-53-51.mp4,8,0.3419468104839325,0.28053733706474304,0.0,-1
2026-07-17_13-24-40.mp4,8,0.305118590593338,0.2792374975979328,0.0,-1
2026-07-10_16-45-53.mp4,8,0.37698355317115784,0.33939628303050995,0.25,-1
2026-07-16_21-41-14.mp4,8,0.3866252601146698,0.3336785025894642,0.5,0
2026-07-14_14-55-01.mp4,8,0.35058191418647766,0.2934303767979145,0.125,-1
2026-07-18_11-26-34.mp4,8,0.4749906361103058,0.32014304772019386,0.125,-1
2026-07-03_00-27-08.mp4,8,0.34060221910476685,0.2858273349702358,0.0,-1
2026-07-06_01-28-35.mp4,8,0.377452552318573,0.3248836137354374,0.375,-1
2026-07-09_16-21-17.mp4,8,0.36536791920661926,0.3245297111570835,0.125,-1
2026-07-17_23-07-42.mp4,8,0.3308439254760742,0.3081478364765644,0.0,-1
2026-07-24_23-31-59.mp4,8,0.3063301146030426,0.29050278663635254,0.0,-1
2026-07-08_22-17-58.mp4,8,0.38382747769355774,0.34170855581760406,0.25,-1
2026-07-08_17-28-41.mp4,8,0.40745630860328674,0.3174275904893875,0.125,-1
2026-07-03_01-42-25.mp4,8,0.30552107095718384,0.29245948046445847,0.0,-1
2026-07-10_11-02-52.mp4,8,0.4760490655899048,0.42870981246232986,1.0,0
2026-07-09_21-47-26.mp4,8,0.5306369662284851,0.4661495015025139,1.0,0
2026-07-01_18-41-02.mp4,8,0.3054809272289276,0.2817927338182926,0.0,-1
2026-07-08_15-56-47.mp4,8,0.3866371512413025,0.3491898439824581,0.5,0
2026-07-10_11-10-21.mp4,8,0.361637681722641,0.33387504145503044,0.375,-1
2026-07-02_15-48-45.mp4,8,0.3386380672454834,0.32139091938734055,0.0,-1
2026-07-15_08-53-14.mp4,8,0.3906378746032715,0.33090854063630104,0.5,0
2026-07-04_19-05-36.mp4,8,0.36816859245300293,0.35574545338749886,0.75,0
2026-07-07_14-04-21.mp4,8,0.3364747166633606,0.3189922608435154,0.0,-1
2026-07-14_03-14-08.mp4,8,0.36170417070388794,0.3002481833100319,0.125,-1
2026-07-02_03-13-10.mp4,8,0.3505835235118866,0.3293573074042797,0.25,-1
2026-07-14_16-37-54.mp4,8,0.44372260570526123,0.3780665807425976,1.0,0
2026-07-25_11-28-33.mp4,8,0.4097917377948761,0.35045965760946274,0.5,0
2026-07-04_00-56-53.mp4,8,0.3870416581630707,0.30672837421298027,0.125,-1
2026-07-06_20-48-52.mp4,8,0.37622031569480896,0.35621459782123566,0.625,0
2026-07-14_19-00-19.mp4,8,0.4260720908641815,0.3758326508104801,1.0,0
2026-07-14_15-02-13.mp4,8,0.42155104875564575,0.37105144187808037,0.625,0
2026-07-13_21-27-17.mp4,8,0.4389593005180359,0.32855134829878807,0.375,-1
2026-07-05_15-23-46.mp4,8,0.3659646511077881,0.316408634185791,0.125,-1
2026-07-15_12-57-35.mp4,8,0.3088458180427551,0.28042227029800415,0.0,-1
2026-07-20_09-15-57.mp4,8,0.3625710606575012,0.32041745632886887,0.125,-1
2026-07-13_10-55-13.mp4,8,0.4521484076976776,0.34537995606660843,0.5,0
2026-07-08_22-38-40.mp4,8,0.3317100703716278,0.27146822959184647,0.0,-1
2026-07-03_01-24-49.mp4,8,0.33388882875442505,0.3169637732207775,0.0,-1
2026-07-15_13-49-10.mp4,8,0.3055197298526764,0.2798428162932396,0.0,-1
2026-07-25_07-43-54.mp4,8,0.3256162106990814,0.31589238345623016,0.0,-1
2026-06-30_13-05-55.mp4,8,0.3434896767139435,0.3024342246353626,0.0,-1
2026-07-07_06-17-08.mp4,8,0.443121075630188,0.358222134411335,0.625,0
2026-07-05_05-56-41.mp4,8,0.4359005391597748,0.3866746388375759,0.875,0
2026-07-07_02-10-46.mp4,8,0.3619050681591034,0.34838173165917397,0.375,-1
2026-07-09_14-09-30.mp4,8,0.41438207030296326,0.39501703158020973,0.875,0
2026-07-10_12-35-51.mp4,8,0.5107560157775879,0.47788355872035027,1.0,0
2026-07-23_06-10-11.mp4,8,0.2838535010814667,0.2720363512635231,0.0,-1
2026-07-21_09-06-09.mp4,8,0.378324955701828,0.2970941588282585,0.125,-1
2026-07-05_10-19-03.mp4,8,0.3242416977882385,0.3071356862783432,0.0,-1
2026-07-12_21-22-33.mp4,8,0.37423887848854065,0.3715972788631916,1.0,0
2026-07-05_08-25-28.mp4,8,0.3418111205101013,0.29603035002946854,0.0,-1
2026-07-18_15-45-44.mp4,8,0.27859196066856384,0.27246591448783875,0.0,-1
2026-07-13_19-37-31.mp4,8,0.28208667039871216,0.26880214363336563,0.0,-1
2026-07-05_02-13-53.mp4,8,0.2810097932815552,0.2684284746646881,0.0,-1
2026-07-08_14-48-36.mp4,8,0.3389606475830078,0.31088730692863464,0.0,-1
2026-07-11_12-52-26.mp4,8,0.33659815788269043,0.3048240356147289,0.0,-1
2026-07-03_01-37-01.mp4,8,0.3156885802745819,0.2926274575293064,0.0,-1
2026-07-20_19-20-29.mp4,8,0.42272451519966125,0.3768061585724354,0.875,0
2026-07-15_08-08-44.mp4,8,0.28040310740470886,0.27585914358496666,0.0,-1
2026-07-12_21-18-39.mp4,8,0.3705064356327057,0.3547982797026634,0.75,0
2026-07-04_03-05-31.mp4,8,0.366839200258255,0.32732830569148064,0.25,-1
2026-07-03_12-47-43.mp4,8,0.33539479970932007,0.3091087006032467,0.0,-1
2026-07-22_22-38-22.mp4,8,0.3142421543598175,0.296070221811533,0.0,-1
2026-07-07_07-33-49.mp4,8,0.454705148935318,0.3535531908273697,0.5,0
2026-07-24_22-27-11.mp4,8,0.31454402208328247,0.3032344914972782,0.0,-1
2026-07-10_11-12-27.mp4,8,0.37415462732315063,0.34872959554195404,0.375,-1
2026-07-12_14-37-48.mp4,8,0.36588233709335327,0.3120024539530277,0.125,-1
2026-07-02_03-23-04.mp4,8,0.43611249327659607,0.34490668401122093,0.5,0
2026-07-07_12-29-34.mp4,8,0.3282489776611328,0.3071303181350231,0.0,-1
2026-07-05_13-09-08.mp4,8,0.38550248742103577,0.3299633339047432,0.125,-1
2026-07-02_03-30-28.mp4,8,0.3455880880355835,0.32290713489055634,0.0,-1
2026-07-04_02-42-22.mp4,8,0.4080137014389038,0.35117703676223755,0.625,0
2026-07-05_19-59-47.mp4,8,0.3638029396533966,0.32101527228951454,0.125,-1
2026-07-16_18-58-58.mp4,8,0.4628365635871887,0.4030156657099724,0.875,0
2026-07-25_19-46-52.mp4,8,0.3249353766441345,0.295936930924654,0.0,-1
2026-07-09_12-16-56.mp4,8,0.37529367208480835,0.36704617366194725,0.875,0
2026-07-06_05-58-38.mp4,8,0.3344988226890564,0.27988822758197784,0.0,-1
2026-07-11_05-51-38.mp4,8,0.49703389406204224,0.43391387164592743,1.0,0
2026-07-20_12-30-37.mp4,8,0.42648202180862427,0.3945213183760643,1.0,0
2026-07-10_12-27-57.mp4,8,0.3801356256008148,0.35433362051844597,0.375,-1
2026-07-01_12-38-54.mp4,8,0.3273821175098419,0.3103507533669472,0.0,-1
2026-07-22_15-16-01.mp4,8,0.3300914466381073,0.30164849385619164,0.0,-1
2026-07-22_13-43-38.mp4,8,0.323884516954422,0.3093118518590927,0.0,-1
2026-07-23_15-32-11.mp4,8,0.37941688299179077,0.3471713103353977,0.375,-1
2026-07-05_15-51-34.mp4,8,0.2994712293148041,0.2776615843176842,0.0,-1
2026-07-02_05-18-40.mp4,8,0.5128514766693115,0.45301374793052673,1.0,0
2026-07-08_14-04-31.mp4,8,0.3335050940513611,0.3143340274691582,0.0,-1
2026-07-05_00-56-00.mp4,8,0.3357631266117096,0.3112158738076687,0.0,-1
2026-07-23_12-35-25.mp4,8,0.43247801065444946,0.36227206885814667,0.625,0
2026-07-02_14-28-58.mp4,8,0.3527911305427551,0.3012136109173298,0.125,-1
2026-07-22_09-01-23.mp4,8,0.43388983607292175,0.40329471230506897,0.875,0
2026-07-06_00-32-12.mp4,8,0.34171944856643677,0.31894858181476593,0.0,-1
2026-07-10_17-23-21.mp4,8,0.37204501032829285,0.35357095673680305,0.75,0
2026-07-12_13-50-49.mp4,8,0.3565185070037842,0.3169076219201088,0.125,-1
2026-07-04_14-50-12.mp4,8,0.3304818272590637,0.3146495558321476,0.0,-1
2026-07-24_19-30-31.mp4,8,0.3847953677177429,0.31361065432429314,0.125,-1
2026-07-14_23-12-20.mp4,8,0.35667699575424194,0.3369019702076912,0.125,-1
2026-07-18_11-45-40.mp4,8,0.34363141655921936,0.29943523183465004,0.0,-1
2026-07-02_03-32-04.mp4,8,0.30870670080184937,0.2856223098933697,0.0,-1
2026-07-04_09-17-58.mp4,8,0.37278011441230774,0.348464660346508,0.25,-1
2026-07-10_10-33-40.mp4,8,0.33183321356773376,0.31163622811436653,0.0,-1
2026-07-06_13-26-03.mp4,8,0.4624713659286499,0.42679714411497116,0.875,0
2026-07-21_11-17-31.mp4,8,0.3647761642932892,0.34583697468042374,0.5,0
2026-07-12_10-30-31.mp4,8,0.3580870032310486,0.3385776951909065,0.25,-1
2026-07-21_05-59-47.mp4,8,0.36580193042755127,0.29839886724948883,0.125,-1
2026-07-10_21-42-07.mp4,8,0.4118010699748993,0.35882987827062607,0.75,0
2026-07-06_23-43-00.mp4,8,0.3935733735561371,0.3576267622411251,0.75,0
2026-07-03_08-56-45.mp4,8,0.3361189365386963,0.31286298483610153,0.0,-1
2026-07-13_12-36-24.mp4,8,0.3180955946445465,0.29578668996691704,0.0,-1
2026-07-07_07-18-31.mp4,8,0.326641708612442,0.31571634113788605,0.0,-1
2026-07-26_04-37-53.mp4,8,0.3539476990699768,0.30614912137389183,0.125,-1
2026-07-23_09-04-57.mp4,8,0.3445338010787964,0.2969903126358986,0.0,-1
2026-07-19_11-21-03.mp4,8,0.3890366852283478,0.34739944711327553,0.375,-1
2026-07-19_23-44-48.mp4,8,0.3769543766975403,0.34257055073976517,0.25,-1
2026-07-22_14-13-08.mp4,8,0.3506138026714325,0.30899451300501823,0.125,-1
2026-07-07_21-52-13.mp4,8,0.34400221705436707,0.33102983981370926,0.0,-1
2026-07-23_20-55-51.mp4,8,0.45033520460128784,0.3320360742509365,0.125,-1
2026-07-07_04-24-33.mp4,8,0.3669487237930298,0.326952263712883,0.125,-1
2026-07-21_12-58-36.mp4,8,0.3167439103126526,0.2982042767107487,0.0,-1
2026-07-04_20-39-41.mp4,8,0.38303741812705994,0.3268880881369114,0.375,-1
2026-07-02_20-30-19.mp4,8,0.33595359325408936,0.3036283887922764,0.0,-1
2026-07-16_19-17-46.mp4,8,0.4752580523490906,0.4334501251578331,1.0,0
2026-07-12_14-13-36.mp4,8,0.3264208436012268,0.3057844899594784,0.0,-1
2026-07-08_12-16-32.mp4,8,0.3604142665863037,0.34151655435562134,0.5,0
2026-07-03_03-53-35.mp4,8,0.3880980908870697,0.3356536738574505,0.25,-1
2026-07-17_07-51-08.mp4,8,0.3145282566547394,0.3015587255358696,0.0,-1
2026-07-21_15-22-53.mp4,8,0.41053617000579834,0.3641262464225292,0.625,0
2026-07-08_20-42-20.mp4,8,0.41144898533821106,0.3708154074847698,0.875,0
2026-07-24_07-29-45.mp4,8,0.37849515676498413,0.3167806826531887,0.125,-1
2026-07-12_11-52-00.mp4,8,0.34782591462135315,0.31746168807148933,0.0,-1
2026-07-02_04-04-03.mp4,8,0.29508352279663086,0.24955845065414906,0.0,-1
2026-07-10_07-20-12.mp4,8,0.40949201583862305,0.3462677076458931,0.25,-1
2026-07-08_04-14-17.mp4,8,0.3563222587108612,0.315198615193367,0.125,-1
2026-07-24_01-20-13.mp4,8,0.3661608397960663,0.32612817734479904,0.25,-1
2026-07-06_15-55-18.mp4,8,0.4494975507259369,0.43408000096678734,1.0,0
2026-07-22_01-44-28.mp4,8,0.3646663427352905,0.3215707503259182,0.125,-1
2026-07-07_09-25-42.mp4,8,0.3025156259536743,0.27981043979525566,0.0,-1
2026-07-12_04-43-10.mp4,8,0.3538520932197571,0.3451196737587452,0.125,-1
2026-07-14_07-04-24.mp4,8,0.4594759941101074,0.39816850796341896,1.0,0
2026-07-09_07-53-04.mp4,8,0.32863849401474,0.29665349423885345,0.0,-1
2026-07-08_06-35-41.mp4,8,0.34565970301628113,0.33060941845178604,0.0,-1
2026-07-03_07-22-40.mp4,8,0.38508251309394836,0.31311647966504097,0.25,-1
2026-07-14_16-35-48.mp4,8,0.4554048180580139,0.4200708866119385,1.0,0
2026-07-01_23-44-50.mp4,8,0.31786009669303894,0.2956225126981735,0.0,-1
2026-07-10_14-11-02.mp4,8,0.4229356050491333,0.38615450263023376,0.875,0
2026-07-04_23-40-09.mp4,8,0.43632516264915466,0.33829616382718086,0.25,-1
2026-07-07_00-14-36.mp4,8,0.33468684554100037,0.3149464651942253,0.0,-1
2026-07-26_00-56-55.mp4,8,0.30608972907066345,0.2901110425591469,0.0,-1
2026-07-06_02-54-58.mp4,8,0.36651739478111267,0.31109219044446945,0.25,-1
2026-07-06_00-43-18.mp4,8,0.35834676027297974,0.3376939296722412,0.25,-1
2026-07-10_11-16-45.mp4,8,0.34232887625694275,0.31873946264386177,0.0,-1
2026-07-11_18-49-21.mp4,8,0.37265145778656006,0.34893636032938957,0.5,0
2026-07-05_13-03-38.mp4,8,0.3840472102165222,0.3124573715031147,0.125,-1
2026-07-22_13-42-38.mp4,8,0.3499365746974945,0.29459845647215843,0.0,-1
2026-07-09_19-58-45.mp4,8,0.38322949409484863,0.3582134246826172,0.625,0
2026-07-03_19-50-54.mp4,8,0.3236463963985443,0.29190319031476974,0.0,-1
2026-07-02_08-32-24.mp4,8,0.40098199248313904,0.36702897399663925,0.75,0
2026-07-14_06-39-55.mp4,8,0.35972681641578674,0.3207697160542011,0.125,-1
2026-07-02_10-36-42.mp4,8,0.3002246916294098,0.28271014988422394,0.0,-1
2026-07-11_13-47-42.mp4,8,0.349196195602417,0.3181975483894348,0.0,-1
2026-07-05_21-55-02.mp4,8,0.36262035369873047,0.322218369692564,0.25,-1
2026-07-22_07-42-37.mp4,8,0.36291709542274475,0.3261231929063797,0.25,-1
2026-07-03_07-19-22.mp4,8,0.3294000029563904,0.3076378032565117,0.0,-1
2026-07-02_22-56-56.mp4,8,0.4759499728679657,0.45637473091483116,1.0,0
2026-07-15_09-57-19.mp4,8,0.36639517545700073,0.3543371818959713,0.875,0
2026-07-07_00-14-00.mp4,8,0.3986232876777649,0.3291884735226631,0.25,-1
2026-07-05_16-29-21.mp4,8,0.40907707810401917,0.32144876196980476,0.25,-1
2026-07-06_19-13-11.mp4,8,0.3904915452003479,0.359227754175663,0.75,0
2026-07-20_15-26-24.mp4,8,0.3718308210372925,0.3414449989795685,0.125,-1
2026-07-18_21-01-40.mp4,8,0.4421212077140808,0.3999553695321083,0.875,0
2026-07-12_21-42-21.mp4,8,0.36558130383491516,0.3397420607507229,0.125,-1
2026-07-10_10-09-28.mp4,8,0.3669317960739136,0.35362670198082924,0.5,0
2026-07-04_02-21-04.mp4,8,0.3687704801559448,0.3431404009461403,0.25,-1
2026-07-11_16-58-06.mp4,8,0.3908155858516693,0.32609568908810616,0.25,-1
2026-07-03_22-43-04.mp4,8,0.3623105585575104,0.3091768454760313,0.125,-1
2026-07-06_07-06-07.mp4,8,0.37838199734687805,0.35611432790756226,0.75,0
2026-07-09_14-43-12.mp4,8,0.3795894384384155,0.3552742823958397,0.5,0
2026-07-09_20-29-15.mp4,8,0.3909027874469757,0.3464507572352886,0.25,-1
2026-07-18_15-06-44.mp4,8,0.355996310710907,0.33226948976516724,0.125,-1
2026-07-10_14-23-01.mp4,8,0.3370864689350128,0.3094560168683529,0.0,-1
2026-07-10_11-40-51.mp4,8,0.48820626735687256,0.37233051657676697,0.5,0
2026-07-02_14-27-46.mp4,8,0.3471906781196594,0.3243355341255665,0.0,-1
2026-07-11_13-43-12.mp4,8,0.3740570843219757,0.34029898792505264,0.25,-1
2026-07-20_19-59-23.mp4,8,0.34789353609085083,0.3339778333902359,0.0,-1
2026-07-03_03-53-47.mp4,8,0.3386566638946533,0.326798465102911,0.0,-1
