file,n_frames,hand_frames,adult_frames,max_ratio,mean_ratio,edge_frac,max_motion,pred,err
2026-07-13_07-21-18.mp4,12,2,2,0.33681170181241016,0.301441279571438,0.0,132.63575744628906,1,
2026-06-30_12-45-55.mp4,12,0,0,0.0,0.0,0.0,114.58934020996094,0,
2026-07-13_07-08-06.mp4,12,0,0,0.0,0.0,0.0,144.6962890625,0,
2026-07-13_07-20-06.mp4,12,0,0,0.0,0.0,0.0,156.4274139404297,0,
2026-07-13_07-22-18.mp4,12,0,0,0.0,0.0,0.0,104.00959014892578,0,
2026-07-13_07-20-55.mp4,12,0,0,0.0,0.0,0.0,44.62738800048828,0,
2026-07-23_18-01-21.mp4,12,0,0,0.0,0.0,0.0,26.975765228271484,0,
2026-07-13_07-20-18.mp4,12,0,0,0.0,0.0,0.0,72.91207122802734,0,
2026-07-07_21-16-30.mp4,12,0,0,0.0,0.0,0.0,78.96531677246094,0,
2026-07-13_07-22-30.mp4,12,0,0,0.0,0.0,0.0,79.78933715820312,0,
2026-07-11_08-45-59.mp4,12,0,0,0.0,0.0,0.0,74.31038665771484,0,
2026-07-01_12-28-27.mp4,12,0,0,0.0,0.0,0.0,94.9203109741211,0,
2026-07-13_07-21-54.mp4,12,1,1,0.2788182094808744,0.2788182094808744,0.0,125.91011047363281,1,
2026-07-04_14-34-06.mp4,12,0,0,0.0,0.0,0.0,86.68783569335938,0,
2026-07-25_20-25-34.mp4,12,0,0,0.0,0.0,0.0,98.55137634277344,0,
2026-07-15_20-24-17.mp4,12,0,0,0.0,0.0,0.0,73.54313659667969,0,
2026-07-22_01-43-28.mp4,12,0,0,0.0,0.0,0.0,99.26715850830078,0,
2026-07-14_05-54-19.mp4,12,0,0,0.0,0.0,0.0,114.28538513183594,0,
2026-07-14_05-57-19.mp4,12,0,0,0.0,0.0,0.0,76.02705383300781,0,
2026-07-13_17-25-56.mp4,12,0,0,0.0,0.0,0.0,65.6199722290039,0,
2026-07-13_07-21-42.mp4,12,1,0,0.12034865822438812,0.12034865822438812,0.0,81.7193603515625,0,
2026-07-01_06-40-17.mp4,12,0,0,0.0,0.0,0.0,62.6999397277832,0,
2026-07-05_02-19-23.mp4,12,1,1,0.29041591915031006,0.29041591915031006,0.0,87.7734375,1,
2026-07-25_18-10-35.mp4,12,3,3,0.5368037314368409,0.5317068252306741,0.0,32.86109161376953,1,
2026-07-13_07-21-06.mp4,12,0,0,0.0,0.0,0.0,32.81687927246094,0,
2026-07-02_19-49-49.mp4,12,0,0,0.0,0.0,0.0,88.09852600097656,0,
2026-07-06_15-36-48.mp4,12,0,0,0.0,0.0,0.0,53.461429595947266,0,
2026-07-14_07-21-54.mp4,12,0,0,0.0,0.0,0.0,75.04822540283203,0,
2026-07-06_15-37-12.mp4,12,0,0,0.0,0.0,0.0,45.327571868896484,0,
2026-06-30_22-30-43.mp4,12,0,0,0.0,0.0,0.0,48.55986404418945,0,
2026-07-06_00-12-24.mp4,12,1,1,0.17445172302949205,0.17445172302949205,0.0,135.32566833496094,1,
2026-07-19_00-24-38.mp4,12,1,0,0.13101317371056354,0.13101317371056354,0.0,59.68921661376953,0,
2026-07-11_01-18-28.mp4,12,0,0,0.0,0.0,0.0,61.727420806884766,0,
2026-07-10_21-55-07.mp4,12,1,1,0.30157032753596213,0.30157032753596213,1.0,36.48134231567383,1,
2026-07-16_00-57-26.mp4,12,0,0,0.0,0.0,0.0,203.28416442871094,0,
2026-06-30_16-15-56.mp4,12,0,0,0.0,0.0,0.0,81.15226745605469,0,
2026-07-13_07-43-51.mp4,12,0,0,0.0,0.0,0.0,18.947059631347656,0,
2026-07-01_11-15-59.mp4,12,1,1,0.3995820674644617,0.3995820674644617,0.0,69.97545623779297,1,
2026-07-08_17-03-47.mp4,12,0,0,0.0,0.0,0.0,103.81304931640625,0,
2026-07-04_16-56-54.mp4,12,1,1,0.18867433030215136,0.18867433030215136,0.0,37.70355224609375,1,
2026-07-07_00-15-00.mp4,12,0,0,0.0,0.0,0.0,70.01577758789062,0,
2026-07-07_08-12-55.mp4,12,0,0,0.0,0.0,0.0,75.64157104492188,0,
2026-07-13_01-42-51.mp4,12,1,1,0.2787457787348691,0.2787457787348691,1.0,74.6900405883789,1,
2026-07-22_11-06-04.mp4,12,3,3,0.5497430339521496,0.4790451994272691,0.0,61.70199203491211,1,
2026-07-08_00-07-05.mp4,12,0,0,0.0,0.0,0.0,92.09384155273438,0,
2026-07-13_07-43-39.mp4,12,0,0,0.0,0.0,0.0,42.438297271728516,0,
2026-07-01_08-19-22.mp4,12,2,2,0.700227447449857,0.6221318500002352,0.0,87.81810760498047,1,
2026-07-01_00-38-53.mp4,12,0,0,0.0,0.0,0.0,52.02708435058594,0,
2026-07-20_10-51-50.mp4,12,0,0,0.0,0.0,0.0,95.24822235107422,0,
2026-07-09_22-19-20.mp4,12,0,0,0.0,0.0,0.0,112.51483154296875,0,
2026-07-01_12-03-45.mp4,12,0,0,0.0,0.0,0.0,71.47420501708984,0,
2026-07-10_21-59-31.mp4,12,4,4,0.3925283319206204,0.2911108014853957,0.25,47.44478988647461,1,
2026-07-06_19-08-47.mp4,12,0,0,0.0,0.0,0.0,13.371109008789062,0,
2026-07-08_17-28-53.mp4,12,1,1,0.18484674107062718,0.18484674107062718,0.0,44.399417877197266,1,
2026-07-05_18-18-06.mp4,12,0,0,0.0,0.0,0.0,104.9358139038086,0,
2026-07-12_13-49-49.mp4,12,0,0,0.0,0.0,0.0,103.89972686767578,0,
2026-07-09_20-29-15.mp4,12,0,0,0.0,0.0,0.0,17.536489486694336,0,
2026-07-25_04-15-14.mp4,12,0,0,0.0,0.0,0.0,26.988664627075195,0,
2026-07-06_06-08-02.mp4,12,2,2,0.1895385224892771,0.181468377664019,0.0,66.72876739501953,1,
2026-07-01_07-02-05.mp4,12,0,0,0.0,0.0,0.0,78.20732116699219,0,
2026-07-13_07-21-30.mp4,12,3,3,0.4645219935803737,0.44256563706976926,0.0,54.125980377197266,1,
2026-07-01_11-15-35.mp4,12,1,1,0.43157641363713245,0.43157641363713245,0.0,55.33219909667969,1,
2026-07-06_02-54-58.mp4,12,0,0,0.0,0.0,0.0,131.42987060546875,0,
2026-07-20_04-55-27.mp4,12,7,7,0.45674649607507767,0.401281341932772,0.0,14.69273853302002,1,
2026-07-21_01-35-08.mp4,12,1,1,0.20423195135117808,0.20423195135117808,0.0,94.10067749023438,1,
2026-06-30_16-10-44.mp4,12,0,0,0.0,0.0,0.0,47.29132843017578,0,
2026-07-09_18-59-04.mp4,12,2,2,0.26136804831744803,0.21568815484714007,0.0,127.63734436035156,1,
2026-07-13_07-23-21.mp4,12,0,0,0.0,0.0,0.0,63.77172088623047,0,
2026-07-25_20-25-58.mp4,12,0,0,0.0,0.0,0.0,56.76354217529297,0,
2026-07-04_03-25-08.mp4,12,0,0,0.0,0.0,0.0,36.950828552246094,0,
2026-07-01_00-36-08.mp4,12,0,0,0.0,0.0,0.0,46.929901123046875,0,
2026-07-11_23-38-24.mp4,12,0,0,0.0,0.0,0.0,51.01054000854492,0,
2026-07-01_06-38-41.mp4,12,0,0,0.0,0.0,0.0,240.2863006591797,0,
2026-07-05_00-08-13.mp4,12,0,0,0.0,0.0,0.0,23.819669723510742,0,
2026-07-13_18-26-01.mp4,12,0,0,0.0,0.0,0.0,45.513755798339844,0,
2026-07-25_17-58-23.mp4,12,0,0,0.0,0.0,0.0,57.220375061035156,0,
2026-07-05_17-27-18.mp4,12,0,0,0.0,0.0,0.0,71.31256103515625,0,
2026-07-05_00-08-01.mp4,12,1,0,0.15927602728474777,0.15927602728474777,0.0,31.190380096435547,0,
2026-07-18_11-47-40.mp4,12,0,0,0.0,0.0,0.0,25.087989807128906,0,
2026-07-14_22-41-44.mp4,12,0,0,0.0,0.0,0.0,81.18997955322266,0,
2026-07-15_23-34-17.mp4,12,0,0,0.0,0.0,0.0,43.888938903808594,0,
2026-07-05_08-24-16.mp4,12,0,0,0.0,0.0,0.0,93.86737060546875,0,
2026-06-30_12-45-31.mp4,12,0,0,0.0,0.0,0.0,37.7576904296875,0,
2026-07-08_00-07-17.mp4,12,2,1,0.19773338201337828,0.15871615843722564,0.0,25.398284912109375,1,
2026-07-14_20-16-54.mp4,12,1,1,0.20301215823554208,0.20301215823554208,1.0,68.55174255371094,1,
2026-07-24_02-22-48.mp4,12,1,1,0.3113115235120575,0.3113115235120575,0.0,20.938051223754883,1,
2026-07-15_16-42-15.mp4,12,0,0,0.0,0.0,0.0,143.8535614013672,0,
2026-07-05_10-10-15.mp4,12,0,0,0.0,0.0,0.0,58.210018157958984,0,
2026-07-12_16-07-47.mp4,12,0,0,0.0,0.0,0.0,191.3056640625,0,
2026-07-13_07-22-54.mp4,12,0,0,0.0,0.0,0.0,144.50303649902344,0,
2026-07-09_20-29-03.mp4,12,0,0,0.0,0.0,0.0,14.46262264251709,0,
2026-07-09_18-50-41.mp4,12,0,0,0.0,0.0,0.0,62.6197624206543,0,
2026-07-01_12-38-18.mp4,12,0,0,0.0,0.0,0.0,91.84595489501953,0,
2026-07-18_11-47-52.mp4,12,0,0,0.0,0.0,0.0,31.148468017578125,0,
2026-07-22_22-40-16.mp4,12,3,3,0.4796112310117534,0.4694152536609833,0.0,27.377758026123047,1,
2026-07-10_05-35-55.mp4,12,3,3,0.3119493115931099,0.28073822328907394,0.0,63.18452835083008,1,
2026-07-05_17-34-12.mp4,12,0,0,0.0,0.0,0.0,31.730791091918945,0,
2026-07-07_21-30-06.mp4,12,0,0,0.0,0.0,0.0,167.21495056152344,0,
2026-07-06_15-37-00.mp4,12,0,0,0.0,0.0,0.0,23.418750762939453,0,
2026-07-10_05-19-25.mp4,12,1,1,0.3391313207347813,0.3391313207347813,0.0,89.20891571044922,1,
2026-07-11_01-18-40.mp4,12,0,0,0.0,0.0,0.0,97.88382720947266,0,
2026-07-01_09-46-06.mp4,12,2,1,0.2628505899392857,0.19675243720881175,0.0,41.28584671020508,1,
2026-07-14_22-46-08.mp4,12,0,0,0.0,0.0,0.0,83.66500854492188,0,
2026-07-11_08-46-11.mp4,12,0,0,0.0,0.0,0.0,43.41709518432617,0,
2026-07-06_23-22-05.mp4,12,0,0,0.0,0.0,0.0,29.87735939025879,0,
2026-07-19_00-25-26.mp4,12,0,0,0.0,0.0,0.0,29.7890625,0,
2026-07-20_04-27-03.mp4,12,2,2,0.4161484226335292,0.401672937661871,0.0,87.32441711425781,1,
2026-07-22_20-02-43.mp4,12,0,0,0.0,0.0,0.0,52.820865631103516,0,
2026-07-08_19-02-45.mp4,12,0,0,0.0,0.0,0.0,44.72466278076172,0,
2026-07-05_09-25-45.mp4,12,0,0,0.0,0.0,0.0,54.52196502685547,0,
2026-07-06_20-14-17.mp4,12,0,0,0.0,0.0,0.0,24.717187881469727,0,
2026-07-03_22-52-58.mp4,12,0,0,0.0,0.0,0.0,22.375551223754883,0,
2026-07-15_23-41-27.mp4,12,2,1,0.47050080639781605,0.3076754049801204,1.0,33.616146087646484,1,
2026-07-05_15-50-58.mp4,12,0,0,0.0,0.0,0.0,47.96112060546875,0,
2026-07-16_15-54-33.mp4,12,1,1,0.20829490503107817,0.20829490503107817,0.0,85.00094604492188,1,
2026-07-22_16-56-27.mp4,12,1,1,0.2448522123893571,0.2448522123893571,0.0,66.58915710449219,1,
2026-07-03_12-03-37.mp4,12,0,0,0.0,0.0,0.0,114.37279510498047,0,
2026-07-14_22-41-56.mp4,12,0,0,0.0,0.0,0.0,31.37729835510254,0,
2026-07-04_15-02-29.mp4,12,0,0,0.0,0.0,0.0,33.34788513183594,0,
2026-07-06_15-36-36.mp4,12,0,0,0.0,0.0,0.0,56.810997009277344,0,
2026-06-30_08-31-45.mp4,12,0,0,0.0,0.0,0.0,67.29044342041016,0,
2026-07-23_17-58-49.mp4,12,0,0,0.0,0.0,0.0,146.3411102294922,0,
2026-07-22_00-41-41.mp4,12,0,0,0.0,0.0,0.0,61.780086517333984,0,
2026-07-07_17-25-01.mp4,12,3,3,0.40226255045357556,0.3849478774750341,1.0,30.681371688842773,1,
2026-07-23_17-11-22.mp4,12,0,0,0.0,0.0,0.0,62.97141647338867,0,
2026-07-10_16-33-59.mp4,12,0,0,0.0,0.0,0.0,13.6243257522583,0,
2026-07-07_21-16-18.mp4,12,0,0,0.0,0.0,0.0,33.33713150024414,0,
2026-07-14_22-53-32.mp4,12,0,0,0.0,0.0,0.0,34.2787971496582,0,
2026-07-14_04-51-43.mp4,12,0,0,0.0,0.0,0.0,33.24834442138672,0,
2026-07-08_17-29-05.mp4,12,0,0,0.0,0.0,0.0,35.19145202636719,0,
2026-07-09_20-04-09.mp4,12,2,2,0.258968045081278,0.24951533327456224,0.5,25.539369583129883,1,
2026-07-05_09-26-57.mp4,12,1,1,0.4617378105082697,0.4617378105082697,0.0,87.39469909667969,1,
2026-07-14_06-18-19.mp4,12,0,0,0.0,0.0,0.0,21.964582443237305,0,
2026-07-22_22-40-28.mp4,12,5,5,0.5353604192006302,0.48698580360131116,0.0,18.70732307434082,1,
2026-07-08_19-33-56.mp4,12,1,1,0.18051661904397634,0.18051661904397634,0.0,41.19865036010742,1,
2026-07-22_22-35-46.mp4,12,0,0,0.0,0.0,0.0,32.795772552490234,0,
2026-07-01_12-08-33.mp4,12,1,1,0.2888642892649594,0.2888642892649594,0.0,30.70738410949707,1,
2026-07-09_17-43-16.mp4,12,1,1,0.3344064231474262,0.3344064231474262,1.0,58.397579193115234,1,
2026-07-23_11-00-26.mp4,12,0,0,0.0,0.0,0.0,92.757080078125,0,
2026-06-30_15-39-28.mp4,12,2,2,0.31896949921433804,0.3109278623096531,1.0,53.93572235107422,1,
2026-07-05_08-03-04.mp4,12,0,0,0.0,0.0,0.0,79.04200744628906,0,
2026-07-10_21-59-43.mp4,12,2,1,0.37347272898371425,0.2293065484294073,0.0,33.632354736328125,1,
2026-07-10_20-05-02.mp4,12,0,0,0.0,0.0,0.0,42.682044982910156,0,
2026-07-10_15-53-49.mp4,12,0,0,0.0,0.0,0.0,18.18299674987793,0,
2026-07-02_21-47-15.mp4,12,4,4,0.22106319531382024,0.2094881501382915,0.25,30.205331802368164,1,
2026-07-13_07-07-54.mp4,12,0,0,0.0,0.0,0.0,20.00153160095215,0,
2026-07-08_17-03-59.mp4,12,3,1,0.2740180147020049,0.1397235414203503,0.0,40.398929595947266,1,
2026-07-23_17-58-39.mp4,12,4,4,0.4852670217256066,0.43431860114225523,1.0,27.36847496032715,1,
2026-07-12_19-44-22.mp4,12,0,0,0.0,0.0,0.0,112.74549865722656,0,
2026-07-07_00-58-41.mp4,12,0,0,0.0,0.0,0.0,18.07953453063965,0,
2026-07-26_05-24-04.mp4,12,0,0,0.0,0.0,0.0,35.716941833496094,0,
2026-07-16_20-14-24.mp4,12,0,0,0.0,0.0,0.0,120.2607192993164,0,
2026-07-24_14-54-46.mp4,12,0,0,0.0,0.0,0.0,35.21767807006836,0,
2026-07-23_20-08-47.mp4,12,0,0,0.0,0.0,0.0,175.82518005371094,0,
2026-07-18_17-52-48.mp4,12,0,0,0.0,0.0,0.0,22.3344669342041,0,
2026-07-15_18-25-37.mp4,12,0,0,0.0,0.0,0.0,15.96430778503418,0,
2026-07-12_07-18-57.mp4,12,1,1,0.2862184034036917,0.2862184034036917,1.0,24.48602867126465,1,
2026-07-14_05-56-55.mp4,12,0,0,0.0,0.0,0.0,47.069576263427734,0,
2026-07-06_18-21-54.mp4,11,0,0,0.0,0.0,0.0,15.490471839904785,0,
2026-07-23_01-48-26.mp4,12,0,0,0.0,0.0,0.0,27.33385467529297,0,
2026-07-06_19-08-17.mp4,12,0,0,0.0,0.0,0.0,23.92745018005371,0,
2026-07-05_04-38-07.mp4,12,0,0,0.0,0.0,0.0,45.97787857055664,0,
2026-07-15_16-05-02.mp4,12,0,0,0.0,0.0,0.0,25.795894622802734,0,
2026-07-09_20-06-57.mp4,12,0,0,0.0,0.0,0.0,14.642677307128906,0,
2026-07-10_18-35-14.mp4,12,3,3,0.24765111071735346,0.21507862566968816,0.3333333333333333,80.85774993896484,1,
2026-07-05_04-56-01.mp4,12,0,0,0.0,0.0,0.0,49.0152587890625,0,
2026-07-21_15-43-23.mp4,12,0,0,0.0,0.0,0.0,22.203155517578125,0,
2026-07-01_12-05-45.mp4,12,2,0,0.160716020486906,0.15890771500592613,0.0,56.891788482666016,0,
2026-07-25_20-24-34.mp4,12,0,0,0.0,0.0,0.0,40.16412353515625,0,
2026-07-23_17-04-46.mp4,12,0,0,0.0,0.0,0.0,20.865440368652344,0,
2026-07-08_17-26-17.mp4,12,0,0,0.0,0.0,0.0,18.995281219482422,0,
2026-07-14_05-57-31.mp4,12,0,0,0.0,0.0,0.0,90.6220932006836,0,
2026-07-24_11-44-06.mp4,12,0,0,0.0,0.0,0.0,36.327850341796875,0,
2026-07-25_19-46-28.mp4,12,0,0,0.0,0.0,0.0,31.793230056762695,0,
2026-07-06_01-29-23.mp4,12,0,0,0.0,0.0,0.0,70.18710327148438,0,
2026-06-30_12-45-43.mp4,12,0,0,0.0,0.0,0.0,36.07355880737305,0,
2026-07-25_18-10-47.mp4,12,2,2,0.5873341240416013,0.5702222155926013,0.0,45.40254211425781,1,
2026-07-23_20-09-34.mp4,12,0,0,0.0,0.0,0.0,17.196935653686523,0,
2026-07-06_00-44-54.mp4,12,1,0,0.14038690777421436,0.14038690777421436,0.0,26.53131103515625,0,
2026-07-11_08-56-05.mp4,12,0,0,0.0,0.0,0.0,23.334436416625977,0,
2026-07-13_07-22-42.mp4,12,7,6,0.3514502156537125,0.20406055337187276,1.0,38.22129440307617,1,
2026-07-11_16-58-18.mp4,12,2,1,0.5412627492852566,0.3003841451233226,0.0,51.82178497314453,1,
2026-07-02_18-06-20.mp4,12,0,0,0.0,0.0,0.0,69.87156677246094,0,
2026-07-10_16-25-30.mp4,12,1,1,0.17720561110301483,0.17720561110301483,1.0,130.88885498046875,1,
2026-07-06_00-12-48.mp4,12,1,1,0.19915897027418666,0.19915897027418666,0.0,44.69902038574219,1,
2026-07-03_03-37-30.mp4,12,0,0,0.0,0.0,0.0,8.746783256530762,0,
2026-07-13_07-10-38.mp4,12,1,1,0.554590100219111,0.554590100219111,0.0,95.03783416748047,1,
2026-07-15_20-24-06.mp4,12,1,0,0.11594203088800606,0.11594203088800606,0.0,33.6331787109375,0,
2026-07-05_16-17-58.mp4,12,0,0,0.0,0.0,0.0,29.15300178527832,0,
2026-07-05_05-52-05.mp4,12,0,0,0.0,0.0,0.0,39.50370788574219,0,
2026-07-10_19-06-28.mp4,12,0,0,0.0,0.0,0.0,80.83651733398438,0,
2026-07-25_17-54-11.mp4,12,0,0,0.0,0.0,0.0,20.921966552734375,0,
2026-07-10_05-19-37.mp4,12,1,1,0.302533379270139,0.302533379270139,0.0,29.171293258666992,1,
2026-07-06_23-34-12.mp4,12,1,0,0.16950612938921192,0.16950612938921192,0.0,38.351104736328125,0,
2026-07-09_04-03-55.mp4,12,2,2,0.4376118985943352,0.4020693331806011,0.0,37.092830657958984,1,
2026-07-23_17-06-58.mp4,12,0,0,0.0,0.0,0.0,25.748743057250977,0,
2026-07-17_07-15-56.mp4,12,0,0,0.0,0.0,0.0,24.070098876953125,0,
2026-07-23_17-06-22.mp4,12,0,0,0.0,0.0,0.0,22.566543579101562,0,
2026-07-05_05-52-17.mp4,12,2,2,0.19128987188450644,0.17098274012628334,0.0,27.408700942993164,1,
2026-07-11_01-22-34.mp4,12,1,1,0.3398652168392228,0.3398652168392228,0.0,31.18192481994629,1,
2026-07-05_17-13-54.mp4,12,0,0,0.0,0.0,0.0,26.989093780517578,0,
2026-07-06_15-54-54.mp4,12,0,0,0.0,0.0,0.0,11.397027969360352,0,
2026-07-06_02-40-23.mp4,12,0,0,0.0,0.0,0.0,19.103185653686523,0,
2026-07-04_10-20-15.mp4,12,0,0,0.0,0.0,0.0,16.70554542541504,0,
2026-07-05_19-02-20.mp4,12,0,0,0.0,0.0,0.0,62.47490692138672,0,
2026-07-04_15-24-25.mp4,12,0,0,0.0,0.0,0.0,55.90327835083008,0,
2026-07-23_01-50-02.mp4,12,0,0,0.0,0.0,0.0,31.679840087890625,0,
2026-07-07_00-14-12.mp4,12,2,1,0.27329325869701854,0.20433434555991392,0.0,34.15327835083008,1,
2026-07-09_04-04-19.mp4,12,0,0,0.0,0.0,0.0,70.86856842041016,0,
2026-07-01_08-19-37.mp4,12,2,3,0.2676430031576461,0.22513215820671573,0.0,69.60533142089844,1,
2026-07-18_07-28-25.mp4,12,4,4,0.4385015358164438,0.3863433133424528,0.0,26.764766693115234,1,
2026-07-10_14-08-14.mp4,12,0,0,0.0,0.0,0.0,9.219730377197266,0,
2026-07-04_14-35-30.mp4,12,0,0,0.0,0.0,0.0,17.252758026123047,0,
2026-07-17_13-26-52.mp4,12,0,0,0.0,0.0,0.0,41.923866271972656,0,
2026-07-06_11-31-41.mp4,12,0,0,0.0,0.0,0.0,59.617340087890625,0,
2026-07-08_17-25-53.mp4,12,0,0,0.0,0.0,0.0,86.69831848144531,0,
2026-07-11_16-59-18.mp4,12,2,2,0.1790251324629807,0.17526629836295549,0.0,54.74176025390625,1,
2026-07-08_21-59-17.mp4,12,1,0,0.15775979935520135,0.15775979935520135,0.0,128.14035034179688,0,
2026-07-05_10-17-51.mp4,12,0,0,0.0,0.0,0.0,64.75747680664062,0,
2026-07-10_14-08-02.mp4,12,0,0,0.0,0.0,0.0,9.972579956054688,0,
2026-07-25_18-05-05.mp4,12,0,0,0.0,0.0,0.0,63.992679595947266,0,
2026-07-14_06-18-07.mp4,12,0,0,0.0,0.0,0.0,21.364858627319336,0,
2026-07-04_10-20-03.mp4,12,1,1,0.2691249689180122,0.2691249689180122,0.0,28.142799377441406,1,
2026-07-05_04-56-25.mp4,12,0,0,0.0,0.0,0.0,42.45419692993164,0,
2026-07-15_23-41-15.mp4,12,0,0,0.0,0.0,0.0,16.718996047973633,0,
2026-07-18_11-45-04.mp4,12,0,0,0.0,0.0,0.0,16.104074478149414,0,
2026-07-01_21-14-25.mp4,12,1,0,0.10367418770898647,0.10367418770898647,0.0,62.94500732421875,0,
2026-07-01_23-33-15.mp4,12,0,0,0.0,0.0,0.0,52.376041412353516,0,
2026-07-05_16-57-48.mp4,12,0,0,0.0,0.0,0.0,33.396690368652344,0,
2026-07-15_04-22-34.mp4,12,0,0,0.0,0.0,0.0,12.346721649169922,0,
2026-07-15_23-40-51.mp4,12,1,0,0.08346918815024712,0.08346918815024712,0.0,25.770986557006836,0,
2026-07-20_00-48-41.mp4,12,0,0,0.0,0.0,0.0,76.87895202636719,0,
2026-07-13_07-08-18.mp4,12,0,0,0.0,0.0,0.0,181.16761779785156,0,
2026-07-10_14-17-25.mp4,12,0,0,0.0,0.0,0.0,10.267861366271973,0,
2026-07-05_04-29-01.mp4,12,0,0,0.0,0.0,0.0,36.467647552490234,0,
2026-07-06_16-25-11.mp4,12,0,0,0.0,0.0,0.0,64.37034606933594,0,
2026-07-01_00-37-40.mp4,12,2,1,0.23948878537463628,0.17078075614243232,1.0,38.54138946533203,1,
2026-07-04_05-53-26.mp4,12,0,0,0.0,0.0,0.0,47.80168533325195,0,
2026-07-22_20-02-55.mp4,12,0,0,0.0,0.0,0.0,68.20429229736328,0,
2026-07-06_02-40-35.mp4,12,1,1,0.24643209924528459,0.24643209924528459,0.0,29.112194061279297,1,
2026-07-13_18-26-13.mp4,12,6,5,0.3887995338900849,0.26486695571991997,0.0,23.98106575012207,1,
2026-07-22_22-43-40.mp4,12,0,0,0.0,0.0,0.0,23.902542114257812,0,
2026-07-25_23-52-14.mp4,12,0,0,0.0,0.0,0.0,45.25940704345703,0,
2026-07-13_07-20-30.mp4,12,0,0,0.0,0.0,0.0,166.0995330810547,0,
2026-07-16_10-22-15.mp4,12,0,0,0.0,0.0,0.0,14.071844100952148,0,
2026-07-23_17-09-22.mp4,12,0,0,0.0,0.0,0.0,14.757843017578125,0,
2026-07-23_16-30-29.mp4,12,0,0,0.0,0.0,0.0,21.750490188598633,0,
2026-07-05_21-49-08.mp4,12,0,0,0.0,0.0,0.0,24.429258346557617,0,
2026-07-01_16-36-09.mp4,12,1,1,0.27913614634359873,0.27913614634359873,0.0,23.971477508544922,1,
2026-07-23_17-06-34.mp4,12,0,0,0.0,0.0,0.0,20.464061737060547,0,
2026-07-10_17-20-21.mp4,12,2,2,0.21224245641942957,0.20950815189040892,0.0,26.99390411376953,1,
2026-07-11_08-21-51.mp4,12,0,0,0.0,0.0,0.0,21.83275032043457,0,
2026-07-02_07-44-35.mp4,12,0,0,0.0,0.0,0.0,8.404779434204102,0,
2026-07-05_08-24-40.mp4,12,1,1,0.42085550497811003,0.42085550497811003,1.0,33.4293212890625,1,
2026-07-13_17-13-56.mp4,12,0,0,0.0,0.0,0.0,177.61093139648438,0,
2026-07-12_17-20-00.mp4,12,0,0,0.0,0.0,0.0,51.45716857910156,0,
2026-07-01_12-05-57.mp4,12,3,3,0.20379383511563387,0.19300100769515474,0.0,47.94751739501953,1,
2026-07-08_17-04-11.mp4,12,1,1,0.2613427891680805,0.2613427891680805,0.0,28.47135353088379,1,
2026-07-17_16-45-40.mp4,12,0,0,0.0,0.0,0.0,151.85980224609375,0,
2026-07-13_14-18-29.mp4,12,5,3,0.25353787613272777,0.17491633330965925,0.0,34.40171432495117,1,
2026-07-15_04-27-10.mp4,12,0,0,0.0,0.0,0.0,34.46446228027344,0,
2026-07-26_03-25-29.mp4,12,0,0,0.0,0.0,0.0,26.200275421142578,0,
2026-07-09_17-25-34.mp4,12,0,0,0.0,0.0,0.0,22.398223876953125,0,
2026-07-25_09-13-53.mp4,12,0,0,0.0,0.0,0.0,46.40827178955078,0,
2026-07-01_09-35-30.mp4,12,1,1,0.42215184274634693,0.42215184274634693,0.0,85.92681121826172,1,
2026-07-01_07-02-17.mp4,12,0,0,0.0,0.0,0.0,18.828798294067383,0,
2026-07-11_08-55-53.mp4,12,0,0,0.0,0.0,0.0,21.624969482421875,0,
2026-07-18_11-45-16.mp4,12,0,0,0.0,0.0,0.0,26.140226364135742,0,
2026-07-10_21-58-07.mp4,12,0,0,0.0,0.0,0.0,26.79947853088379,0,
2026-07-04_09-27-28.mp4,12,0,0,0.0,0.0,0.0,8.990287780761719,0,
2026-06-30_13-02-19.mp4,12,0,0,0.0,0.0,0.0,72.66580963134766,0,
2026-07-02_00-32-19.mp4,12,0,0,0.0,0.0,0.0,57.66274642944336,0,
2026-07-01_08-19-10.mp4,12,0,0,0.0,0.0,0.0,50.20318603515625,0,
2026-07-05_15-25-22.mp4,12,0,0,0.0,0.0,0.0,17.497028350830078,0,
2026-07-04_07-11-53.mp4,12,0,0,0.0,0.0,0.0,40.24534225463867,0,
2026-07-07_11-25-41.mp4,12,0,0,0.0,0.0,0.0,12.533241271972656,0,
2026-07-19_00-24-14.mp4,12,2,1,0.2276117223913137,0.19849175382669831,0.0,16.065502166748047,1,
2026-07-23_12-32-19.mp4,12,0,0,0.0,0.0,0.0,22.564184188842773,0,
2026-07-15_23-39-03.mp4,12,1,0,0.16228768110237102,0.16228768110237102,0.0,25.29457664489746,0,
2026-07-11_15-50-16.mp4,12,1,0,0.12294944302974604,0.12294944302974604,0.0,29.81173324584961,0,
2026-07-19_12-37-47.mp4,12,0,0,0.0,0.0,0.0,197.3954315185547,0,
2026-07-23_19-23-06.mp4,12,2,0,0.1558902107919486,0.15412690782796062,0.0,65.57251739501953,0,
2026-07-23_20-49-15.mp4,12,0,0,0.0,0.0,0.0,28.466176986694336,0,
2026-07-01_12-08-45.mp4,12,3,3,0.6876735941010531,0.5401229039062292,0.0,85.90998840332031,1,
2026-07-06_19-08-59.mp4,12,0,0,0.0,0.0,0.0,15.416574478149414,0,
2026-07-23_16-31-41.mp4,12,0,0,0.0,0.0,0.0,19.342187881469727,0,
2026-07-12_22-04-13.mp4,12,0,0,0.0,0.0,0.0,35.008792877197266,0,
2026-07-15_23-40-15.mp4,12,0,0,0.0,0.0,0.0,28.24898910522461,0,
2026-06-30_14-53-15.mp4,12,0,0,0.0,0.0,0.0,18.468198776245117,0,
2026-07-11_22-54-11.mp4,12,0,0,0.0,0.0,0.0,61.41179656982422,0,
2026-07-09_20-04-21.mp4,12,2,2,0.24939654081393148,0.22027242696037685,0.0,21.462316513061523,1,
2026-07-25_19-39-22.mp4,12,0,0,0.0,0.0,0.0,49.78691864013672,0,
2026-07-25_17-58-35.mp4,12,0,0,0.0,0.0,0.0,28.827144622802734,0,
2026-07-13_14-18-41.mp4,12,3,3,0.3522624013943775,0.27806503515222075,0.0,23.908700942993164,1,
2026-07-23_17-04-34.mp4,12,0,0,0.0,0.0,0.0,12.486090660095215,0,
2026-07-01_12-28-39.mp4,12,3,2,0.1852847334937008,0.17079426385277555,0.0,15.313358306884766,1,
2026-07-22_22-36-10.mp4,12,0,0,0.0,0.0,0.0,35.54145050048828,0,
2026-07-04_09-54-22.mp4,12,0,0,0.0,0.0,0.0,30.08002471923828,0,
2026-07-23_17-05-10.mp4,12,0,0,0.0,0.0,0.0,25.437286376953125,0,
2026-07-24_04-33-41.mp4,12,0,0,0.0,0.0,0.0,20.8828125,0,
2026-07-09_22-15-14.mp4,12,0,0,0.0,0.0,0.0,23.87233543395996,0,
2026-07-10_14-09-38.mp4,12,0,0,0.0,0.0,0.0,9.322181701660156,0,
2026-07-05_19-52-23.mp4,12,0,0,0.0,0.0,0.0,36.53780746459961,0,
2026-07-24_09-01-26.mp4,12,0,0,0.0,0.0,0.0,48.98909378051758,0,
2026-07-15_19-30-24.mp4,12,0,0,0.0,0.0,0.0,85.46268463134766,0,
2026-07-09_21-29-38.mp4,12,1,0,0.12493359538018887,0.12493359538018887,0.0,25.55698585510254,0,
2026-07-05_04-52-49.mp4,12,0,0,0.0,0.0,0.0,31.70845603942871,0,
2026-07-15_23-41-03.mp4,12,2,0,0.11973676002001238,0.1012442181515189,0.0,23.12506103515625,0,
2026-07-16_07-56-34.mp4,12,0,0,0.0,0.0,0.0,28.60027503967285,0,
2026-07-10_17-03-04.mp4,12,0,0,0.0,0.0,0.0,148.3721466064453,0,
2026-07-10_22-14-54.mp4,12,1,1,0.3093212287715116,0.3093212287715116,0.0,133.0983123779297,1,
2026-07-17_13-26-40.mp4,12,0,0,0.0,0.0,0.0,14.59194278717041,0,
2026-07-15_23-39-15.mp4,12,1,0,0.12782913763130183,0.12782913763130183,0.0,24.9389705657959,0,
2026-07-15_20-23-53.mp4,12,0,0,0.0,0.0,0.0,22.253217697143555,0,
2026-07-17_16-46-18.mp4,12,0,0,0.0,0.0,0.0,47.45165252685547,0,
2026-07-12_18-06-26.mp4,12,0,0,0.0,0.0,0.0,46.06387710571289,0,
2026-07-20_04-55-39.mp4,12,2,2,0.4087076577919173,0.3993646216717276,0.0,16.1627140045166,1,
2026-06-30_15-41-40.mp4,12,7,7,0.3273206315055011,0.268832648344746,0.7142857142857143,35.21342086791992,1,
2026-07-17_02-48-29.mp4,12,0,0,0.0,0.0,0.0,20.828676223754883,0,
2026-07-17_13-17-10.mp4,12,0,0,0.0,0.0,0.0,13.283731460571289,0,
2026-07-08_14-54-00.mp4,12,1,1,0.23998979847938112,0.23998979847938112,1.0,34.73324203491211,1,
2026-07-05_04-19-56.mp4,12,0,0,0.0,0.0,0.0,27.8123779296875,0,
2026-07-09_04-02-19.mp4,12,0,0,0.0,0.0,0.0,59.45698547363281,0,
2026-07-05_04-57-31.mp4,12,0,0,0.0,0.0,0.0,60.372886657714844,0,
2026-06-30_22-11-51.mp4,12,0,0,0.0,0.0,0.0,152.55645751953125,0,
2026-07-26_04-40-17.mp4,12,0,0,0.0,0.0,0.0,44.327388763427734,0,
2026-07-16_02-32-08.mp4,12,0,0,0.0,0.0,0.0,24.768136978149414,0,
2026-07-04_15-02-17.mp4,12,0,0,0.0,0.0,0.0,35.32423400878906,0,
2026-07-12_06-41-45.mp4,12,0,0,0.0,0.0,0.0,57.594024658203125,0,
2026-06-30_07-55-21.mp4,12,0,0,0.0,0.0,0.0,107.46727752685547,0,
2026-07-05_08-24-04.mp4,12,0,0,0.0,0.0,0.0,99.00138092041016,0,
2026-07-19_18-40-33.mp4,12,0,0,0.0,0.0,0.0,71.11648559570312,0,
2026-07-05_20-03-40.mp4,12,0,0,0.0,0.0,0.0,21.29007339477539,0,
2026-07-13_02-09-27.mp4,12,0,0,0.0,0.0,0.0,58.44702911376953,0,
2026-07-06_16-24-59.mp4,12,0,0,0.0,0.0,0.0,56.4346809387207,0,
2026-07-09_17-21-46.mp4,12,0,0,0.0,0.0,0.0,50.31853485107422,0,
2026-07-25_18-04-53.mp4,12,0,0,0.0,0.0,0.0,39.634559631347656,0,
2026-07-25_03-51-44.mp4,12,3,1,0.32968277388181993,0.18165174467472114,0.0,21.234743118286133,1,
2026-07-02_21-44-45.mp4,12,1,1,0.3361434252649632,0.3361434252649632,0.0,55.59724426269531,1,
2026-07-03_15-52-29.mp4,12,0,0,0.0,0.0,0.0,21.459314346313477,0,
2026-07-13_07-11-38.mp4,12,0,0,0.0,0.0,0.0,96.72420501708984,0,
2026-07-17_13-26-04.mp4,12,0,0,0.0,0.0,0.0,18.43388557434082,0,
2026-07-06_11-09-11.mp4,12,0,0,0.0,0.0,0.0,89.24942016601562,0,
2026-07-12_01-16-13.mp4,12,0,0,0.0,0.0,0.0,15.746445655822754,0,
2026-07-19_22-41-43.mp4,12,0,0,0.0,0.0,0.0,14.73606014251709,0,
2026-06-30_18-30-25.mp4,12,2,2,0.18530254686062397,0.18202810766661012,0.0,61.578739166259766,1,
2026-07-10_16-27-25.mp4,12,0,0,0.0,0.0,0.0,109.75450134277344,0,
2026-07-21_13-04-06.mp4,12,0,0,0.0,0.0,0.0,56.9245719909668,0,
2026-07-25_17-45-05.mp4,12,0,0,0.0,0.0,0.0,44.94184875488281,0,
2026-07-11_01-16-17.mp4,12,0,0,0.0,0.0,0.0,17.291635513305664,0,
2026-07-23_20-08-35.mp4,12,0,0,0.0,0.0,0.0,45.67671585083008,0,
2026-07-01_12-08-09.mp4,12,2,2,0.21117898602539703,0.1770582477943138,0.0,15.870894432067871,1,
2026-07-15_18-56-24.mp4,12,0,0,0.0,0.0,0.0,67.03299713134766,0,
2026-07-07_02-07-58.mp4,12,0,0,0.0,0.0,0.0,27.29788589477539,0,
2026-07-17_05-00-16.mp4,12,0,0,0.0,0.0,0.0,25.91063117980957,0,
2026-07-10_14-17-13.mp4,12,0,0,0.0,0.0,0.0,10.270587921142578,0,
2026-07-25_18-10-59.mp4,12,0,0,0.0,0.0,0.0,40.2553596496582,0,
2026-07-08_00-53-53.mp4,12,0,0,0.0,0.0,0.0,28.97981071472168,0,
2026-07-03_06-38-35.mp4,12,0,0,0.0,0.0,0.0,28.899539947509766,0,
2026-07-15_08-06-44.mp4,12,0,0,0.0,0.0,0.0,16.54681396484375,0,
2026-07-05_05-56-17.mp4,12,0,0,0.0,0.0,0.0,20.8030948638916,0,
2026-07-25_04-53-07.mp4,12,0,0,0.0,0.0,0.0,30.677236557006836,0,
2026-07-09_21-35-32.mp4,12,0,0,0.0,0.0,0.0,16.254688262939453,0,
2026-07-26_08-11-22.mp4,12,0,0,0.0,0.0,0.0,43.344425201416016,0,
2026-07-17_13-02-23.mp4,12,0,0,0.0,0.0,0.0,12.901593208312988,0,
2026-07-01_21-04-28.mp4,12,0,0,0.0,0.0,0.0,43.054351806640625,0,
2026-07-22_04-05-39.mp4,12,0,0,0.0,0.0,0.0,21.58351707458496,0,
2026-07-24_10-51-49.mp4,12,0,0,0.0,0.0,0.0,21.018779754638672,0,
2026-07-24_02-50-18.mp4,12,0,0,0.0,0.0,0.0,16.542280197143555,0,
2026-07-04_16-57-06.mp4,12,0,0,0.0,0.0,0.0,64.25367736816406,0,
2026-07-10_14-09-14.mp4,12,0,0,0.0,0.0,0.0,7.5820159912109375,0,
2026-07-14_04-55-13.mp4,12,0,0,0.0,0.0,0.0,22.08002471923828,0,
2026-07-09_17-18-52.mp4,12,0,0,0.0,0.0,0.0,55.81409454345703,0,
2026-07-04_12-47-15.mp4,12,0,0,0.0,0.0,0.0,37.29408645629883,0,
2026-07-04_14-48-12.mp4,12,2,0,0.16845048758352338,0.16001689023145932,0.0,39.89567947387695,0,
2026-07-25_10-50-40.mp4,12,0,0,0.0,0.0,0.0,39.3412971496582,0,
2026-07-05_05-26-33.mp4,12,0,0,0.0,0.0,0.0,33.67879867553711,0,
2026-07-20_08-12-04.mp4,12,0,0,0.0,0.0,0.0,39.84748840332031,0,
2026-07-19_00-24-50.mp4,12,1,1,0.19043462252901577,0.19043462252901577,1.0,19.765348434448242,1,
2026-07-23_16-56-22.mp4,12,3,3,0.419837566309913,0.3645855559689339,1.0,42.391300201416016,1,
2026-07-15_18-25-49.mp4,12,0,0,0.0,0.0,0.0,18.06066131591797,0,
2026-07-23_17-02-34.mp4,12,0,0,0.0,0.0,0.0,26.945955276489258,0,
2026-07-04_05-35-46.mp4,12,0,0,0.0,0.0,0.0,40.587345123291016,0,
2026-07-23_18-01-33.mp4,12,0,0,0.0,0.0,0.0,20.218442916870117,0,
2026-07-05_19-56-59.mp4,12,1,0,0.10431400817348603,0.10431400817348603,0.0,23.90719985961914,0,
2026-07-10_02-10-09.mp4,12,0,0,0.0,0.0,0.0,19.750551223754883,0,
2026-07-22_23-16-03.mp4,12,3,4,0.34892585217101973,0.2646014366820063,0.0,24.971967697143555,1,
2026-07-13_20-39-06.mp4,12,0,0,0.0,0.0,0.0,45.84316635131836,0,
2026-07-14_05-45-44.mp4,12,0,0,0.0,0.0,0.0,119.41372680664062,0,
2026-07-03_23-01-04.mp4,12,0,0,0.0,0.0,0.0,44.95021438598633,0,
2026-07-01_18-00-47.mp4,12,0,0,0.0,0.0,0.0,70.0084228515625,0,
2026-07-01_12-03-21.mp4,12,1,1,0.26626217143946823,0.26626217143946823,0.0,58.085601806640625,1,
2026-07-25_22-57-14.mp4,12,0,0,0.0,0.0,0.0,46.73189163208008,0,
2026-07-13_18-26-25.mp4,12,1,1,0.29523230050282995,0.29523230050282995,0.0,20.82889175415039,1,
2026-07-07_22-35-30.mp4,12,1,0,0.16271909295860568,0.16271909295860568,0.0,60.40336990356445,0,
2026-07-18_17-52-36.mp4,12,0,0,0.0,0.0,0.0,12.833915710449219,0,
2026-07-25_08-34-17.mp4,12,0,0,0.0,0.0,0.0,69.86651611328125,0,
2026-07-23_17-08-34.mp4,12,0,0,0.0,0.0,0.0,17.9388484954834,0,
2026-07-06_19-08-35.mp4,12,0,0,0.0,0.0,0.0,22.315196990966797,0,
2026-07-26_00-14-01.mp4,12,0,0,0.0,0.0,0.0,60.054351806640625,0,
2026-07-08_00-07-29.mp4,12,0,0,0.0,0.0,0.0,45.02052688598633,0,
2026-07-22_23-22-15.mp4,12,0,0,0.0,0.0,0.0,26.478675842285156,0,
2026-07-24_03-45-41.mp4,12,0,0,0.0,0.0,0.0,32.44025802612305,0,
2026-07-08_17-02-59.mp4,12,0,0,0.0,0.0,0.0,25.451133728027344,0,
2026-07-05_13-30-01.mp4,12,0,0,0.0,0.0,0.0,28.245588302612305,0,
2026-07-24_19-30-31.mp4,12,0,0,0.0,0.0,0.0,42.31470489501953,0,
2026-07-22_22-34-58.mp4,12,0,0,0.0,0.0,0.0,23.952482223510742,0,
2026-07-24_07-29-45.mp4,12,0,0,0.0,0.0,0.0,19.984222412109375,0,
2026-07-16_02-32-20.mp4,12,0,0,0.0,0.0,0.0,30.933916091918945,0,
2026-07-24_09-47-31.mp4,12,0,0,0.0,0.0,0.0,26.799663543701172,0,
2026-07-14_06-17-55.mp4,12,0,0,0.0,0.0,0.0,34.46265411376953,0,
2026-07-05_18-19-48.mp4,12,3,3,0.2553669713996053,0.23035209522383346,0.6666666666666666,116.0753402709961,1,
2026-07-18_10-02-23.mp4,12,0,0,0.0,0.0,0.0,37.741851806640625,0,
2026-07-15_17-44-49.mp4,12,0,0,0.0,0.0,0.0,13.282475471496582,0,
2026-07-15_21-43-38.mp4,12,1,1,0.23092195498214552,0.23092195498214552,1.0,17.878461837768555,1,
2026-07-22_00-27-53.mp4,12,0,0,0.0,0.0,0.0,69.26617431640625,0,
2026-07-23_17-11-10.mp4,12,0,0,0.0,0.0,0.0,82.30352020263672,0,
2026-07-12_17-19-36.mp4,12,2,1,0.35175111357691524,0.2597369016636523,1.0,42.79865264892578,1,
2026-07-01_18-00-23.mp4,12,0,0,0.0,0.0,0.0,21.182811737060547,0,
2026-07-11_18-51-03.mp4,12,0,0,0.0,0.0,0.0,16.7969970703125,0,
2026-07-17_13-25-04.mp4,12,0,0,0.0,0.0,0.0,10.945588111877441,0,
2026-07-12_02-06-12.mp4,12,0,0,0.0,0.0,0.0,17.22472381591797,0,
2026-07-10_14-17-37.mp4,12,0,0,0.0,0.0,0.0,9.352910995483398,0,
2026-07-05_04-54-49.mp4,12,0,0,0.0,0.0,0.0,38.97827911376953,0,
2026-07-22_15-18-37.mp4,12,0,0,0.0,0.0,0.0,75.82263946533203,0,
2026-06-30_12-46-07.mp4,12,1,1,0.28639885151147587,0.28639885151147587,0.0,36.718257904052734,1,
2026-07-15_15-02-20.mp4,12,0,0,0.0,0.0,0.0,205.93199157714844,0,
2026-07-13_13-35-11.mp4,12,0,0,0.0,0.0,0.0,28.935815811157227,0,
2026-07-23_17-58-18.mp4,12,1,1,0.24823774212987615,0.24823774212987615,0.0,52.45370864868164,1,
2026-07-17_13-16-58.mp4,12,1,0,0.10075554144262086,0.10075554144262086,0.0,10.744791984558105,0,
2026-07-16_15-54-21.mp4,12,2,2,0.2290674921452799,0.21996105696289395,1.0,59.88630676269531,1,
2026-07-09_20-07-09.mp4,12,0,0,0.0,0.0,0.0,10.794577598571777,0,
2026-07-03_10-56-44.mp4,12,0,0,0.0,0.0,0.0,142.09010314941406,0,
2026-07-11_22-51-01.mp4,12,0,0,0.0,0.0,0.0,154.8069610595703,0,
2026-07-05_10-30-19.mp4,12,0,0,0.0,0.0,0.0,18.763357162475586,0,
2026-07-09_20-05-09.mp4,12,0,0,0.0,0.0,0.0,92.18014526367188,0,
2026-07-01_18-00-59.mp4,12,0,0,0.0,0.0,0.0,70.60202026367188,0,
2026-07-19_03-59-48.mp4,12,0,0,0.0,0.0,0.0,55.45698547363281,0,
2026-07-13_01-43-27.mp4,12,0,0,0.0,0.0,0.0,25.298315048217773,0,
2026-07-01_12-03-57.mp4,12,0,0,0.0,0.0,0.0,22.43109703063965,0,
2026-07-21_08-33-09.mp4,12,0,0,0.0,0.0,0.0,16.750673294067383,0,
2026-07-26_02-40-00.mp4,12,0,0,0.0,0.0,0.0,20.391483306884766,0,
2026-07-22_22-43-52.mp4,12,0,0,0.0,0.0,0.0,28.60511589050293,0,
2026-07-20_04-27-39.mp4,12,1,1,0.3577355150289119,0.3577355150289119,0.0,10.247763633728027,0,
2026-07-25_20-24-58.mp4,12,0,0,0.0,0.0,0.0,23.836183547973633,0,
2026-07-11_22-46-02.mp4,12,0,0,0.0,0.0,0.0,126.89969635009766,0,
2026-07-05_05-56-05.mp4,12,0,0,0.0,0.0,0.0,48.44387435913086,0,
2026-07-01_00-37-04.mp4,12,0,0,0.0,0.0,0.0,54.546539306640625,0,
2026-07-02_07-12-32.mp4,12,0,0,0.0,0.0,0.0,9.922794342041016,0,
2026-07-08_00-54-17.mp4,12,0,0,0.0,0.0,0.0,115.56792449951172,0,
2026-07-04_06-53-54.mp4,12,0,0,0.0,0.0,0.0,15.156648635864258,0,
2026-07-24_09-05-02.mp4,12,0,0,0.0,0.0,0.0,34.68082046508789,0,
2026-07-12_18-42-47.mp4,12,0,0,0.0,0.0,0.0,24.176225662231445,0,
2026-07-23_16-03-35.mp4,12,1,1,0.22435175420463985,0.22435175420463985,0.0,21.666696548461914,1,
2026-07-23_17-07-22.mp4,12,0,0,0.0,0.0,0.0,14.710538864135742,0,
2026-07-16_22-12-50.mp4,12,0,0,0.0,0.0,0.0,23.071353912353516,0,
2026-07-05_18-29-24.mp4,12,0,0,0.0,0.0,0.0,19.191728591918945,0,
2026-07-05_09-25-57.mp4,12,0,0,0.0,0.0,0.0,23.045005798339844,0,
2026-07-08_23-16-22.mp4,12,0,0,0.0,0.0,0.0,25.62156867980957,0,
2026-07-22_22-35-10.mp4,12,1,1,0.1926051091008298,0.1926051091008298,1.0,23.362194061279297,1,
2026-07-13_07-20-43.mp4,12,0,0,0.0,0.0,0.0,137.10910034179688,0,
2026-07-09_06-37-59.mp4,12,0,0,0.0,0.0,0.0,77.64237213134766,0,
2026-07-01_00-36-54.mp4,12,1,0,0.14682137713366888,0.14682137713366888,0.0,67.17919921875,0,
2026-07-25_19-45-52.mp4,12,0,0,0.0,0.0,0.0,58.15196228027344,0,
2026-07-23_16-14-53.mp4,12,0,0,0.0,0.0,0.0,23.802513122558594,0,
2026-07-23_17-10-22.mp4,12,0,0,0.0,0.0,0.0,19.702634811401367,0,
2026-07-25_20-20-58.mp4,12,0,0,0.0,0.0,0.0,9.526103019714355,0,
2026-07-09_21-35-44.mp4,12,0,0,0.0,0.0,0.0,18.788358688354492,0,
2026-07-06_14-35-30.mp4,12,0,0,0.0,0.0,0.0,24.353736877441406,0,
2026-07-23_20-10-22.mp4,12,0,0,0.0,0.0,0.0,12.301562309265137,0,
2026-07-10_21-41-55.mp4,12,0,0,0.0,0.0,0.0,14.89669132232666,0,
2026-07-23_16-02-35.mp4,12,0,0,0.0,0.0,0.0,40.63204574584961,0,
2026-07-20_19-34-35.mp4,12,0,0,0.0,0.0,0.0,23.608211517333984,0,
2026-07-05_15-34-28.mp4,12,0,0,0.0,0.0,0.0,25.538848876953125,0,
2026-07-09_06-37-35.mp4,12,2,0,0.11164216734527752,0.11002323385463678,0.0,75.4704360961914,0,
2026-07-15_18-26-01.mp4,12,0,0,0.0,0.0,0.0,27.83042335510254,0,
2026-07-05_22-26-07.mp4,12,0,0,0.0,0.0,0.0,14.680943489074707,0,
2026-07-03_17-23-01.mp4,12,1,0,0.13381527125583645,0.13381527125583645,0.0,52.66620635986328,0,
2026-07-23_16-32-41.mp4,12,0,0,0.0,0.0,0.0,14.830361366271973,0,
2026-07-25_20-24-46.mp4,12,0,0,0.0,0.0,0.0,53.20646286010742,0,
2026-07-26_00-08-19.mp4,12,1,1,0.18437637791555295,0.18437637791555295,0.0,18.225919723510742,1,
2026-07-04_19-03-48.mp4,12,0,0,0.0,0.0,0.0,26.982812881469727,0,
2026-07-10_15-12-19.mp4,12,1,0,0.13855548625689784,0.13855548625689784,0.0,13.77175235748291,0,
2026-07-01_21-49-46.mp4,12,0,0,0.0,0.0,0.0,8.084037780761719,0,
2026-07-04_14-45-48.mp4,12,0,0,0.0,0.0,0.0,32.28697967529297,0,
2026-07-21_06-46-04.mp4,12,0,0,0.0,0.0,0.0,11.997150421142578,0,
2026-07-17_13-26-16.mp4,12,0,0,0.0,0.0,0.0,12.581770896911621,0,
2026-07-23_23-21-56.mp4,12,1,0,0.1281108096410089,0.1281108096410089,0.0,21.24479103088379,0,
2026-07-08_01-40-22.mp4,12,0,0,0.0,0.0,0.0,40.37104797363281,0,
2026-07-17_03-27-11.mp4,12,1,1,0.20983515389911545,0.20983515389911545,0.0,28.001256942749023,1,
2026-07-24_07-29-21.mp4,12,1,0,0.14832482595906038,0.14832482595906038,0.0,12.46969985961914,0,
2026-07-17_11-53-53.mp4,12,1,1,0.31313999886025606,0.31313999886025606,0.0,24.043842315673828,1,
2026-07-07_06-58-01.mp4,12,0,0,0.0,0.0,0.0,14.344730377197266,0,
2026-07-09_21-23-26.mp4,12,0,0,0.0,0.0,0.0,12.380300521850586,0,
2026-07-11_18-06-23.mp4,12,0,0,0.0,0.0,0.0,164.17178344726562,0,
2026-07-09_13-21-13.mp4,12,2,2,0.29865155620862605,0.2526469114396225,0.5,24.96347999572754,1,
2026-07-11_17-47-11.mp4,12,6,6,0.5444457034744125,0.38946800350271626,0.8333333333333334,38.42962646484375,1,
2026-07-22_01-45-04.mp4,12,0,0,0.0,0.0,0.0,20.97193717956543,0,
2026-07-18_17-45-48.mp4,12,0,0,0.0,0.0,0.0,35.767799377441406,0,
2026-07-06_23-35-24.mp4,12,1,1,0.37853860239083265,0.37853860239083265,0.0,56.5181999206543,1,
2026-07-20_22-58-39.mp4,12,0,0,0.0,0.0,0.0,7.069301605224609,0,
2026-07-20_19-16-53.mp4,12,0,0,0.0,0.0,0.0,4.435110092163086,0,
2026-07-05_16-25-46.mp4,12,0,0,0.0,0.0,0.0,5.1583638191223145,0,
2026-07-07_05-49-56.mp4,12,0,0,0.0,0.0,0.0,3.569056272506714,0,
2026-07-13_16-10-51.mp4,12,0,0,0.0,0.0,0.0,3.1110293865203857,0,
2026-07-01_07-02-29.mp4,12,0,0,0.0,0.0,0.0,1.367248773574829,0,
2026-07-23_17-00-58.mp4,12,0,0,0.0,0.0,0.0,1.296599268913269,0,
2026-07-20_11-33-38.mp4,12,0,0,0.0,0.0,0.0,5.54721212387085,0,
2026-07-09_05-41-30.mp4,12,0,0,0.0,0.0,0.0,1.1714767217636108,0,
2026-07-18_11-12-04.mp4,12,0,0,0.0,0.0,0.0,14.836703300476074,0,
2026-07-07_00-38-53.mp4,12,0,0,0.0,0.0,0.0,6.424203395843506,0,
2026-07-13_22-42-47.mp4,12,1,1,0.18491951751017427,0.18491951751017427,0.0,15.034466743469238,1,
2026-07-11_02-10-16.mp4,12,0,0,0.0,0.0,0.0,5.464583396911621,0,
2026-07-22_06-52-31.mp4,12,0,0,0.0,0.0,0.0,0.24525122344493866,0,
2026-07-02_01-12-31.mp4,12,0,0,0.0,0.0,0.0,4.243014812469482,0,
2026-07-07_01-13-59.mp4,12,0,0,0.0,0.0,0.0,1.2856924533843994,0,
2026-07-01_09-36-18.mp4,12,0,0,0.0,0.0,0.0,4.740042686462402,0,
2026-07-03_15-09-05.mp4,12,0,0,0.0,0.0,0.0,2.51933217048645,0,
2026-07-02_02-33-28.mp4,12,0,0,0.0,0.0,0.0,4.767126083374023,0,
2026-07-11_22-47-35.mp4,12,0,0,0.0,0.0,0.0,6.230545520782471,0,
2026-07-18_11-16-28.mp4,12,0,0,0.0,0.0,0.0,9.31323528289795,0,
2026-07-02_22-56-32.mp4,12,0,0,0.0,0.0,0.0,2.1114890575408936,0,
2026-07-14_00-55-57.mp4,12,0,0,0.0,0.0,0.0,1.4303921461105347,0,
2026-07-22_20-12-55.mp4,12,0,0,0.0,0.0,0.0,5.087469577789307,0,
2026-07-19_01-53-07.mp4,12,0,0,0.0,0.0,0.0,0.9828125238418579,0,
2026-07-08_08-55-16.mp4,12,0,0,0.0,0.0,0.0,4.945128440856934,0,
2026-07-01_20-11-43.mp4,12,0,0,0.0,0.0,0.0,0.7608456015586853,0,
2026-07-13_13-28-06.mp4,12,0,0,0.0,0.0,0.0,4.6660847663879395,0,
2026-07-02_21-23-59.mp4,12,3,0,0.1275927805436204,0.10944652979686677,0.0,26.987071990966797,0,
2026-07-03_05-10-48.mp4,12,0,0,0.0,0.0,0.0,2.2809436321258545,0,
2026-07-16_17-08-35.mp4,12,0,0,0.0,0.0,0.0,0.16283701360225677,0,
2026-07-15_15-54-14.mp4,12,0,0,0.0,0.0,0.0,1.9824448823928833,0,
2026-07-02_03-33-16.mp4,12,0,0,0.0,0.0,0.0,3.543259859085083,0,
2026-07-07_17-25-13.mp4,12,0,0,0.0,0.0,0.0,8.344944953918457,0,
2026-07-07_17-26-25.mp4,12,0,0,0.0,0.0,0.0,1.2109375,0,
2026-07-05_03-41-04.mp4,12,0,0,0.0,0.0,0.0,3.731924057006836,0,
2026-07-07_04-58-09.mp4,12,0,0,0.0,0.0,0.0,1.3644914627075195,0,
2026-07-26_02-16-54.mp4,12,0,0,0.0,0.0,0.0,5.576899528503418,0,
2026-07-07_11-57-46.mp4,12,0,0,0.0,0.0,0.0,1.3119179010391235,0,
2026-07-04_05-29-07.mp4,12,0,0,0.0,0.0,0.0,2.735508680343628,0,
2026-07-08_14-00-07.mp4,12,0,0,0.0,0.0,0.0,5.364951133728027,0,
2026-07-25_07-33-36.mp4,12,0,0,0.0,0.0,0.0,7.777512073516846,0,
2026-07-11_17-41-36.mp4,12,0,0,0.0,0.0,0.0,10.931281089782715,0,
2026-07-10_10-27-10.mp4,12,0,0,0.0,0.0,0.0,3.7051165103912354,0,
2026-07-06_09-28-42.mp4,12,0,0,0.0,0.0,0.0,6.15315580368042,0,
2026-07-20_08-55-16.mp4,12,0,0,0.0,0.0,0.0,1.2341911792755127,0,
2026-07-17_22-29-42.mp4,12,0,0,0.0,0.0,0.0,4.533792972564697,0,
2026-07-07_13-27-03.mp4,12,0,0,0.0,0.0,0.0,3.602022171020508,0,
2026-06-30_13-02-31.mp4,12,0,0,0.0,0.0,0.0,6.643811225891113,0,
2026-07-20_09-33-09.mp4,12,0,0,0.0,0.0,0.0,27.786212921142578,0,
2026-07-04_11-20-21.mp4,12,0,0,0.0,0.0,0.0,3.3675246238708496,0,
2026-07-08_06-51-41.mp4,12,0,0,0.0,0.0,0.0,7.583639621734619,0,
2026-07-10_08-16-05.mp4,12,0,0,0.0,0.0,0.0,2.3715991973876953,0,
2026-07-06_20-46-34.mp4,12,0,0,0.0,0.0,0.0,6.305514812469482,0,
2026-06-30_15-36-52.mp4,12,0,0,0.0,0.0,0.0,14.224326133728027,0,
2026-07-05_10-14-39.mp4,12,0,0,0.0,0.0,0.0,6.576286792755127,0,
2026-07-14_07-17-30.mp4,12,2,0,0.13325139836722044,0.13021216966357269,0.0,3.4607841968536377,0,
2026-07-07_23-53-05.mp4,12,0,0,0.0,0.0,0.0,0.29267770051956177,0,
2026-07-22_07-35-07.mp4,12,0,0,0.0,0.0,0.0,1.031801462173462,0,
2026-07-23_16-24-17.mp4,12,0,0,0.0,0.0,0.0,7.32778787612915,0,
2026-07-18_04-54-56.mp4,12,0,0,0.0,0.0,0.0,4.582873821258545,0,
2026-07-22_22-42-52.mp4,12,2,2,0.22695343826990697,0.2261328120862092,0.0,9.5398588180542,0,
2026-07-06_02-55-46.mp4,12,0,0,0.0,0.0,0.0,9.029932975769043,0,
2026-07-21_08-29-45.mp4,12,0,0,0.0,0.0,0.0,6.821384906768799,0,
2026-07-12_23-08-13.mp4,12,0,0,0.0,0.0,0.0,5.248039245605469,0,
2026-07-12_18-12-13.mp4,12,0,0,0.0,0.0,0.0,3.387162923812866,0,
2026-07-04_22-23-52.mp4,12,0,0,0.0,0.0,0.0,4.931464672088623,0,
2026-07-26_04-03-41.mp4,12,0,0,0.0,0.0,0.0,1.371660590171814,0,
2026-07-01_21-40-40.mp4,12,0,0,0.0,0.0,0.0,1.2763173580169678,0,
2026-07-02_10-36-06.mp4,12,1,1,0.18483967830044792,0.18483967830044792,0.0,6.760998725891113,0,
2026-07-03_07-47-16.mp4,12,0,0,0.0,0.0,0.0,1.627052664756775,0,
2026-07-05_04-19-44.mp4,12,0,0,0.0,0.0,0.0,89.49727630615234,0,
2026-07-14_12-00-33.mp4,12,11,0,0.13048401646221178,0.12738824056643597,0.0,1.5653492212295532,0,
2026-07-14_18-03-07.mp4,12,0,0,0.0,0.0,0.0,2.147947311401367,0,
2026-07-25_17-16-48.mp4,12,0,0,0.0,0.0,0.0,0.9861825704574585,0,
2026-07-10_22-20-06.mp4,12,0,0,0.0,0.0,0.0,4.386488914489746,0,
2026-07-09_11-07-44.mp4,12,0,0,0.0,0.0,0.0,3.459712028503418,0,
2026-07-03_15-23-29.mp4,12,0,0,0.0,0.0,0.0,2.4045956134796143,0,
2026-07-07_11-20-53.mp4,12,0,0,0.0,0.0,0.0,2.6024510860443115,0,
2026-07-18_07-24-25.mp4,12,0,0,0.0,0.0,0.0,6.825857639312744,0,
2026-07-19_17-59-03.mp4,12,0,0,0.0,0.0,0.0,7.210263252258301,0,
2026-07-15_07-44-38.mp4,12,0,0,0.0,0.0,0.0,4.064920425415039,0,
2026-07-13_11-14-31.mp4,12,0,0,0.0,0.0,0.0,5.967739105224609,0,
2026-07-20_11-36-38.mp4,12,0,0,0.0,0.0,0.0,25.742525100708008,0,
2026-07-03_13-03-43.mp4,12,0,0,0.0,0.0,0.0,4.309957027435303,0,
2026-07-09_19-56-33.mp4,12,0,0,0.0,0.0,0.0,2.1350796222686768,0,
2026-07-09_20-03-57.mp4,12,0,0,0.0,0.0,0.0,14.254717826843262,0,
2026-07-19_17-41-34.mp4,12,0,0,0.0,0.0,0.0,1.3871630430221558,0,
2026-07-12_11-59-54.mp4,12,0,0,0.0,0.0,0.0,2.618382453918457,0,
2026-07-22_07-50-13.mp4,12,0,0,0.0,0.0,0.0,0.2479473054409027,0,
2026-07-05_11-12-03.mp4,12,0,0,0.0,0.0,0.0,1.1549326181411743,0,
2026-07-25_11-31-21.mp4,12,0,0,0.0,0.0,0.0,1.2763786315917969,0,
2026-07-03_11-19-08.mp4,12,0,0,0.0,0.0,0.0,6.596292972564697,0,
2026-07-20_09-18-09.mp4,12,0,0,0.0,0.0,0.0,3.7796874046325684,0,
2026-07-07_05-42-38.mp4,12,0,0,0.0,0.0,0.0,3.9815256595611572,0,
2026-07-25_23-41-44.mp4,12,0,0,0.0,0.0,0.0,0.4069240093231201,0,
2026-07-07_04-40-03.mp4,12,0,0,0.0,0.0,0.0,4.1151347160339355,0,
2026-07-03_05-59-59.mp4,12,0,0,0.0,0.0,0.0,2.587653160095215,0,
2026-07-23_12-34-19.mp4,12,2,0,0.16115843832542914,0.16017108032392996,0.0,2.0231924057006836,0,
2026-07-09_14-34-36.mp4,12,0,0,0.0,0.0,0.0,1.329626202583313,0,
2026-07-05_16-32-39.mp4,12,0,0,0.0,0.0,0.0,3.2257046699523926,0,
2026-06-30_14-24-25.mp4,12,0,0,0.0,0.0,0.0,44.0579948425293,0,
2026-07-05_07-59-58.mp4,12,0,0,0.0,0.0,0.0,2.906954765319824,0,
2026-07-05_11-31-15.mp4,12,0,0,0.0,0.0,0.0,0.8061580657958984,0,
2026-07-03_03-44-36.mp4,12,0,0,0.0,0.0,0.0,2.7310967445373535,0,
2026-07-05_11-20-27.mp4,12,0,0,0.0,0.0,0.0,1.3899816274642944,0,
2026-07-25_01-30-33.mp4,12,0,0,0.0,0.0,0.0,7.930055141448975,0,
2026-07-18_07-27-37.mp4,12,0,0,0.0,0.0,0.0,5.18305778503418,0,
2026-07-01_21-52-28.mp4,12,0,0,0.0,0.0,0.0,3.8183517456054688,0,
2026-07-10_15-58-36.mp4,12,0,0,0.0,0.0,0.0,1.8750306367874146,0,
2026-07-08_21-46-17.mp4,12,0,0,0.0,0.0,0.0,6.49185037612915,0,
2026-07-05_04-34-01.mp4,12,0,0,0.0,0.0,0.0,5.932904243469238,0,
2026-07-22_01-46-16.mp4,12,0,0,0.0,0.0,0.0,1.5855698585510254,0,
2026-07-07_09-26-24.mp4,12,0,0,0.0,0.0,0.0,3.4227635860443115,0,
2026-07-05_16-29-21.mp4,12,0,0,0.0,0.0,0.0,3.3577206134796143,0,
2026-07-21_10-05-14.mp4,12,0,0,0.0,0.0,0.0,2.497089385986328,0,
2026-06-30_16-26-44.mp4,12,0,0,0.0,0.0,0.0,17.65067481994629,0,
2026-07-14_18-59-55.mp4,12,0,0,0.0,0.0,0.0,0.935998797416687,0,
2026-07-01_07-09-17.mp4,12,0,0,0.0,0.0,0.0,2.078032970428467,0,
2026-07-21_01-35-56.mp4,12,0,0,0.0,0.0,0.0,1.3764092922210693,0,
2026-07-04_07-13-41.mp4,12,0,0,0.0,0.0,0.0,4.745955944061279,0,
2026-07-14_14-17-26.mp4,12,0,0,0.0,0.0,0.0,1.5475183725357056,0,
2026-07-02_14-08-52.mp4,12,0,0,0.0,0.0,0.0,6.346139907836914,0,
2026-07-08_02-12-04.mp4,12,0,0,0.0,0.0,0.0,1.7216298580169678,0,
2026-07-15_08-57-37.mp4,12,0,0,0.0,0.0,0.0,2.6151654720306396,0,
2026-07-25_19-39-58.mp4,12,0,0,0.0,0.0,0.0,7.015747547149658,0,
2026-07-01_18-02-35.mp4,12,0,0,0.0,0.0,0.0,1.7435661554336548,0,
2026-07-02_07-48-35.mp4,12,0,0,0.0,0.0,0.0,3.486243963241577,0,
2026-07-04_23-19-45.mp4,12,0,0,0.0,0.0,0.0,7.682445049285889,0,
2026-07-22_10-55-34.mp4,12,0,0,0.0,0.0,0.0,2.3333640098571777,0,
2026-07-25_09-08-41.mp4,12,0,0,0.0,0.0,0.0,7.19396448135376,0,
2026-07-22_10-56-52.mp4,12,0,0,0.0,0.0,0.0,4.54344367980957,0,
2026-07-20_18-57-17.mp4,12,0,0,0.0,0.0,0.0,5.3704962730407715,0,
2026-07-14_16-31-48.mp4,12,0,0,0.0,0.0,0.0,3.1944851875305176,0,
2026-07-01_07-01-53.mp4,12,0,0,0.0,0.0,0.0,1.457873821258545,0,
2026-06-30_13-08-55.mp4,12,0,0,0.0,0.0,0.0,2.2357842922210693,0,
2026-07-01_01-30-17.mp4,12,0,0,0.0,0.0,0.0,1.9587929248809814,0,
2026-07-16_21-37-02.mp4,12,0,0,0.0,0.0,0.0,1.2778186798095703,0,
2026-07-12_20-45-27.mp4,12,0,0,0.0,0.0,0.0,6.373774528503418,0,
2026-07-03_20-05-12.mp4,12,0,0,0.0,0.0,0.0,9.284987449645996,0,
2026-07-06_18-11-48.mp4,12,0,0,0.0,0.0,0.0,4.798192501068115,0,
2026-07-01_18-34-56.mp4,12,0,0,0.0,0.0,0.0,3.558762311935425,0,
2026-07-16_10-17-15.mp4,12,0,0,0.0,0.0,0.0,3.6933209896087646,0,
2026-07-07_09-30-30.mp4,12,0,0,0.0,0.0,0.0,2.2708027362823486,0,
2026-07-03_23-17-52.mp4,12,7,0,0.16311608523852986,0.14922373406828301,0.0,0.7205575704574585,0,
2026-07-24_13-38-41.mp4,12,0,0,0.0,0.0,0.0,4.133639812469482,0,
2026-07-02_09-01-36.mp4,12,0,0,0.0,0.0,0.0,6.894608020782471,0,
2026-07-15_13-09-59.mp4,12,0,0,0.0,0.0,0.0,3.697702169418335,0,
2026-07-04_09-30-52.mp4,12,0,0,0.0,0.0,0.0,1.2943934202194214,0,
2026-07-07_00-26-11.mp4,12,0,0,0.0,0.0,0.0,1.3455575704574585,0,
2026-07-06_19-46-17.mp4,12,0,0,0.0,0.0,0.0,5.893229007720947,0,
2026-07-12_08-07-08.mp4,12,0,0,0.0,0.0,0.0,1.765073537826538,0,
2026-07-11_07-49-04.mp4,12,0,0,0.0,0.0,0.0,6.095128536224365,0,
2026-07-06_22-51-35.mp4,12,0,0,0.0,0.0,0.0,1.9821078777313232,0,
2026-07-22_04-04-39.mp4,12,0,0,0.0,0.0,0.0,8.077940940856934,0,
2026-07-13_04-07-37.mp4,12,0,0,0.0,0.0,0.0,0.8828431367874146,0,
2026-07-07_17-25-37.mp4,12,0,0,0.0,0.0,0.0,16.869884490966797,0,
2026-07-09_16-02-59.mp4,12,0,0,0.0,0.0,0.0,1.8902573585510254,0,
2026-07-02_20-12-07.mp4,12,0,0,0.0,0.0,0.0,4.882628440856934,0,
2026-07-26_05-46-16.mp4,12,0,0,0.0,0.0,0.0,0.24883578717708588,0,
2026-07-09_11-59-50.mp4,12,0,0,0.0,0.0,0.0,1.9713847637176514,0,
2026-07-17_03-26-59.mp4,12,0,0,0.0,0.0,0.0,4.624050140380859,0,
2026-07-08_19-03-09.mp4,12,0,0,0.0,0.0,0.0,1.9036152362823486,0,
2026-07-04_06-52-18.mp4,12,0,0,0.0,0.0,0.0,13.478002548217773,0,
2026-07-19_01-52-07.mp4,12,0,0,0.0,0.0,0.0,6.066850662231445,0,
2026-07-09_16-00-41.mp4,12,0,0,0.0,0.0,0.0,1.3707107305526733,0,
2026-07-14_11-58-15.mp4,12,0,0,0.0,0.0,0.0,1.1484068632125854,0,
2026-07-15_10-17-43.mp4,12,0,0,0.0,0.0,0.0,2.7220282554626465,0,
2026-07-03_23-10-04.mp4,12,0,0,0.0,0.0,0.0,1.5923713445663452,0,
2026-07-01_20-32-49.mp4,12,0,0,0.0,0.0,0.0,23.096384048461914,0,
2026-07-11_08-06-04.mp4,12,0,0,0.0,0.0,0.0,6.115471839904785,0,
2026-07-13_14-20-05.mp4,12,0,0,0.0,0.0,0.0,5.710784435272217,0,
2026-07-08_10-51-38.mp4,12,0,0,0.0,0.0,0.0,1.2848957777023315,0,
2026-07-17_22-49-06.mp4,12,0,0,0.0,0.0,0.0,4.254932403564453,0,
2026-07-25_04-51-19.mp4,12,0,0,0.0,0.0,0.0,5.600367546081543,0,
2026-07-20_19-20-41.mp4,12,0,0,0.0,0.0,0.0,5.735447406768799,0,
2026-07-26_01-52-12.mp4,12,0,0,0.0,0.0,0.0,10.424295425415039,0,
2026-07-06_09-46-06.mp4,12,0,0,0.0,0.0,0.0,1.7546875476837158,0,
2026-07-25_23-35-26.mp4,12,0,0,0.0,0.0,0.0,5.160906791687012,0,
2026-07-09_20-29-39.mp4,12,0,0,0.0,0.0,0.0,2.2928922176361084,0,
2026-07-10_01-37-51.mp4,12,0,0,0.0,0.0,0.0,1.4973652362823486,0,
2026-07-05_12-31-38.mp4,12,0,0,0.0,0.0,0.0,1.1429840326309204,0,
2026-07-21_13-00-30.mp4,12,0,0,0.0,0.0,0.0,1.1425857543945312,0,
2026-07-07_19-27-25.mp4,12,0,0,0.0,0.0,0.0,5.41534948348999,0,
2026-07-02_10-11-37.mp4,12,0,0,0.0,0.0,0.0,4.820588111877441,0,
2026-07-18_13-07-57.mp4,12,0,0,0.0,0.0,0.0,4.359160423278809,0,
2026-07-14_07-27-06.mp4,12,0,0,0.0,0.0,0.0,2.064399480819702,0,
2026-07-04_15-25-37.mp4,12,0,0,0.0,0.0,0.0,0.0545649491250515,0,
2026-07-09_07-32-47.mp4,12,0,0,0.0,0.0,0.0,6.65281867980957,0,
2026-07-23_22-13-03.mp4,12,0,0,0.0,0.0,0.0,10.635631561279297,0,
2026-07-02_00-38-55.mp4,12,0,0,0.0,0.0,0.0,3.661764621734619,0,
2026-07-04_18-11-55.mp4,12,0,0,0.0,0.0,0.0,9.629810333251953,0,
2026-07-02_04-06-03.mp4,12,0,0,0.0,0.0,0.0,9.132261276245117,0,
2026-07-13_23-42-58.mp4,12,9,7,0.17811918761584178,0.17204656006220986,0.0,2.447610378265381,0,
2026-07-05_10-16-57.mp4,12,0,0,0.0,0.0,0.0,5.7808518409729,0,
2026-07-10_11-10-33.mp4,12,0,0,0.0,0.0,0.0,1.171323537826538,0,
2026-07-07_09-33-54.mp4,12,0,0,0.0,0.0,0.0,1.1442095041275024,0,
2026-07-15_13-41-04.mp4,12,0,0,0.0,0.0,0.0,3.140134811401367,0,
2026-07-20_04-27-15.mp4,12,0,0,0.0,0.0,0.0,9.716084480285645,0,
2026-07-06_19-00-29.mp4,12,0,0,0.0,0.0,0.0,3.7934741973876953,0,
2026-07-05_15-35-04.mp4,12,0,0,0.0,0.0,0.0,2.066789150238037,0,
2026-07-01_12-28-15.mp4,12,0,0,0.0,0.0,0.0,6.534834384918213,0,
2026-07-23_09-01-21.mp4,12,0,0,0.0,0.0,0.0,6.954503536224365,0,
2026-07-04_12-45-45.mp4,12,0,0,0.0,0.0,0.0,5.355851650238037,0,
2026-07-01_18-03-11.mp4,12,0,0,0.0,0.0,0.0,0.19420956075191498,0,
2026-07-19_17-35-40.mp4,12,0,0,0.0,0.0,0.0,1.1919424533843994,0,
2026-07-19_11-29-15.mp4,12,0,0,0.0,0.0,0.0,3.3200061321258545,0,
2026-07-10_10-02-58.mp4,12,0,0,0.0,0.0,0.0,2.7996935844421387,0,
2026-07-09_04-09-19.mp4,12,0,0,0.0,0.0,0.0,6.491237640380859,0,
2026-07-08_06-38-29.mp4,12,0,0,0.0,0.0,0.0,1.3141237497329712,0,
2026-07-04_09-49-04.mp4,12,0,0,0.0,0.0,0.0,4.394761085510254,0,
2026-07-02_08-58-30.mp4,12,0,0,0.0,0.0,0.0,6.175030708312988,0,
2026-07-22_22-35-58.mp4,12,0,0,0.0,0.0,0.0,4.752818584442139,0,
2026-07-21_15-07-23.mp4,12,0,0,0.0,0.0,0.0,2.3423712253570557,0,
2026-07-10_12-34-27.mp4,12,0,0,0.0,0.0,0.0,3.3355698585510254,0,
2026-07-05_22-00-56.mp4,12,0,0,0.0,0.0,0.0,1.3878676891326904,0,
2026-07-12_06-45-09.mp4,12,0,0,0.0,0.0,0.0,5.094424247741699,0,
2026-07-03_19-48-42.mp4,12,0,0,0.0,0.0,0.0,6.023652076721191,0,
2026-07-05_05-33-05.mp4,12,0,0,0.0,0.0,0.0,5.469454765319824,0,
2026-07-09_16-04-35.mp4,12,0,0,0.0,0.0,0.0,3.233854055404663,0,
2026-07-06_12-38-10.mp4,12,0,0,0.0,0.0,0.0,1.2939338684082031,0,
2026-07-09_04-07-07.mp4,12,0,0,0.0,0.0,0.0,3.723437547683716,0,
2026-07-02_10-01-37.mp4,12,0,0,0.0,0.0,0.0,1.8307291269302368,0,
2026-07-22_02-17-28.mp4,12,0,0,0.0,0.0,0.0,0.626225471496582,0,
2026-07-01_00-48-41.mp4,12,0,0,0.0,0.0,0.0,1.6011642217636108,0,
2026-07-05_09-27-21.mp4,12,0,0,0.0,0.0,0.0,5.082444667816162,0,
2026-07-05_17-34-48.mp4,12,0,0,0.0,0.0,0.0,5.651317596435547,0,
2026-07-11_10-53-58.mp4,12,0,0,0.0,0.0,0.0,1.1594974994659424,0,
2026-07-26_01-00-43.mp4,12,0,0,0.0,0.0,0.0,0.30186888575553894,0,
2026-07-03_14-15-24.mp4,12,0,0,0.0,0.0,0.0,2.9276654720306396,0,
2026-07-11_22-52-01.mp4,12,0,0,0.0,0.0,0.0,0.9660539031028748,0,
2026-07-18_11-00-05.mp4,12,0,0,0.0,0.0,0.0,8.08324146270752,0,
2026-07-20_19-20-17.mp4,12,0,0,0.0,0.0,0.0,1.2375305891036987,0,
2026-07-03_14-24-36.mp4,12,0,0,0.0,0.0,0.0,2.384558916091919,0,
2026-07-06_18-29-36.mp4,12,0,0,0.0,0.0,0.0,4.482107639312744,0,
2026-07-02_03-30-40.mp4,12,0,0,0.0,0.0,0.0,6.633394718170166,0,
2026-07-03_14-36-06.mp4,12,0,0,0.0,0.0,0.0,4.769638538360596,0,
2026-07-10_20-21-32.mp4,12,0,0,0.0,0.0,0.0,16.109804153442383,0,
2026-07-17_23-10-18.mp4,12,0,0,0.0,0.0,0.0,3.3482229709625244,0,
2026-07-08_07-45-22.mp4,12,0,0,0.0,0.0,0.0,1.4668811559677124,0,
2026-07-11_10-57-58.mp4,12,0,0,0.0,0.0,0.0,1.0010110139846802,0,
2026-07-05_04-31-01.mp4,12,0,0,0.0,0.0,0.0,4.855116367340088,0,
2026-07-23_18-44-03.mp4,12,0,0,0.0,0.0,0.0,6.50949764251709,0,
2026-07-12_12-06-42.mp4,12,0,0,0.0,0.0,0.0,7.115318775177002,0,
2026-07-19_03-56-30.mp4,12,0,0,0.0,0.0,0.0,21.13743782043457,0,
2026-07-02_21-23-47.mp4,12,6,5,0.25166075142531014,0.22158246302648502,1.0,18.073957443237305,1,
2026-07-07_20-59-06.mp4,12,0,0,0.0,0.0,0.0,4.045986652374268,0,
2026-07-06_06-57-44.mp4,12,0,0,0.0,0.0,0.0,3.5514705181121826,0,
2026-07-05_15-39-58.mp4,12,0,0,0.0,0.0,0.0,2.787837028503418,0,
2026-07-06_19-49-17.mp4,12,0,0,0.0,0.0,0.0,2.6796875,0,
2026-07-18_07-41-13.mp4,12,0,0,0.0,0.0,0.0,1.9464154243469238,0,
2026-07-25_08-34-29.mp4,12,0,0,0.0,0.0,0.0,2.9884190559387207,0,
2026-07-02_00-45-37.mp4,12,0,0,0.0,0.0,0.0,2.082965612411499,0,
2026-07-09_08-59-46.mp4,12,0,0,0.0,0.0,0.0,1.4314031600952148,0,
2026-07-25_14-20-07.mp4,12,0,0,0.0,0.0,0.0,6.066911697387695,0,
2026-07-07_18-24-26.mp4,12,0,0,0.0,0.0,0.0,0.9807597994804382,0,
2026-07-13_20-06-24.mp4,12,0,0,0.0,0.0,0.0,0.9415441155433655,0,
2026-07-08_07-32-04.mp4,12,0,0,0.0,0.0,0.0,2.6943933963775635,0,
2026-07-02_00-39-19.mp4,12,0,0,0.0,0.0,0.0,3.0218136310577393,0,
2026-07-06_11-10-23.mp4,12,0,0,0.0,0.0,0.0,3.4384191036224365,0,
2026-07-14_07-22-06.mp4,12,0,0,0.0,0.0,0.0,1.722303867340088,0,
2026-07-09_09-07-34.mp4,12,0,0,0.0,0.0,0.0,2.157352924346924,0,
2026-07-03_20-23-12.mp4,12,0,0,0.0,0.0,0.0,2.179656744003296,0,
2026-07-05_12-19-26.mp4,12,0,0,0.0,0.0,0.0,0.19050244987010956,0,
2026-07-05_19-52-35.mp4,12,0,0,0.0,0.0,0.0,1.8922181129455566,0,
2026-07-08_12-03-32.mp4,12,0,0,0.0,0.0,0.0,5.486733913421631,0,
2026-07-08_14-21-42.mp4,12,0,0,0.0,0.0,0.0,1.0301164388656616,0,
2026-07-12_18-54-59.mp4,12,0,0,0.0,0.0,0.0,1.3587929010391235,0,
2026-07-05_16-10-58.mp4,12,0,0,0.0,0.0,0.0,4.831066131591797,0,
2026-07-11_13-47-54.mp4,12,0,0,0.0,0.0,0.0,1.7077819108963013,0,
2026-07-04_19-03-12.mp4,12,0,0,0.0,0.0,0.0,1.5428001880645752,0,
2026-07-24_07-29-33.mp4,12,1,1,0.2133377857447713,0.2133377857447713,0.0,7.129687309265137,0,
2026-07-10_16-25-42.mp4,12,5,2,0.20046485086129573,0.16453981152691352,0.0,7.981158256530762,0,
2026-07-12_07-19-09.mp4,12,0,0,0.0,0.0,0.0,11.681464195251465,0,
2026-06-30_16-25-56.mp4,12,4,0,0.16004835635775028,0.1581497756237188,0.0,0.3762255012989044,0,
2026-07-02_16-28-27.mp4,12,0,0,0.0,0.0,0.0,11.790472030639648,0,
2026-07-22_07-45-07.mp4,12,0,0,0.0,0.0,0.0,5.004136085510254,0,
2026-07-04_22-46-58.mp4,12,0,0,0.0,0.0,0.0,7.221568584442139,0,
2026-07-20_09-56-09.mp4,12,0,0,0.0,0.0,0.0,1.2200061082839966,0,
2026-07-09_07-53-04.mp4,12,0,0,0.0,0.0,0.0,3.945955991744995,0,
2026-07-10_08-11-53.mp4,12,0,0,0.0,0.0,0.0,13.207291603088379,0,
2026-07-12_19-55-53.mp4,12,0,0,0.0,0.0,0.0,1.144822359085083,0,
2026-07-07_23-09-18.mp4,12,0,0,0.0,0.0,0.0,5.468504905700684,0,
2026-07-12_12-05-30.mp4,12,0,0,0.0,0.0,0.0,7.659956932067871,0,
2026-06-30_19-13-00.mp4,12,0,0,0.0,0.0,0.0,1.144515872001648,0,
2026-07-19_11-29-27.mp4,12,0,0,0.0,0.0,0.0,1.8195772171020508,0,
2026-07-23_16-02-59.mp4,12,0,0,0.0,0.0,0.0,1.0779105424880981,0,
2026-07-09_10-56-56.mp4,12,0,0,0.0,0.0,0.0,1.910998821258545,0,
2026-07-02_14-26-46.mp4,12,0,0,0.0,0.0,0.0,6.513357639312744,0,
2026-07-22_21-12-42.mp4,12,0,0,0.0,0.0,0.0,7.785416603088379,0,
2026-07-07_12-02-40.mp4,12,0,0,0.0,0.0,0.0,3.699632406234741,0,
2026-07-09_22-15-50.mp4,12,0,0,0.0,0.0,0.0,3.344209671020508,0,
2026-07-06_03-27-58.mp4,12,0,0,0.0,0.0,0.0,2.770465612411499,0,
2026-07-07_13-08-52.mp4,12,0,0,0.0,0.0,0.0,1.886703372001648,0,
2026-07-22_22-46-10.mp4,12,0,0,0.0,0.0,0.0,0.4602022171020508,0,
2026-07-26_03-57-29.mp4,12,0,0,0.0,0.0,0.0,8.353278160095215,0,
2026-07-24_23-41-47.mp4,12,0,0,0.0,0.0,0.0,3.564246416091919,0,
2026-07-18_11-36-28.mp4,12,1,1,0.20848125487841165,0.20848125487841165,1.0,13.439460754394531,1,
2026-07-02_15-33-39.mp4,12,0,0,0.0,0.0,0.0,7.1171875,0,
2026-07-10_13-35-20.mp4,12,0,0,0.0,0.0,0.0,1.2212315797805786,0,
2026-07-23_12-58-25.mp4,12,0,0,0.0,0.0,0.0,8.277788162231445,0,
2026-07-05_22-09-49.mp4,12,0,0,0.0,0.0,0.0,1.1655943393707275,0,
2026-07-26_04-22-47.mp4,12,0,0,0.0,0.0,0.0,1.1643688678741455,0,
2026-07-02_15-39-15.mp4,12,0,0,0.0,0.0,0.0,1.883363962173462,0,
2026-07-08_08-33-28.mp4,12,0,0,0.0,0.0,0.0,1.4821691513061523,0,
2026-07-09_11-08-44.mp4,12,0,0,0.0,0.0,0.0,1.4436274766921997,0,
2026-07-01_00-56-41.mp4,12,0,0,0.0,0.0,0.0,1.2667585611343384,0,
2026-07-04_08-20-23.mp4,12,0,0,0.0,0.0,0.0,9.913602828979492,0,
2026-07-18_17-57-18.mp4,12,0,0,0.0,0.0,0.0,6.3873772621154785,0,
2026-07-02_06-01-57.mp4,12,0,0,0.0,0.0,0.0,5.730790615081787,0,
2026-07-18_15-24-02.mp4,12,0,0,0.0,0.0,0.0,1.4209558963775635,0,
2026-07-19_10-13-08.mp4,12,0,0,0.0,0.0,0.0,2.2647364139556885,0,
2026-07-04_09-17-10.mp4,12,0,0,0.0,0.0,0.0,10.821507453918457,0,
2026-07-02_10-40-36.mp4,12,2,0,0.1655821549636041,0.16194047739925838,0.0,7.297028064727783,0,
2026-07-12_14-51-36.mp4,12,0,0,0.0,0.0,0.0,2.1679840087890625,0,
2026-07-25_18-01-05.mp4,12,0,0,0.0,0.0,0.0,1.5419117212295532,0,
2026-07-06_06-32-38.mp4,12,0,0,0.0,0.0,0.0,0.2009497582912445,0,
2026-07-02_16-18-45.mp4,12,0,0,0.0,0.0,0.0,3.117738962173462,0,
2026-07-01_05-51-56.mp4,12,0,0,0.0,0.0,0.0,1.8365195989608765,0,
2026-07-02_04-23-27.mp4,12,0,0,0.0,0.0,0.0,3.064399480819702,0,
2026-07-07_22-33-42.mp4,12,3,0,0.12057008474011277,0.11327543187662996,0.0,7.546415328979492,0,
2026-07-09_15-27-18.mp4,12,0,0,0.0,0.0,0.0,1.7363663911819458,0,
2026-07-01_07-31-53.mp4,12,0,0,0.0,0.0,0.0,4.846660614013672,0,
2026-07-10_01-38-15.mp4,12,0,0,0.0,0.0,0.0,1.2575980424880981,0,
2026-07-07_08-40-42.mp4,12,0,0,0.0,0.0,0.0,2.1284313201904297,0,
2026-07-23_16-31-29.mp4,12,0,0,0.0,0.0,0.0,1.6704044342041016,0,
2026-07-05_15-39-22.mp4,12,0,0,0.0,0.0,0.0,4.785478115081787,0,
2026-07-08_20-38-20.mp4,12,0,0,0.0,0.0,0.0,2.784313678741455,0,
2026-07-05_16-10-46.mp4,12,0,0,0.0,0.0,0.0,2.7220587730407715,0,
2026-07-03_13-28-18.mp4,12,1,1,0.17894837769788677,0.17894837769788677,0.0,5.500674247741699,0,
2026-07-08_14-00-31.mp4,12,0,0,0.0,0.0,0.0,5.1919732093811035,0,
2026-07-04_01-38-23.mp4,12,0,0,0.0,0.0,0.0,1.9404411315917969,0,
2026-07-20_19-33-11.mp4,12,0,0,0.0,0.0,0.0,5.919424057006836,0,
2026-07-09_10-59-02.mp4,12,0,0,0.0,0.0,0.0,2.4775428771972656,0,
2026-07-24_19-17-43.mp4,12,0,0,0.0,0.0,0.0,7.062254905700684,0,
2026-07-09_11-26-56.mp4,12,0,0,0.0,0.0,0.0,1.3785845041275024,0,
2026-07-02_15-33-51.mp4,12,0,0,0.0,0.0,0.0,1.877175211906433,0,
2026-07-03_07-47-28.mp4,12,0,0,0.0,0.0,0.0,1.374724268913269,0,
2026-07-21_23-55-24.mp4,12,0,0,0.0,0.0,0.0,1.6618566513061523,0,
2026-07-09_11-12-26.mp4,12,0,0,0.0,0.0,0.0,1.9812806844711304,0,
2026-07-02_03-50-03.mp4,12,0,0,0.0,0.0,0.0,9.183670043945312,0,
2026-07-02_16-48-09.mp4,12,0,0,0.0,0.0,0.0,1.34341299533844,0,
2026-07-10_22-03-13.mp4,12,0,0,0.0,0.0,0.0,12.200582504272461,0,
2026-07-07_18-30-14.mp4,12,0,0,0.0,0.0,0.0,3.388909339904785,0,
2026-07-23_16-35-41.mp4,12,0,0,0.0,0.0,0.0,2.12668514251709,0,
2026-07-11_08-51-47.mp4,12,0,0,0.0,0.0,0.0,1.4986213445663452,0,
2026-07-11_12-53-02.mp4,12,0,0,0.0,0.0,0.0,86.4921875,0,
2026-07-02_03-53-15.mp4,12,0,0,0.0,0.0,0.0,6.502910614013672,0,
2026-07-17_18-55-40.mp4,12,0,0,0.0,0.0,0.0,6.131770610809326,0,
2026-07-10_16-31-35.mp4,12,0,0,0.0,0.0,0.0,3.9859375953674316,0,
2026-07-22_04-07-03.mp4,12,0,0,0.0,0.0,0.0,2.3193626403808594,0,
2026-07-03_07-23-04.mp4,12,0,0,0.0,0.0,0.0,4.345067501068115,0,
2026-07-20_23-47-33.mp4,12,0,0,0.0,0.0,0.0,2.6590380668640137,0,
2026-07-11_02-08-40.mp4,12,0,0,0.0,0.0,0.0,6.1282782554626465,0,
2026-07-23_00-48-32.mp4,12,0,0,0.0,0.0,0.0,3.4202818870544434,0,
2026-07-09_11-11-50.mp4,12,0,0,0.0,0.0,0.0,5.296568393707275,0,
2026-07-06_00-36-42.mp4,12,0,0,0.0,0.0,0.0,2.901899576187134,0,
2026-07-01_18-35-20.mp4,12,0,0,0.0,0.0,0.0,1.9980698823928833,0,
2026-07-11_17-47-23.mp4,12,0,0,0.0,0.0,0.0,10.979228019714355,0,
2026-07-09_16-22-53.mp4,12,0,0,0.0,0.0,0.0,2.0622549057006836,0,
2026-07-18_15-37-38.mp4,12,2,0,0.11515054880035368,0.10229705494224238,0.0,4.062009811401367,0,
2026-07-04_04-38-32.mp4,12,0,0,0.0,0.0,0.0,3.890012264251709,0,
2026-07-11_14-51-59.mp4,12,0,0,0.0,0.0,0.0,24.34185028076172,0,
2026-07-22_00-00-05.mp4,12,0,0,0.0,0.0,0.0,1.9159313440322876,0,
2026-07-12_21-19-27.mp4,12,0,0,0.0,0.0,0.0,2.0158700942993164,0,
2026-07-16_17-08-23.mp4,12,0,0,0.0,0.0,0.0,4.10330867767334,0,
2026-07-15_13-42-28.mp4,12,0,0,0.0,0.0,0.0,1.234313726425171,0,
2026-07-21_00-33-50.mp4,12,0,0,0.0,0.0,0.0,1.1742033958435059,0,
2026-07-03_16-13-11.mp4,12,1,0,0.13929424345824307,0.13929424345824307,0.0,7.198468208312988,0,
2026-07-11_10-54-10.mp4,12,0,0,0.0,0.0,0.0,2.0009498596191406,0,
2026-07-25_07-40-06.mp4,12,0,0,0.0,0.0,0.0,6.649662971496582,0,
2026-07-09_12-21-56.mp4,12,0,0,0.0,0.0,0.0,2.234467029571533,0,
2026-07-11_10-54-52.mp4,12,0,0,0.0,0.0,0.0,4.403431415557861,0,
2026-07-22_13-43-14.mp4,12,0,0,0.0,0.0,0.0,1.2793198823928833,0,
2026-07-03_14-10-54.mp4,12,0,0,0.0,0.0,0.0,3.132904529571533,0,
2026-07-22_16-57-51.mp4,12,0,0,0.0,0.0,0.0,8.388449668884277,0,
2026-07-07_00-58-05.mp4,12,0,0,0.0,0.0,0.0,3.516115188598633,0,
2026-07-17_07-26-38.mp4,12,0,0,0.0,0.0,0.0,2.939338207244873,0,
2026-07-04_05-36-58.mp4,12,0,0,0.0,0.0,0.0,4.627267360687256,0,
2026-07-07_11-09-11.mp4,12,0,0,0.0,0.0,0.0,1.0932291746139526,0,
2026-07-01_16-25-15.mp4,12,1,1,0.2111159574181712,0.2111159574181712,0.0,3.6444239616394043,0,
2026-07-03_21-39-47.mp4,12,0,0,0.0,0.0,0.0,3.449050188064575,0,
2026-07-07_04-56-33.mp4,12,4,4,0.1871625635770543,0.1859196675495868,0.0,4.701930046081543,0,
2026-07-21_12-32-07.mp4,12,0,0,0.0,0.0,0.0,2.059497594833374,0,
2026-07-06_01-28-47.mp4,12,0,0,0.0,0.0,0.0,11.799877166748047,0,
2026-07-11_04-50-32.mp4,12,0,0,0.0,0.0,0.0,5.120741367340088,0,
2026-07-07_18-52-55.mp4,12,0,0,0.0,0.0,0.0,4.478952407836914,0,
2026-07-02_23-39-43.mp4,12,0,0,0.0,0.0,0.0,3.7922487258911133,0,
2026-07-15_09-49-13.mp4,12,0,0,0.0,0.0,0.0,4.359160423278809,0,
2026-07-22_15-11-31.mp4,12,0,0,0.0,0.0,0.0,2.4071078300476074,0,
2026-07-04_08-06-05.mp4,12,0,0,0.0,0.0,0.0,6.482597827911377,0,
2026-07-10_14-08-38.mp4,12,0,0,0.0,0.0,0.0,10.959681510925293,0,
2026-07-07_02-07-34.mp4,12,0,0,0.0,0.0,0.0,2.491544008255005,0,
2026-07-08_19-18-45.mp4,12,0,0,0.0,0.0,0.0,1.4664216041564941,0,
2026-07-26_04-32-59.mp4,12,1,1,0.18649425448266824,0.18649425448266824,0.0,8.439675331115723,0,
2026-07-12_08-48-26.mp4,12,0,0,0.0,0.0,0.0,1.7981923818588257,0,
2026-07-26_01-27-31.mp4,12,0,0,0.0,0.0,0.0,0.20955882966518402,0,
2026-07-25_23-39-26.mp4,12,0,0,0.0,0.0,0.0,3.76798415184021,0,
2026-07-04_14-52-37.mp4,12,0,0,0.0,0.0,0.0,9.545404434204102,0,
2026-07-10_09-27-29.mp4,12,0,0,0.0,0.0,0.0,3.084068536758423,0,
2026-07-11_13-03-26.mp4,12,0,0,0.0,0.0,0.0,2.1461703777313232,0,
2026-07-02_10-01-13.mp4,12,11,0,0.14751351362480714,0.14602365710036358,0.0,4.702175140380859,0,
2026-07-04_05-21-31.mp4,12,0,0,0.0,0.0,0.0,7.480698585510254,0,
2026-07-15_13-40-28.mp4,12,0,0,0.0,0.0,0.0,9.575060844421387,0,
2026-07-23_03-01-43.mp4,12,0,0,0.0,0.0,0.0,1.342248797416687,0,
2026-07-08_01-42-22.mp4,12,0,0,0.0,0.0,0.0,23.00686264038086,0,
2026-07-25_17-15-36.mp4,12,0,0,0.0,0.0,0.0,1.2275428771972656,0,
2026-07-03_08-55-33.mp4,12,0,0,0.0,0.0,0.0,2.790839433670044,0,
2026-07-03_10-56-08.mp4,12,0,0,0.0,0.0,0.0,22.480913162231445,0,
2026-07-21_11-17-19.mp4,12,0,0,0.0,0.0,0.0,2.926011085510254,0,
2026-07-10_14-14-43.mp4,12,0,0,0.0,0.0,0.0,6.560998916625977,0,
2026-07-03_13-26-00.mp4,12,0,0,0.0,0.0,0.0,1.2429227828979492,0,
2026-07-22_01-44-16.mp4,12,0,0,0.0,0.0,0.0,19.9439640045166,0,
2026-07-25_11-16-09.mp4,12,0,0,0.0,0.0,0.0,1.4887255430221558,0,
2026-07-09_13-59-07.mp4,12,0,0,0.0,0.0,0.0,1.7034926414489746,0,
2026-07-22_20-25-25.mp4,12,0,0,0.0,0.0,0.0,0.8303309082984924,0,
2026-07-02_10-41-24.mp4,12,1,0,0.1695815185743846,0.1695815185743846,0.0,3.733302593231201,0,
2026-07-07_21-30-19.mp4,12,0,0,0.0,0.0,0.0,2.0490808486938477,0,
2026-07-07_04-40-27.mp4,12,0,0,0.0,0.0,0.0,44.41608428955078,0,
2026-07-06_19-48-11.mp4,12,0,0,0.0,0.0,0.0,6.159803867340088,0,
2026-06-30_16-13-56.mp4,12,0,0,0.0,0.0,0.0,1.1434129476547241,0,
2026-07-07_04-27-33.mp4,12,0,0,0.0,0.0,0.0,1.2417279481887817,0,
2026-07-03_23-34-58.mp4,12,0,0,0.0,0.0,0.0,5.689828395843506,0,
2026-07-15_08-50-44.mp4,12,0,0,0.0,0.0,0.0,3.499387264251709,0,
2026-07-09_11-06-08.mp4,12,0,0,0.0,0.0,0.0,2.0189032554626465,0,
2026-07-23_18-38-57.mp4,12,0,0,0.0,0.0,0.0,7.838848114013672,0,
2026-07-03_23-23-40.mp4,12,0,0,0.0,0.0,0.0,3.3506433963775635,0,
2026-07-14_13-48-32.mp4,12,0,0,0.0,0.0,0.0,1.2666972875595093,0,
2026-07-08_19-30-56.mp4,12,0,0,0.0,0.0,0.0,2.3006739616394043,0,
2026-07-02_07-55-47.mp4,12,0,0,0.0,0.0,0.0,1.702236533164978,0,
2026-07-21_01-03-02.mp4,12,0,0,0.0,0.0,0.0,2.201317310333252,0,
2026-07-04_09-30-16.mp4,12,0,0,0.0,0.0,0.0,2.3560662269592285,0,
2026-07-15_10-12-55.mp4,12,0,0,0.0,0.0,0.0,2.3529105186462402,0,
2026-07-12_02-42-06.mp4,12,0,0,0.0,0.0,0.0,4.44699764251709,0,
2026-07-06_20-15-11.mp4,12,0,0,0.0,0.0,0.0,4.4239888191223145,0,
2026-07-21_08-33-57.mp4,12,0,0,0.0,0.0,0.0,1.51596200466156,0,
2026-07-02_04-23-03.mp4,12,0,0,0.0,0.0,0.0,34.885108947753906,0,
2026-07-01_21-34-10.mp4,12,0,0,0.0,0.0,0.0,1.1938725709915161,0,
2026-07-07_09-06-12.mp4,12,0,0,0.0,0.0,0.0,2.1504902839660645,0,
2026-07-11_04-56-20.mp4,12,0,0,0.0,0.0,0.0,2.953002452850342,0,
2026-07-23_00-40-14.mp4,12,0,0,0.0,0.0,0.0,17.237346649169922,0,
2026-07-10_15-40-43.mp4,12,0,0,0.0,0.0,0.0,2.121905565261841,0,
2026-07-07_23-21-18.mp4,12,0,0,0.0,0.0,0.0,0.9414828419685364,0,
2026-07-07_11-20-05.mp4,12,0,0,0.0,0.0,0.0,3.0491421222686768,0,
2026-07-12_23-41-30.mp4,12,0,0,0.0,0.0,0.0,5.78737735748291,0,
2026-07-11_04-12-03.mp4,12,4,3,0.2521672342171277,0.2080059144199832,0.0,16.009620666503906,1,
2026-07-08_23-20-04.mp4,12,0,0,0.0,0.0,0.0,3.56963849067688,0,
2026-07-03_13-22-00.mp4,12,0,0,0.0,0.0,0.0,4.077971935272217,0,
2026-07-03_22-53-34.mp4,12,0,0,0.0,0.0,0.0,10.821660995483398,0,
2026-07-06_04-35-39.mp4,12,0,0,0.0,0.0,0.0,13.022212028503418,0,
2026-07-02_18-11-38.mp4,12,0,0,0.0,0.0,0.0,2.581709623336792,0,
2026-07-05_11-39-21.mp4,12,0,0,0.0,0.0,0.0,0.9291666746139526,0,
2026-07-04_07-55-35.mp4,12,0,0,0.0,0.0,0.0,9.272916793823242,0,
2026-07-19_10-07-02.mp4,12,0,0,0.0,0.0,0.0,2.0369791984558105,0,
2026-07-06_13-47-03.mp4,12,0,0,0.0,0.0,0.0,69.6119155883789,0,
2026-07-03_05-57-53.mp4,12,1,1,0.17548641009750224,0.17548641009750224,0.0,3.614093065261841,0,
2026-07-07_14-14-09.mp4,12,0,0,0.0,0.0,0.0,4.315073490142822,0,
2026-07-19_00-02-14.mp4,12,0,0,0.0,0.0,0.0,3.719240188598633,0,
2026-07-09_22-59-29.mp4,12,0,0,0.0,0.0,0.0,8.052818298339844,0,
2026-07-22_04-39-15.mp4,12,0,0,0.0,0.0,0.0,3.215165376663208,0,
2026-07-05_04-36-37.mp4,12,0,0,0.0,0.0,0.0,3.39607834815979,0,
2026-07-02_18-43-20.mp4,12,0,0,0.0,0.0,0.0,3.3723957538604736,0,
2026-07-04_00-50-29.mp4,12,0,0,0.0,0.0,0.0,7.1986517906188965,0,
2026-07-02_20-36-55.mp4,12,0,0,0.0,0.0,0.0,3.073927640914917,0,
2026-07-21_14-04-06.mp4,12,0,0,0.0,0.0,0.0,5.072303771972656,0,
2026-07-21_06-04-29.mp4,12,0,0,0.0,0.0,0.0,5.67356014251709,0,
2026-07-24_19-22-31.mp4,12,0,0,0.0,0.0,0.0,4.070741653442383,0,
2026-07-01_18-44-50.mp4,12,0,0,0.0,0.0,0.0,2.340778112411499,0,
2026-07-22_07-47-31.mp4,12,0,0,0.0,0.0,0.0,2.066574811935425,0,
2026-07-06_13-28-39.mp4,12,0,0,0.0,0.0,0.0,4.566758632659912,0,
2026-07-07_02-09-46.mp4,12,0,0,0.0,0.0,0.0,10.283149719238281,0,
2026-07-05_05-31-29.mp4,12,1,0,0.0906580726672429,0.0906580726672429,0.0,5.554932594299316,0,
2026-07-11_22-38-00.mp4,12,0,0,0.0,0.0,0.0,0.27545955777168274,0,
2026-07-04_01-59-10.mp4,12,0,0,0.0,0.0,0.0,4.4642157554626465,0,
2026-07-17_22-36-12.mp4,12,0,0,0.0,0.0,0.0,5.288449764251709,0,
2026-07-15_12-57-35.mp4,12,0,0,0.0,0.0,0.0,2.0665135383605957,0,
2026-07-03_02-03-31.mp4,12,0,0,0.0,0.0,0.0,2.4587008953094482,0,
2026-07-09_07-49-34.mp4,12,0,0,0.0,0.0,0.0,2.214613914489746,0,
2026-07-02_02-30-04.mp4,12,0,0,0.0,0.0,0.0,2.665870189666748,0,
2026-07-21_15-29-53.mp4,12,0,0,0.0,0.0,0.0,1.2380820512771606,0,
2026-07-14_11-55-51.mp4,12,0,0,0.0,0.0,0.0,3.832812547683716,0,
2026-07-03_10-59-32.mp4,12,0,0,0.0,0.0,0.0,1.530637264251709,0,
2026-07-04_09-53-58.mp4,12,0,0,0.0,0.0,0.0,11.145526885986328,0,
2026-07-02_14-40-46.mp4,12,0,0,0.0,0.0,0.0,1.402910590171814,0,
2026-07-09_22-13-32.mp4,12,0,0,0.0,0.0,0.0,3.0078125,0,
2026-07-07_04-49-15.mp4,12,0,0,0.0,0.0,0.0,0.9263480305671692,0,
2026-07-23_00-57-14.mp4,12,0,0,0.0,0.0,0.0,16.436580657958984,0,
2026-07-05_07-55-34.mp4,12,0,0,0.0,0.0,0.0,3.772824764251709,0,
2026-07-18_11-26-22.mp4,12,0,0,0.0,0.0,0.0,5.939032077789307,0,
2026-07-02_08-31-36.mp4,12,1,1,0.17356530380021784,0.17356530380021784,0.0,4.53731632232666,0,
2026-07-22_20-13-07.mp4,12,0,0,0.0,0.0,0.0,5.943902969360352,0,
2026-07-22_01-43-40.mp4,12,0,0,0.0,0.0,0.0,17.25704574584961,0,
2026-07-02_23-32-19.mp4,12,0,0,0.0,0.0,0.0,5.475091934204102,0,
2026-07-16_17-14-23.mp4,12,0,0,0.0,0.0,0.0,1.7393995523452759,0,
2026-07-02_15-49-09.mp4,12,0,0,0.0,0.0,0.0,2.9744484424591064,0,
2026-07-08_23-17-10.mp4,12,0,0,0.0,0.0,0.0,1.3721814155578613,0,
2026-07-01_17-46-53.mp4,12,0,0,0.0,0.0,0.0,5.892095565795898,0,
2026-07-22_00-10-47.mp4,12,0,0,0.0,0.0,0.0,1.9063419103622437,0,
2026-07-08_07-52-28.mp4,12,0,0,0.0,0.0,0.0,2.495925188064575,0,
2026-07-17_07-51-08.mp4,12,0,0,0.0,0.0,0.0,1.8910232782363892,0,
