file,n_sampled,n_face,ear_med,ear_p90,blink_med,open_frac,eyes_open,error
2026-07-18_03-15-51.mp4,10,8,0.250841546484919,0.27703212801540034,0.11012673983350396,0.875,1,
2026-07-21_23-59-05.mp4,10,2,0.31802209518893365,0.3511220687051755,0.284823901951313,1.0,1,
2026-07-07_20-52-18.mp4,10,3,0.19775008445780104,0.2305899471713189,0.26297882199287415,0.3333333333333333,0,
2026-07-11_10-46-16.mp4,10,0,,,,,-1,
2026-07-02_18-28-08.mp4,10,0,,,,,-1,
2026-07-04_15-25-25.mp4,10,0,,,,,-1,
2026-07-06_11-18-17.mp4,10,0,,,,,-1,
2026-07-13_10-44-07.mp4,10,6,0.17827388368129787,0.19044904971160753,0.29923170804977417,0.0,0,
2026-07-15_18-43-49.mp4,10,2,0.23124294609763976,0.23235332106121462,0.19688024371862411,1.0,1,
2026-07-03_20-05-24.mp4,10,0,,,,,-1,
2026-07-02_14-21-40.mp4,10,0,,,,,-1,
2026-07-24_09-05-02.mp4,10,0,,,,,-1,
2026-07-04_11-27-03.mp4,10,0,,,,,-1,
2026-07-03_21-39-11.mp4,10,0,,,,,-1,
2026-07-09_07-36-17.mp4,10,0,,,,,-1,
2026-07-08_07-36-22.mp4,10,0,,,,,-1,
2026-07-11_10-58-46.mp4,10,2,0.26031301572126564,0.2703140287573444,0.14866810478270054,1.0,1,
2026-07-14_14-57-37.mp4,10,0,,,,,-1,
2026-07-06_18-30-24.mp4,10,0,,,,,-1,
2026-07-04_08-43-52.mp4,10,1,0.20778321711797879,0.20778321711797879,0.21880683302879333,0.0,-1,
2026-07-01_13-47-17.mp4,10,1,0.20339418830198808,0.20339418830198808,0.19222505949437618,0.0,-1,
2026-07-04_14-38-54.mp4,10,0,,,,,-1,
2026-07-05_11-14-39.mp4,10,0,,,,,-1,
2026-07-21_14-07-06.mp4,10,0,,,,,-1,
2026-07-02_18-39-38.mp4,10,0,,,,,-1,
2026-07-08_19-30-32.mp4,10,1,0.1457354860293849,0.1457354860293849,0.49441899359226227,0.0,-1,
2026-07-21_15-21-23.mp4,10,1,0.21369698892052036,0.21369698892052036,0.21181060373783112,1.0,-1,
2026-07-14_13-43-38.mp4,10,1,0.23598789799385314,0.23598789799385314,0.14211758226156235,1.0,-1,
2026-07-04_11-24-27.mp4,10,0,,,,,-1,
2026-07-08_00-02-05.mp4,10,0,,,,,-1,
2026-07-15_13-47-22.mp4,10,3,0.2547739187672954,0.30337583368357235,0.09660964831709862,0.6666666666666666,1,
2026-07-09_14-16-30.mp4,10,0,,,,,-1,
2026-07-03_23-37-58.mp4,10,0,,,,,-1,
2026-07-26_04-03-05.mp4,10,8,0.1875497907644355,0.20219495286495512,0.36139703541994095,0.0,0,
2026-07-09_16-29-05.mp4,10,0,,,,,-1,
2026-07-21_10-11-08.mp4,10,1,0.19324010003518677,0.19324010003518677,0.3034217581152916,0.0,-1,
2026-07-03_15-19-59.mp4,10,1,0.34152663055409327,0.34152663055409327,0.12997515103779733,1.0,-1,
2026-07-21_11-15-56.mp4,10,0,,,,,-1,
2026-07-14_11-13-40.mp4,10,8,0.2048685322519226,0.22305145842025725,0.1517951674759388,0.375,0,
2026-07-18_15-37-50.mp4,10,10,0.22234333513253235,0.275508480769038,0.30822475254535675,0.6,1,
2026-07-07_23-43-53.mp4,10,2,0.15490355536922815,0.16857311531042465,0.6312386356294155,0.0,0,
2026-07-03_03-29-48.mp4,10,0,,,,,-1,
2026-07-07_02-58-34.mp4,10,0,,,,,-1,
2026-07-24_22-36-41.mp4,10,5,0.25323045728067395,0.2814976401777305,0.2089744731783867,1.0,1,
2026-07-02_07-07-33.mp4,10,0,,,,,-1,
2026-07-21_01-27-08.mp4,10,4,0.2527312734362894,0.3042969886898931,0.2614146266132593,1.0,1,
2026-07-09_23-39-23.mp4,10,0,,,,,-1,
2026-07-03_17-30-29.mp4,10,0,,,,,-1,
2026-07-07_05-36-56.mp4,10,0,,,,,-1,
2026-07-06_00-38-42.mp4,10,7,0.1746657469639161,0.22404615908849268,0.3416370004415512,0.2857142857142857,0,
2026-07-19_14-44-25.mp4,10,10,0.20941379835807256,0.221768063566814,0.20337486639618874,0.5,1,
2026-07-05_19-03-42.mp4,10,1,0.19134651367766498,0.19134651367766498,0.4450850188732147,0.0,-1,
2026-06-30_22-30-55.mp4,10,0,,,,,-1,
2026-07-22_15-11-20.mp4,10,10,0.1705547461250953,0.184987836859181,0.18775759264826775,0.0,0,
2026-07-09_10-54-20.mp4,10,1,0.12414223156774007,0.12414223156774007,0.4238476902246475,0.0,-1,
2026-07-03_05-08-42.mp4,10,0,,,,,-1,
2026-07-14_19-39-43.mp4,10,7,0.17170162313568707,0.21045051751457247,0.2112237997353077,0.14285714285714285,0,
2026-07-08_01-41-58.mp4,10,9,0.14779740652189183,0.16124495532687894,0.41461677104234695,0.0,0,
2026-07-05_04-39-07.mp4,10,0,,,,,-1,
2026-07-10_08-25-17.mp4,10,6,0.18210795060945034,0.1972416905039699,0.4189630150794983,0.0,0,
2026-07-10_13-43-02.mp4,10,6,0.14709470776661207,0.15760466929503583,0.2706402912735939,0.0,0,
2026-07-03_12-57-19.mp4,10,0,,,,,-1,
2026-07-10_17-41-21.mp4,10,0,,,,,-1,
2026-07-01_23-44-26.mp4,10,0,,,,,-1,
2026-07-09_20-02-45.mp4,10,4,0.1418815379473874,0.15251163690665537,0.4758719466626644,0.0,0,
2026-07-04_21-37-53.mp4,10,0,,,,,-1,
2026-07-21_12-26-37.mp4,10,0,,,,,-1,
2026-07-05_08-50-28.mp4,10,0,,,,,-1,
2026-07-20_22-59-51.mp4,10,0,,,,,-1,
2026-07-23_16-30-17.mp4,10,3,0.23542301904143637,0.27073890556987257,0.11652331240475178,1.0,1,
2026-07-08_14-17-00.mp4,10,6,0.2462676181403029,0.32028751775941555,0.2541674394160509,0.6666666666666666,1,
2026-07-11_22-47-47.mp4,10,0,,,,,-1,
2026-07-05_12-53-32.mp4,10,0,,,,,-1,
2026-07-04_03-14-07.mp4,10,0,,,,,-1,
2026-07-22_21-21-30.mp4,10,7,0.24200928860696702,0.30043052489214384,0.30260060634464025,0.5714285714285714,1,
2026-07-11_02-08-52.mp4,10,1,0.20305919249432947,0.20305919249432947,0.09885911829769611,0.0,-1,
2026-07-24_11-44-30.mp4,10,1,0.23620071980480867,0.23620071980480867,0.16631604731082916,1.0,-1,
2026-07-04_01-28-59.mp4,10,0,,,,,-1,
2026-07-23_16-33-41.mp4,10,6,0.2591615351113277,0.2960536880322297,0.09855712577700615,1.0,1,
2026-07-02_03-28-28.mp4,10,0,,,,,-1,
2026-07-10_07-19-36.mp4,10,0,,,,,-1,
2026-07-03_13-42-00.mp4,10,0,,,,,-1,
2026-07-08_20-28-32.mp4,10,0,,,,,-1,
2026-07-05_13-24-32.mp4,10,0,,,,,-1,
2026-07-02_22-02-44.mp4,10,0,,,,,-1,
2026-07-03_19-51-30.mp4,10,0,,,,,-1,
2026-07-02_00-33-19.mp4,10,0,,,,,-1,
2026-07-14_04-52-43.mp4,10,8,0.3356503950950762,0.34474910783699353,0.33175690472126007,1.0,1,
2026-07-07_07-21-55.mp4,10,1,0.23703164570241037,0.23703164570241037,0.23250718507915735,1.0,-1,
2026-07-05_02-32-35.mp4,10,1,0.2647404915368338,0.2647404915368338,0.1814597211778164,1.0,-1,
2026-07-12_15-51-19.mp4,10,0,,,,,-1,
2026-07-05_02-22-41.mp4,10,1,0.12739667693518159,0.12739667693518159,0.6823060810565948,0.0,-1,
2026-07-09_16-19-35.mp4,10,10,0.12315302341210113,0.15271296630505699,0.3782144635915756,0.0,0,
2026-07-08_00-06-41.mp4,10,3,0.07196643744908085,0.24687224110204328,0.5814121812582016,0.3333333333333333,0,
2026-07-17_12-08-29.mp4,10,5,0.1913458268733098,0.21838111988347428,0.7472947239875793,0.2,0,
2026-07-02_07-06-57.mp4,10,0,,,,,-1,
2026-07-14_19-34-19.mp4,10,6,0.17948544789458376,0.2306948798784227,0.24417860805988312,0.16666666666666666,0,
2026-07-01_18-55-25.mp4,10,0,,,,,-1,
2026-07-03_22-51-04.mp4,10,0,,,,,-1,
2026-07-04_08-57-10.mp4,10,0,,,,,-1,
2026-07-19_18-28-09.mp4,10,5,0.2803120468871967,0.28219900824838695,0.018078284803777933,1.0,1,
2026-07-25_11-11-51.mp4,10,6,0.14952913931648465,0.20493287214731756,0.27135905250906944,0.0,0,
2026-07-05_11-45-33.mp4,10,0,,,,,-1,
2026-07-05_12-00-14.mp4,10,0,,,,,-1,
2026-07-12_14-49-12.mp4,10,9,0.14648967762283363,0.1917521471751515,0.3338257223367691,0.1111111111111111,0,
2026-07-18_21-03-34.mp4,10,4,0.2519395809822983,0.2648705580891716,0.04069020692259073,1.0,1,
2026-07-17_07-51-32.mp4,10,10,0.190797027672013,0.2126281151629146,0.2599394731223583,0.2,0,
2026-07-15_08-54-13.mp4,10,0,,,,,-1,
2026-07-10_10-11-58.mp4,10,0,,,,,-1,
2026-07-18_11-21-10.mp4,10,4,0.19116743248512458,0.19914373419066767,0.25913937762379646,0.0,0,
2026-07-02_04-18-21.mp4,10,0,,,,,-1,
2026-07-07_12-03-04.mp4,10,0,,,,,-1,
2026-07-12_05-31-52.mp4,10,0,,,,,-1,
2026-07-10_16-41-17.mp4,10,0,,,,,-1,
2026-07-08_22-03-34.mp4,10,3,0.26257942974502874,0.27196246277307695,0.10213590413331985,0.6666666666666666,1,
2026-07-02_22-51-50.mp4,10,3,0.26862714159398937,0.33543506227550807,0.08943535314756446,0.6666666666666666,1,
2026-07-14_14-55-25.mp4,10,5,0.2744097698850111,0.27727783401915707,0.22724061459302902,1.0,1,
2026-07-09_14-06-48.mp4,10,0,,,,,-1,
2026-07-05_11-44-27.mp4,10,0,,,,,-1,
2026-07-07_09-29-42.mp4,10,2,0.30002991527031087,0.32460549221044066,0.659812867641449,1.0,1,
2026-07-04_05-06-13.mp4,10,0,,,,,-1,
2026-07-25_13-45-14.mp4,10,0,,,,,-1,
2026-07-20_11-29-50.mp4,10,0,,,,,-1,
2026-07-23_07-55-46.mp4,10,0,,,,,-1,
2026-07-05_03-45-40.mp4,10,2,0.1272592301372944,0.13408206236838421,0.4485565349459648,0.0,0,
2026-07-11_10-50-10.mp4,10,0,,,,,-1,
2026-07-06_11-38-17.mp4,10,1,0.24414323181087705,0.24414323181087705,0.12011225521564484,1.0,-1,
2026-07-10_11-16-33.mp4,10,0,,,,,-1,
2026-07-21_15-33-11.mp4,10,10,0.24377576017664304,0.2668895705781319,0.20356862735934556,0.8,1,
2026-07-01_07-34-41.mp4,10,2,0.27146022350462923,0.2806358221349535,0.14440702740103006,1.0,1,
2026-07-09_20-06-33.mp4,10,0,,,,,-1,
2026-07-05_08-54-34.mp4,10,2,0.15709469977983703,0.1572876228601843,0.39122239500284195,0.0,0,
2026-07-13_07-11-03.mp4,10,7,0.275194435404044,0.3392259365881889,0.13123970106244087,1.0,1,
2026-06-30_22-36-31.mp4,10,0,,,,,-1,
2026-07-02_02-26-28.mp4,10,1,0.21371719100694964,0.21371719100694964,0.2881009429693222,1.0,-1,
2026-07-16_06-47-41.mp4,10,2,0.2786620238155474,0.32431286704218176,0.17851409409195185,1.0,1,
2026-07-09_14-43-24.mp4,10,0,,,,,-1,
2026-07-08_07-39-46.mp4,10,1,0.1981887295812599,0.1981887295812599,0.11275249347090721,0.0,-1,
2026-07-01_21-39-52.mp4,10,1,0.26522013677656925,0.26522013677656925,0.08277323096990585,1.0,-1,
2026-07-03_00-43-25.mp4,10,0,,,,,-1,
2026-07-07_13-09-16.mp4,10,0,,,,,-1,
2026-07-06_21-21-10.mp4,10,0,,,,,-1,
2026-07-19_09-47-20.mp4,10,1,0.2561543437943461,0.2561543437943461,0.6808338463306427,1.0,-1,
2026-07-06_17-55-18.mp4,10,0,,,,,-1,
2026-07-04_00-54-53.mp4,10,1,0.19329013390972913,0.19329013390972913,0.49107828736305237,0.0,-1,
2026-07-06_00-12-00.mp4,10,5,0.1746504065604595,0.20458045110406883,0.3276229798793793,0.2,0,
2026-07-10_22-16-06.mp4,10,0,,,,,-1,
2026-07-17_18-55-40.mp4,10,2,0.25824842283869415,0.25908750891251237,0.10022520436905324,1.0,1,
2026-07-10_14-08-38.mp4,10,1,0.121060394529319,0.121060394529319,0.40566958487033844,0.0,-1,
2026-07-14_13-50-14.mp4,10,6,0.2228163882664393,0.24825763059763944,0.13047087797895074,0.6666666666666666,1,
2026-07-13_14-19-17.mp4,10,0,,,,,-1,
2026-07-11_17-01-06.mp4,10,4,0.1263928798283284,0.18779399880643743,0.4350259378552437,0.0,0,
2026-07-15_07-45-14.mp4,10,2,0.18192281799414456,0.18538823231117693,0.2942745313048363,0.0,0,
2026-07-17_02-48-17.mp4,10,10,0.23388389850671282,0.25943683738706275,0.18173984438180923,0.9,1,
2026-07-11_01-54-22.mp4,10,0,,,,,-1,
2026-07-07_11-13-41.mp4,10,1,0.4745510518234615,0.4745510518234615,0.09672376816160977,1.0,-1,
2026-07-09_20-30-03.mp4,10,0,,,,,-1,
2026-07-04_06-44-10.mp4,10,0,,,,,-1,
2026-07-06_00-40-30.mp4,10,10,0.15884557509169644,0.1829703100792267,0.4077739641070366,0.1,0,
2026-07-26_04-39-41.mp4,10,7,0.1674761889314448,0.24762389956628456,0.22590229287743568,0.14285714285714285,0,
2026-07-07_04-51-03.mp4,10,0,,,,,-1,
2026-07-18_15-16-56.mp4,10,3,0.24042881751072162,0.26520597688456304,0.09907093085348606,0.6666666666666666,1,
2026-07-05_13-05-20.mp4,10,0,,,,,-1,
2026-07-08_01-03-52.mp4,10,8,0.14082753271718376,0.1703097169865337,0.33741963282227516,0.0,0,
2026-07-12_18-22-53.mp4,10,2,0.09797157593580855,0.09999815843461295,0.5350692495703697,0.0,0,
2026-07-04_08-29-11.mp4,10,0,,,,,-1,
2026-06-30_14-24-25.mp4,10,0,,,,,-1,
2026-06-30_18-22-13.mp4,10,0,,,,,-1,
2026-07-25_01-14-46.mp4,10,6,0.16910901226583477,0.2027255670116612,0.2610634323209524,0.0,0,
2026-07-04_02-40-16.mp4,10,0,,,,,-1,
2026-07-01_09-36-54.mp4,10,0,,,,,-1,
2026-07-17_07-23-14.mp4,10,10,0.20764506779200093,0.21903293632888604,0.1313312090933323,0.3,0,
2026-07-13_10-50-01.mp4,10,7,0.1381679494704484,0.1405565871498797,0.3680909276008606,0.0,0,
2026-07-22_03-10-40.mp4,10,0,,,,,-1,
2026-07-06_00-19-30.mp4,10,9,0.2056989047123307,0.22779950364801219,0.2583616077899933,0.4444444444444444,0,
2026-07-25_19-45-28.mp4,10,10,0.17755401475009908,0.19934967667292508,0.25964996963739395,0.1,0,
2026-07-07_04-57-45.mp4,10,0,,,,,-1,
2026-07-02_02-31-16.mp4,10,0,,,,,-1,
2026-07-21_10-13-44.mp4,10,4,0.28309235020079704,0.29518511157417193,0.06644347030669451,1.0,1,
2026-07-06_15-22-42.mp4,10,0,,,,,-1,
2026-07-05_13-04-02.mp4,10,0,,,,,-1,
2026-07-11_17-57-30.mp4,10,6,0.18628880474289758,0.20217977635251472,0.23503695242106915,0.0,0,
2026-07-06_13-28-15.mp4,10,3,0.2698728484889158,0.30217641683229823,0.30125801265239716,0.6666666666666666,1,
2026-07-22_08-55-23.mp4,10,0,,,,,-1,
2026-07-14_11-50-03.mp4,10,4,0.18048734280186862,0.21439845208013852,0.15286759100854397,0.25,0,
2026-07-05_04-36-37.mp4,10,10,0.20142669436662572,0.2538284021946295,0.37100401520729065,0.4,0,
2026-07-18_15-12-44.mp4,10,5,0.18121038357041663,0.29293110709601244,0.29764391481876373,0.2,0,
2026-07-05_11-30-27.mp4,10,0,,,,,-1,
2026-07-09_19-59-21.mp4,10,1,0.12275426503695826,0.12275426503695826,0.49998271465301514,0.0,-1,
2026-07-08_23-17-10.mp4,10,7,0.27305605161362256,0.3377148873403314,0.07436250150203705,1.0,1,
2026-07-11_02-05-10.mp4,10,0,,,,,-1,
2026-07-18_17-58-18.mp4,10,3,0.19881710547771275,0.2234829473868203,0.20765425264835358,0.3333333333333333,0,
2026-07-26_02-22-06.mp4,10,6,0.19975533870052148,0.26334434479649727,0.23297833651304245,0.3333333333333333,0,
2026-07-25_23-50-02.mp4,10,5,0.22989266854941537,0.26188013655299125,0.2215157151222229,0.6,1,
2026-07-15_18-36-07.mp4,10,5,0.25599817058547636,0.32123469034438307,0.14482249692082405,1.0,1,
2026-07-05_19-02-30.mp4,10,0,,,,,-1,
2026-07-02_14-21-52.mp4,10,0,,,,,-1,
2026-07-10_13-30-56.mp4,10,4,0.1228379974402623,0.1509881403695058,0.5536594390869141,0.0,0,
2026-07-19_10-43-50.mp4,10,9,0.1790768033739007,0.235914913205798,0.25168921053409576,0.3333333333333333,0,
2026-07-22_08-55-11.mp4,10,0,,,,,-1,
2026-07-11_14-51-59.mp4,10,4,0.181591707086525,0.19805663278908525,0.18577023036777973,0.0,0,
2026-07-14_13-36-50.mp4,10,0,,,,,-1,
2026-07-09_05-41-42.mp4,10,1,0.1387620508258513,0.1387620508258513,0.4155748337507248,0.0,-1,
2026-07-13_19-47-54.mp4,10,0,,,,,-1,
2026-07-04_08-07-23.mp4,10,1,0.26802068816324043,0.26802068816324043,0.3902326305396855,1.0,-1,
2026-07-12_06-40-09.mp4,10,7,0.10945823178961081,0.13686844177269533,0.4687781184911728,0.0,0,
2026-07-20_22-00-40.mp4,10,1,0.2533298913142456,0.2533298913142456,0.1047211829572916,1.0,-1,
2026-07-09_14-09-54.mp4,10,0,,,,,-1,
2026-07-11_17-16-00.mp4,10,0,,,,,-1,
2026-07-22_11-06-16.mp4,10,5,0.4236154983812268,0.466834242532484,0.1898256316781044,1.0,1,
2026-07-11_18-03-59.mp4,10,1,0.1980382515773686,0.1980382515773686,0.1882940623909235,0.0,-1,
2026-07-07_02-08-58.mp4,10,0,,,,,-1,
2026-07-05_08-50-04.mp4,10,0,,,,,-1,
2026-07-12_13-49-37.mp4,10,1,0.29276851867622666,0.29276851867622666,0.039717341773211956,1.0,-1,
2026-07-05_16-17-58.mp4,10,1,0.2603838433941424,0.2603838433941424,0.013994889799505472,1.0,-1,
2026-07-18_14-15-57.mp4,10,1,0.34393578768296673,0.34393578768296673,0.03558638412505388,1.0,-1,
2026-07-07_08-40-54.mp4,10,0,,,,,-1,
2026-07-14_07-22-30.mp4,10,8,0.1432301064957031,0.16529724977705318,0.3770427219569683,0.0,0,
2026-07-02_03-37-04.mp4,10,3,0.23982757201169186,0.27361883318126345,0.11355002596974373,1.0,1,
2026-07-18_07-25-37.mp4,10,2,0.22641204196853798,0.23885348211346333,0.20497647672891617,1.0,1,
2026-07-09_16-03-11.mp4,10,0,,,,,-1,
2026-07-07_00-25-47.mp4,10,0,,,,,-1,
2026-07-08_15-52-23.mp4,10,0,,,,,-1,
2026-07-07_18-54-31.mp4,10,0,,,,,-1,
2026-07-08_22-28-52.mp4,10,0,,,,,-1,
2026-07-10_06-38-12.mp4,10,0,,,,,-1,
2026-07-06_00-06-48.mp4,10,0,,,,,-1,
2026-06-30_21-42-49.mp4,10,4,0.23148265225164782,0.2446590372561353,0.17105288617312908,0.75,1,
2026-07-09_17-06-41.mp4,10,0,,,,,-1,
2026-07-10_14-14-32.mp4,10,1,0.13612708567150503,0.13612708567150503,0.45250703394412994,0.0,-1,
2026-07-17_22-41-12.mp4,10,4,0.23562417631168014,0.24682610391675053,0.15432370454072952,1.0,1,
2026-07-07_09-21-30.mp4,10,0,,,,,-1,
2026-07-23_23-23-20.mp4,10,3,0.2356159006736249,0.23950073191357638,0.195728350430727,0.6666666666666666,1,
2026-07-01_23-34-02.mp4,10,0,,,,,-1,
2026-07-02_10-03-43.mp4,10,0,,,,,-1,
2026-07-23_16-34-53.mp4,10,6,0.20471668026334827,0.24157698045966988,0.8141866028308868,0.3333333333333333,0,
2026-07-05_09-24-45.mp4,10,5,0.09527400379559578,0.12295791927492547,0.5747178196907043,0.0,0,
2026-07-08_14-14-06.mp4,10,1,0.20371079972207806,0.20371079972207806,0.18296510726213455,0.0,-1,
2026-07-15_19-51-18.mp4,10,2,0.17343957794950252,0.1858589896418049,0.3188505657017231,0.0,0,
2026-07-07_20-22-24.mp4,10,2,0.16757642674407527,0.17746722929436817,0.39286505430936813,0.0,0,
2026-07-02_04-20-51.mp4,10,1,0.241138967408683,0.241138967408683,0.19718932919204235,1.0,-1,
2026-07-06_21-32-40.mp4,10,0,,,,,-1,
2026-07-01_21-39-40.mp4,10,3,0.3061991816586359,0.31647223957261095,0.06954365409910679,1.0,1,
2026-07-08_14-04-43.mp4,10,0,,,,,-1,
2026-07-25_10-54-16.mp4,10,10,0.1678836289770404,0.24392425178243676,0.3054538108408451,0.2,0,
2026-07-22_00-40-41.mp4,10,5,0.2788663775394613,0.3534184253585628,0.13083432987332344,1.0,1,
2026-07-08_21-47-05.mp4,10,0,,,,,-1,
2026-07-06_10-36-35.mp4,10,1,0.3219780941151248,0.3219780941151248,0.3816334754228592,1.0,-1,
2026-07-11_01-38-52.mp4,10,4,0.17537943259055605,0.1995917581805104,0.5033183172345161,0.0,0,
2026-07-16_03-54-01.mp4,10,4,0.17888352343954192,0.23065248495878105,0.3615051433444023,0.25,0,
2026-07-24_07-27-45.mp4,10,4,0.18008638910847807,0.21630233809733815,0.2768920324742794,0.25,0,
2026-07-21_12-03-43.mp4,10,1,0.26977864268091434,0.26977864268091434,0.13809451833367348,1.0,-1,
2026-07-25_17-53-47.mp4,10,0,,,,,-1,
2026-07-15_23-38-39.mp4,10,0,,,,,-1,
2026-07-17_02-45-53.mp4,10,10,0.145252904771682,0.15439364990682508,0.34544896334409714,0.0,0,
2026-07-01_08-20-13.mp4,10,0,,,,,-1,
2026-07-14_14-23-08.mp4,10,9,0.23141634073879372,0.2504930422347516,0.1343604028224945,1.0,1,
2026-07-01_18-03-11.mp4,10,0,,,,,-1,
2026-07-22_15-16-25.mp4,10,10,0.1590578216261329,0.1764899644331621,0.2676810994744301,0.0,0,
2026-07-21_15-30-17.mp4,10,5,0.2444953084291197,0.25920211330916165,0.1139831617474556,0.8,1,
2026-07-15_10-09-37.mp4,10,0,,,,,-1,
2026-07-13_09-23-56.mp4,10,0,,,,,-1,
2026-07-26_02-38-12.mp4,10,10,0.15001736599019438,0.21287147531921236,0.3530178852379322,0.2,0,
2026-07-06_18-28-18.mp4,10,0,,,,,-1,
2026-07-20_22-58-39.mp4,10,6,0.30202979467547975,0.3630968984897919,0.0799521692097187,1.0,1,
2026-07-08_20-45-44.mp4,10,1,0.14499495361247677,0.14499495361247677,0.8333459794521332,0.0,-1,
2026-07-07_06-17-32.mp4,10,0,,,,,-1,
2026-07-20_19-56-17.mp4,10,2,0.1938939049374951,0.19896982280325967,0.36270937137305737,0.0,0,
2026-07-07_17-24-13.mp4,10,1,0.30233060638483494,0.30233060638483494,0.3897196426987648,1.0,-1,
2026-07-01_21-46-28.mp4,10,3,0.3090136308031397,0.3161826661769431,0.06477684155106544,1.0,1,
2026-07-04_10-20-39.mp4,10,0,,,,,-1,
2026-07-03_06-02-05.mp4,10,0,,,,,-1,
2026-07-21_08-35-09.mp4,10,10,0.20928908389525958,0.23832224567781385,0.21267901733517647,0.5,1,
2026-07-07_11-21-29.mp4,10,0,,,,,-1,
2026-07-10_17-56-38.mp4,10,5,0.22417882360725044,0.2352824641105069,0.16011707112193108,0.6,1,
2026-07-01_06-22-02.mp4,10,1,0.23796136663672202,0.23796136663672202,0.046655576676130295,1.0,-1,
2026-07-07_22-36-30.mp4,10,0,,,,,-1,
2026-07-14_18-58-55.mp4,10,8,0.1775067620321219,0.24654515594652554,0.3061237409710884,0.25,0,
2026-07-05_10-26-43.mp4,10,0,,,,,-1,
2026-07-06_20-46-10.mp4,10,0,,,,,-1,
2026-07-03_20-40-42.mp4,10,0,,,,,-1,
2026-07-09_09-56-15.mp4,10,0,,,,,-1,
2026-07-07_11-22-23.mp4,10,1,0.3670859585230488,0.3670859585230488,0.2040272057056427,1.0,-1,
2026-07-21_06-13-05.mp4,10,7,0.23252162014111777,0.2706452460635704,0.21627651434391737,0.8571428571428571,1,
2026-07-02_06-23-27.mp4,10,0,,,,,-1,
2026-07-18_13-11-33.mp4,10,4,0.2364096083414058,0.2559654256179389,0.6209840625524521,0.75,1,
2026-07-20_15-33-11.mp4,10,0,,,,,-1,
2026-07-03_20-17-06.mp4,10,1,0.4534064824845471,0.4534064824845471,0.04813154973089695,1.0,-1,
2026-07-25_02-51-45.mp4,10,1,0.30087654114142315,0.30087654114142315,0.07720430055633187,1.0,-1,
2026-07-10_00-33-58.mp4,10,0,,,,,-1,
2026-07-14_22-37-56.mp4,10,0,,,,,-1,
2026-07-11_22-47-35.mp4,10,0,,,,,-1,
2026-07-25_03-50-44.mp4,10,1,0.4141834904423057,0.4141834904423057,0.028957131784409285,1.0,-1,
2026-07-18_22-02-58.mp4,10,2,0.20508846946079118,0.25579608643506385,0.224067741073668,0.5,1,
2026-07-03_12-08-55.mp4,10,1,0.3187221453421223,0.3187221453421223,0.1432364657521248,1.0,-1,
2026-07-09_11-22-26.mp4,10,0,,,,,-1,
2026-07-08_20-45-56.mp4,10,0,,,,,-1,
2026-07-25_14-19-55.mp4,10,9,0.2068370546984939,0.2514727011482683,0.16895216703414917,0.4444444444444444,0,
2026-07-02_12-47-41.mp4,10,0,,,,,-1,
2026-07-22_13-37-14.mp4,10,0,,,,,-1,
2026-07-02_17-24-03.mp4,10,0,,,,,-1,
2026-07-05_13-30-13.mp4,10,0,,,,,-1,
2026-07-25_23-28-20.mp4,10,9,0.17331970974427427,0.20639667053046976,0.3056255541741848,0.1111111111111111,0,
2026-07-20_19-49-41.mp4,10,0,,,,,-1,
2026-07-04_07-10-35.mp4,10,0,,,,,-1,
2026-07-18_15-37-26.mp4,10,9,0.1624066932373118,0.22185628707940633,0.3512861728668213,0.2222222222222222,0,
2026-07-05_03-38-10.mp4,10,0,,,,,-1,
2026-07-11_05-08-14.mp4,10,0,,,,,-1,
2026-07-12_17-42-44.mp4,10,0,,,,,-1,
2026-07-06_12-48-04.mp4,10,0,,,,,-1,
2026-07-02_10-13-13.mp4,10,0,,,,,-1,
2026-07-04_06-33-19.mp4,10,0,,,,,-1,
2026-07-01_08-19-22.mp4,10,0,,,,,-1,
2026-07-03_16-17-47.mp4,10,0,,,,,-1,
2026-07-04_08-06-05.mp4,10,0,,,,,-1,
2026-07-08_12-00-50.mp4,10,0,,,,,-1,
2026-07-04_02-22-22.mp4,10,0,,,,,-1,
2026-07-08_20-46-32.mp4,10,0,,,,,-1,
2026-07-09_11-46-02.mp4,10,0,,,,,-1,
2026-07-02_00-53-31.mp4,10,0,,,,,-1,
2026-07-21_11-17-55.mp4,10,0,,,,,-1,
2026-07-02_15-36-51.mp4,10,0,,,,,-1,
2026-07-10_14-21-31.mp4,10,0,,,,,-1,
2026-07-09_14-39-36.mp4,10,0,,,,,-1,
2026-07-06_23-41-24.mp4,10,0,,,,,-1,
2026-07-19_11-29-03.mp4,10,10,0.22093032538650095,0.25636086094479854,0.2919849883764982,0.5,1,
2026-07-01_18-41-38.mp4,10,1,0.2518258333081073,0.2518258333081073,0.18219715356826782,1.0,-1,
2026-07-07_02-06-58.mp4,10,1,0.23778173102450326,0.23778173102450326,0.22131948918104172,1.0,-1,
2026-07-03_21-26-05.mp4,10,2,0.27432613074828843,0.2750355673866222,0.2157227247953415,1.0,1,
2026-07-05_15-50-46.mp4,10,1,0.30431859555137575,0.30431859555137575,0.28629620745778084,1.0,-1,
2026-07-14_22-46-20.mp4,10,6,0.16806864645226796,0.18899364596802176,0.27950847893953323,0.0,0,
2026-07-03_11-05-56.mp4,10,0,,,,,-1,
2026-07-03_06-39-47.mp4,10,3,0.26454045709833796,0.2702303040702546,0.0761126596480608,1.0,1,
2026-07-04_23-49-45.mp4,10,0,,,,,-1,
2026-07-09_06-00-42.mp4,10,0,,,,,-1,
2026-07-09_16-02-35.mp4,10,3,0.12082123468663102,0.15958972799526766,0.4858200401067734,0.0,0,
2026-07-07_01-16-47.mp4,10,2,0.26642548646675157,0.3044664484021606,0.5793971791863441,1.0,1,
2026-07-01_12-42-18.mp4,10,0,,,,,-1,
2026-07-06_18-02-30.mp4,10,0,,,,,-1,
2026-07-21_13-04-06.mp4,10,5,0.22248749722902927,0.24664909448107555,0.15435708314180374,0.8,1,
2026-07-03_12-54-31.mp4,10,0,,,,,-1,
2026-07-07_19-13-01.mp4,10,2,0.18749326013554346,0.21622992077241796,0.3022151533514261,0.5,1,
2026-07-06_18-34-41.mp4,10,0,,,,,-1,
2026-07-22_00-10-05.mp4,10,6,0.23340634800391843,0.2619050867190874,0.1420388426631689,0.6666666666666666,1,
2026-07-05_22-00-32.mp4,10,2,0.3831649905918433,0.4488387773645047,0.12600546050816774,1.0,1,
2026-07-04_06-38-19.mp4,10,0,,,,,-1,
2026-07-15_17-49-49.mp4,10,3,0.18209227119925758,0.26655060969720806,0.4734174311161041,0.3333333333333333,0,
2026-07-03_00-17-57.mp4,10,0,,,,,-1,
2026-07-10_13-31-08.mp4,10,2,0.045475583992222436,0.05006270004852541,0.6297305971384048,0.0,0,
2026-07-05_05-32-41.mp4,10,4,0.23274883979712285,0.288415969079045,0.053669036366045475,0.75,1,
2026-07-06_03-20-46.mp4,10,0,,,,,-1,
2026-07-03_09-52-33.mp4,10,0,,,,,-1,
2026-07-19_23-44-12.mp4,10,1,0.1794429638836644,0.1794429638836644,0.3755935728549957,0.0,-1,
2026-07-06_08-08-19.mp4,10,0,,,,,-1,
2026-07-09_17-33-59.mp4,10,0,,,,,-1,
2026-07-19_01-49-19.mp4,10,3,0.21800204258645994,0.2579072227468898,0.3202744871377945,0.6666666666666666,1,
2026-07-06_00-38-06.mp4,10,9,0.1901478783681219,0.2408357658267454,0.3735467940568924,0.3333333333333333,0,
2026-07-09_06-58-17.mp4,10,2,0.18448796397673295,0.188361504741038,0.2856372818350792,0.0,0,
2026-07-05_03-38-35.mp4,10,0,,,,,-1,
2026-07-23_00-50-32.mp4,10,5,0.20544875269782426,0.20782978538698346,0.2458711713552475,0.0,0,
2026-07-02_10-35-18.mp4,10,6,0.2291728273220124,0.23723457361919495,0.22101513296365738,0.8333333333333334,1,
2026-07-26_09-36-50.mp4,10,8,0.21507068858818876,0.29952838707236057,0.5375377312302589,0.5,1,
2026-07-05_07-56-22.mp4,10,3,0.1738557975544887,0.17832809366472951,0.30936305597424507,0.0,0,
2026-07-24_02-31-24.mp4,10,6,0.3042967036362981,0.348115979906928,0.05322213703766465,1.0,1,
2026-07-22_02-35-10.mp4,10,9,0.1688049830974011,0.19835213975430005,0.43093889206647873,0.0,0,
2026-07-15_04-26-46.mp4,10,3,0.15364622023421215,0.17330882509598705,0.4783700257539749,0.0,0,
2026-07-08_18-53-51.mp4,10,0,,,,,-1,
2026-07-09_05-52-06.mp4,10,1,0.18076158466848746,0.18076158466848746,0.31219713389873505,0.0,-1,
2026-07-05_12-13-44.mp4,10,1,0.31688210475514983,0.31688210475514983,0.12049148604273796,1.0,-1,
2026-07-04_01-44-23.mp4,10,2,0.29774393411622335,0.33772332736782207,0.2959711719304323,1.0,1,
2026-07-18_07-18-19.mp4,10,1,0.2544335686461275,0.2544335686461275,0.22849676758050919,1.0,-1,
2026-07-14_14-58-01.mp4,10,2,0.31606682311522183,0.33425602477985533,0.06073180353268981,1.0,1,
2026-07-26_04-10-11.mp4,10,0,,,,,-1,
2026-07-09_18-51-05.mp4,10,0,,,,,-1,
2026-07-07_10-49-23.mp4,10,0,,,,,-1,
2026-07-24_21-13-12.mp4,10,7,0.3346449152660404,0.4006891166979667,0.28933676332235336,0.8571428571428571,1,
2026-07-21_14-07-30.mp4,10,0,,,,,-1,
2026-07-25_02-48-09.mp4,10,1,0.26066482111142913,0.26066482111142913,0.3117118515074253,1.0,-1,
2026-06-30_16-10-44.mp4,10,0,,,,,-1,
2026-07-09_17-03-23.mp4,10,0,,,,,-1,
2026-07-12_14-51-36.mp4,10,0,,,,,-1,
2026-07-12_08-11-32.mp4,10,0,,,,,-1,
2026-07-15_17-42-13.mp4,10,0,,,,,-1,
2026-07-11_18-51-27.mp4,10,0,,,,,-1,
2026-07-04_10-40-16.mp4,10,0,,,,,-1,
2026-07-01_06-16-14.mp4,10,0,,,,,-1,
2026-07-06_14-35-42.mp4,10,0,,,,,-1,
2026-07-16_22-31-38.mp4,10,1,0.18134382563887055,0.18134382563887055,0.4194781333208084,0.0,-1,
2026-07-03_07-32-40.mp4,10,0,,,,,-1,
2026-07-13_09-31-02.mp4,10,0,,,,,-1,
2026-07-03_12-15-31.mp4,10,0,,,,,-1,
2026-07-17_03-23-23.mp4,10,1,0.21140547700794232,0.21140547700794232,0.14076120778918266,1.0,-1,
2026-07-03_13-22-00.mp4,10,2,0.2870849410323026,0.28968234839354634,0.2197125479578972,1.0,1,
2026-07-10_15-18-43.mp4,10,0,,,,,-1,
2026-07-10_02-11-09.mp4,10,10,0.25743959799689475,0.27054640351265874,0.21343889273703098,1.0,1,
2026-07-14_14-22-20.mp4,10,5,0.32305767867890633,0.327704370029655,0.0756189115345478,1.0,1,
2026-07-08_01-04-34.mp4,10,9,0.14272533941604448,0.1607970124959279,0.30895404517650604,0.0,0,
2026-07-21_12-03-07.mp4,10,10,0.19123487576181758,0.23230514876973202,0.2524217627942562,0.3,0,
2026-07-19_03-56-54.mp4,10,7,0.2794489278785598,0.29531486403584395,0.09225036203861237,1.0,1,
2026-07-05_14-34-19.mp4,10,0,,,,,-1,
2026-07-16_09-07-34.mp4,10,0,,,,,-1,
2026-07-05_04-34-49.mp4,10,8,0.15163105972864238,0.23392414937280953,0.5149497017264366,0.25,0,
2026-07-18_23-58-45.mp4,10,9,0.30762066952801936,0.3776102433371936,0.050366127863526344,1.0,1,
2026-07-11_04-10-27.mp4,10,0,,,,,-1,
2026-07-06_20-15-34.mp4,10,0,,,,,-1,
2026-06-30_18-52-59.mp4,10,0,,,,,-1,
2026-07-15_14-54-40.mp4,10,2,0.2629348366919305,0.2704600139861795,0.07243414944969118,1.0,1,
2026-07-10_15-05-07.mp4,10,1,0.3154806562103999,0.3154806562103999,0.06176631851121783,1.0,-1,
2026-07-22_23-18-27.mp4,10,0,,,,,-1,
2026-07-12_14-35-06.mp4,10,7,0.14451106560709542,0.21469087776960702,0.2933664694428444,0.14285714285714285,0,
2026-07-01_18-49-19.mp4,10,5,0.2429055003706856,0.2476548858133958,0.21758734434843063,1.0,1,
2026-07-26_03-27-59.mp4,10,0,,,,,-1,
2026-07-25_23-40-26.mp4,10,6,0.22056645836638733,0.2630802697319989,0.2914241589605808,0.6666666666666666,1,
2026-07-03_03-37-18.mp4,10,1,0.3463554608469429,0.3463554608469429,0.08306569792330265,1.0,-1,
2026-07-09_00-17-33.mp4,10,8,0.27046456459471735,0.3378190748265449,0.10100441519171,0.625,1,
2026-07-13_18-34-49.mp4,10,2,0.314541302416059,0.32265774283340115,0.09582872688770294,1.0,1,
2026-07-03_15-12-23.mp4,10,0,,,,,-1,
2026-07-10_15-13-43.mp4,10,3,0.3027081037566693,0.3278091951508952,0.2510683313012123,1.0,1,
2026-07-03_22-44-40.mp4,10,0,,,,,-1,
2026-07-10_16-20-06.mp4,10,0,,,,,-1,
2026-07-11_10-54-22.mp4,10,1,0.316493627560022,0.316493627560022,0.8127009570598602,1.0,-1,
2026-07-15_09-44-07.mp4,10,4,0.19556648790651446,0.24841744946063482,0.24652979709208012,0.5,1,
2026-07-03_22-52-58.mp4,10,0,,,,,-1,
2026-07-06_18-03-42.mp4,10,1,0.3353803798942548,0.3353803798942548,0.12549452669918537,1.0,-1,
2026-07-18_11-26-46.mp4,10,3,0.2228185330787461,0.23773026060512867,0.10002478957176208,0.6666666666666666,1,
2026-07-13_17-22-14.mp4,10,2,0.20030364609881351,0.23593089050787378,0.398035051766783,0.5,1,
2026-07-04_08-38-35.mp4,10,2,0.31285212581249244,0.31825659479205615,0.1325030424632132,1.0,1,
2026-07-08_20-17-20.mp4,10,0,,,,,-1,
2026-07-19_14-45-49.mp4,10,5,0.21281809230245952,0.23298515699750283,0.18100031465291977,0.6,1,
2026-07-15_09-11-55.mp4,10,1,0.3090280971455148,0.3090280971455148,0.14788090251386166,1.0,-1,
2026-07-06_00-40-06.mp4,10,7,0.12300512597171565,0.2239685064765066,0.4410499632358551,0.2857142857142857,0,
2026-07-06_08-19-01.mp4,10,1,0.31261245836702806,0.31261245836702806,0.045031776651740074,1.0,-1,
2026-07-09_18-50-29.mp4,10,6,0.10582716038560598,0.11736565132410609,0.5960604175925255,0.0,0,
2026-07-09_03-05-13.mp4,10,0,,,,,-1,
2026-07-23_20-50-03.mp4,10,4,0.2757713567606873,0.31607915658808333,0.10243265330791473,1.0,1,
2026-07-26_01-40-06.mp4,10,0,,,,,-1,
2026-07-03_13-07-43.mp4,10,0,,,,,-1,
2026-07-08_18-48-45.mp4,10,7,0.16752174703704595,0.17386311433845464,0.31612855941057205,0.0,0,
2026-07-04_04-38-44.mp4,10,2,0.3524876870486603,0.36231844345644276,0.05990862939506769,1.0,1,
2026-07-05_04-31-49.mp4,10,0,,,,,-1,
2026-07-05_16-29-33.mp4,10,0,,,,,-1,
2026-07-15_04-22-58.mp4,10,9,0.14560547667042373,0.1494673231985694,0.21361831575632095,0.0,0,
2026-07-15_15-51-50.mp4,10,0,,,,,-1,
2026-07-14_18-08-43.mp4,10,5,0.2683370983694017,0.28408123524595597,0.3194945156574249,1.0,1,
2026-07-24_19-20-43.mp4,10,4,0.28463817973093963,0.3507836990237369,0.07765287347137928,0.75,1,
2026-07-23_20-10-58.mp4,10,1,0.16683515855460265,0.16683515855460265,0.23696352541446686,0.0,-1,
2026-07-03_13-08-31.mp4,10,0,,,,,-1,
2026-07-04_10-39-52.mp4,10,0,,,,,-1,
2026-07-17_13-16-22.mp4,10,0,,,,,-1,
2026-07-17_04-58-40.mp4,10,5,0.1590326868251793,0.1610912554749546,0.3452173173427582,0.0,0,
2026-07-11_04-49-08.mp4,10,0,,,,,-1,
2026-07-23_18-39-57.mp4,10,1,0.2443062170922703,0.2443062170922703,0.19206320866942406,1.0,-1,
2026-07-04_01-46-05.mp4,10,0,,,,,-1,
2026-07-18_10-44-29.mp4,10,0,,,,,-1,
2026-07-04_09-32-52.mp4,10,0,,,,,-1,
2026-07-09_23-39-11.mp4,10,0,,,,,-1,
2026-07-18_22-03-34.mp4,10,0,,,,,-1,
2026-07-03_20-40-18.mp4,10,0,,,,,-1,
2026-07-14_16-26-43.mp4,10,3,0.17809832516046337,0.19735920000855567,0.2325628697872162,0.0,0,
2026-07-08_20-36-08.mp4,10,0,,,,,-1,
2026-07-17_11-07-00.mp4,10,5,0.3143215629039091,0.3316031181920472,0.04254851589212194,0.6,1,
2026-07-22_07-45-31.mp4,10,2,0.26211871953841004,0.2729975690890591,0.2767926435917616,1.0,1,
2026-07-06_00-21-24.mp4,10,3,0.08631712413483145,0.1841119175678916,0.6355518102645874,0.0,0,
2026-07-22_23-21-15.mp4,10,5,0.18055844235169677,0.2231024995479778,0.41811491549015045,0.2,0,
2026-07-03_06-38-59.mp4,10,8,0.2567548398774089,0.2783507088993073,0.07390547823160887,1.0,1,
2026-07-11_13-41-12.mp4,10,1,0.22387123558850794,0.22387123558850794,0.34712226688861847,1.0,-1,
2026-07-11_08-41-23.mp4,10,2,0.3068184128404861,0.3161405156197678,0.02670884144026786,1.0,1,
2026-07-23_03-03-13.mp4,10,2,0.2823533081631247,0.28387236856733333,0.051641397178173065,1.0,1,
2026-07-17_09-15-13.mp4,10,9,0.2773641503074986,0.28495876030231904,0.1808561235666275,1.0,1,
2026-07-15_10-15-01.mp4,10,4,0.21449978348492194,0.22289779924706182,0.20632034540176392,0.5,1,
2026-07-22_04-06-39.mp4,10,7,0.2680237791993575,0.32277920401038285,0.031905097886919975,1.0,1,
2026-07-10_05-12-43.mp4,10,0,,,,,-1,
2026-07-10_01-37-04.mp4,10,1,0.336376895671218,0.336376895671218,0.07010122202336788,1.0,-1,
2026-07-03_14-24-48.mp4,10,0,,,,,-1,
2026-07-18_21-02-04.mp4,10,3,0.1806337006589694,0.1924475084338703,0.3082330971956253,0.0,0,
2026-07-07_21-48-43.mp4,10,0,,,,,-1,
2026-07-19_00-04-02.mp4,10,4,0.22363789050545435,0.2554130043948739,0.4289916306734085,1.0,1,
2026-07-20_22-57-45.mp4,10,5,0.25403504488063133,0.26104402451907277,0.10734106786549091,1.0,1,
2026-07-13_10-39-37.mp4,10,7,0.13785407922914159,0.20124307820172116,0.2653665617108345,0.0,0,
2026-07-10_08-25-53.mp4,10,8,0.23334179455590787,0.2745644905038943,0.18935425113886595,1.0,1,
2026-07-12_21-43-14.mp4,10,4,0.301736303720862,0.32719006426455116,0.17198549211025238,1.0,1,
2026-07-10_05-36-19.mp4,10,2,0.19383238889253457,0.19947752734143287,0.2836696580052376,0.0,0,
2026-07-18_11-17-40.mp4,10,0,,,,,-1,
2026-07-17_11-05-12.mp4,10,8,0.2591565217559947,0.2884685295524029,0.11609167652204633,0.875,1,
2026-07-04_12-31-03.mp4,10,0,,,,,-1,
2026-07-11_13-47-18.mp4,10,0,,,,,-1,
2026-07-12_20-03-59.mp4,10,0,,,,,-1,
2026-07-19_06-44-40.mp4,10,10,0.18492313039264538,0.22295662047596854,0.3290810286998749,0.2,0,
2026-07-18_15-08-08.mp4,10,1,0.24662197397964467,0.24662197397964467,0.08291072770953178,1.0,-1,
2026-07-20_21-42-22.mp4,10,0,,,,,-1,
2026-07-21_01-05-44.mp4,10,4,0.2247920732678615,0.24334669530069153,0.22976198885589838,0.75,1,
2026-07-11_10-15-04.mp4,10,0,,,,,-1,
2026-07-08_07-12-47.mp4,10,0,,,,,-1,
2026-07-10_18-12-44.mp4,10,7,0.2165319646401224,0.22706270831616923,0.17865659296512604,0.8571428571428571,1,
2026-07-09_21-34-56.mp4,10,0,,,,,-1,
2026-07-22_10-56-40.mp4,10,7,0.28994413890900916,0.306940130341575,0.24328318238258362,1.0,1,
2026-07-08_13-55-43.mp4,10,0,,,,,-1,
2026-07-19_17-40-46.mp4,10,0,,,,,-1,
2026-07-06_18-01-54.mp4,10,0,,,,,-1,
2026-07-01_21-24-47.mp4,10,0,,,,,-1,
2026-07-20_00-45-17.mp4,10,5,0.3551847130799922,0.3862896499553559,0.1768587976694107,1.0,1,
2026-07-10_16-43-05.mp4,10,0,,,,,-1,
2026-07-21_08-30-21.mp4,10,10,0.2944937831298999,0.4194683923495973,0.23359377682209015,0.9,1,
2026-07-08_12-37-25.mp4,10,0,,,,,-1,
2026-07-23_19-06-32.mp4,10,6,0.2739392024140975,0.4451170510020205,0.15152104943990707,1.0,1,
2026-07-23_19-08-44.mp4,10,0,,,,,-1,
2026-07-06_07-08-13.mp4,10,0,,,,,-1,
2026-07-22_16-58-39.mp4,10,6,0.211020736202521,0.30686616872289346,0.2747954910155386,0.5,1,
2026-07-20_12-32-49.mp4,10,10,0.1733179502503715,0.20400636068508804,0.3532012961804867,0.0,0,
2026-07-26_02-27-30.mp4,10,4,0.13143753286528792,0.14209455797538886,0.2747034952044487,0.0,0,
2026-07-11_09-00-35.mp4,10,0,,,,,-1,
2026-07-18_22-02-34.mp4,10,2,0.17740714127477275,0.19791310024704528,0.21402988210320473,0.0,0,
2026-07-12_12-22-41.mp4,10,1,0.24710009919096687,0.24710009919096687,0.2009023204445839,1.0,-1,
2026-07-10_11-41-03.mp4,10,0,,,,,-1,
2026-07-05_03-52-22.mp4,10,3,0.22162261039324802,0.2340451606601132,0.3992138206958771,0.6666666666666666,1,
2026-07-18_13-28-51.mp4,10,0,,,,,-1,
2026-07-07_17-15-49.mp4,10,2,0.3033240130589324,0.3124467140798797,0.08740528859198093,1.0,1,
2026-07-12_19-09-05.mp4,10,0,,,,,-1,
2026-07-03_14-19-24.mp4,10,0,,,,,-1,
2026-07-06_14-37-18.mp4,10,0,,,,,-1,
2026-07-22_02-04-16.mp4,10,5,0.16769392069995975,0.23659258368014155,0.27826251834630966,0.2,0,
2026-07-08_08-28-16.mp4,10,1,0.25156318485405765,0.25156318485405765,0.19240152090787888,1.0,-1,
2026-07-12_03-59-23.mp4,10,0,,,,,-1,
2026-07-20_22-51-51.mp4,10,5,0.20892519139159269,0.29864590326815665,0.18580859526991844,0.4,0,
2026-07-02_18-41-56.mp4,10,0,,,,,-1,
2026-07-18_15-15-56.mp4,10,5,0.17284823050597714,0.20956453868063613,0.2768184319138527,0.2,0,
2026-07-24_10-47-25.mp4,10,1,0.2707905340944964,0.2707905340944964,0.11511803790926933,1.0,-1,
2026-07-09_15-29-00.mp4,10,5,0.24307620287454806,0.2488656422911622,0.2165936715900898,1.0,1,
2026-07-22_04-04-51.mp4,10,2,0.3522735200843758,0.4775704056525899,0.16088253077759873,0.5,1,
2026-07-18_03-15-27.mp4,10,9,0.10970303127143849,0.1499880617591217,0.49466535449028015,0.1111111111111111,0,
2026-07-17_04-55-28.mp4,10,5,0.20285228141998563,0.2139119880620072,0.16956930235028267,0.4,0,
2026-07-08_21-47-29.mp4,10,0,,,,,-1,
2026-07-05_16-27-04.mp4,10,0,,,,,-1,
2026-07-06_17-03-00.mp4,10,1,0.5117405320141639,0.5117405320141639,0.5713456571102142,1.0,-1,
2026-07-07_02-10-22.mp4,10,0,,,,,-1,
2026-07-21_00-39-20.mp4,10,1,0.24982078990620327,0.24982078990620327,0.06045345775783062,1.0,-1,
2026-07-12_20-08-29.mp4,10,0,,,,,-1,
2026-07-19_10-19-26.mp4,10,9,0.2605508009314523,0.384036118843253,0.17034076806157827,0.6666666666666666,1,
2026-07-15_20-36-59.mp4,10,3,0.17138086526123456,0.17794184608118982,0.3710986264050007,0.0,0,
2026-07-15_09-52-49.mp4,10,3,0.20995044354677667,0.2223971311686751,0.30098240077495575,0.3333333333333333,0,
2026-07-06_11-30-53.mp4,10,2,0.2686690177027064,0.2709535175527611,0.08861914672888815,1.0,1,
2026-07-03_07-36-58.mp4,10,0,,,,,-1,
2026-07-11_01-25-52.mp4,10,0,,,,,-1,
2026-07-03_19-49-42.mp4,10,0,,,,,-1,
2026-07-10_07-20-48.mp4,10,0,,,,,-1,
2026-07-02_15-02-34.mp4,10,0,,,,,-1,
2026-07-02_10-40-48.mp4,10,3,0.2380665442497798,0.3195291730995621,0.12506135180592537,1.0,1,
2026-07-07_01-16-59.mp4,10,0,,,,,-1,
2026-07-20_19-14-29.mp4,10,5,0.19622225646580266,0.2098784832699454,0.22380080074071884,0.2,0,
2026-07-03_07-34-34.mp4,10,0,,,,,-1,
2026-07-16_17-14-23.mp4,10,0,,,,,-1,
2026-07-07_18-56-31.mp4,10,0,,,,,-1,
2026-07-07_17-45-19.mp4,10,2,0.1260392956446435,0.1294979946670495,0.5719788521528244,0.0,0,
2026-07-03_12-43-25.mp4,10,0,,,,,-1,
2026-07-14_12-00-33.mp4,10,3,0.23000083422677017,0.2323321148359874,0.19334139628335834,0.6666666666666666,1,
2026-07-15_07-36-32.mp4,10,4,0.13178964954330882,0.1446391327771216,0.476855993270874,0.0,0,
2026-07-21_15-37-35.mp4,10,10,0.279572259269689,0.285319727035104,0.061461595352739096,1.0,1,
2026-07-12_19-29-10.mp4,10,0,,,,,-1,
2026-07-06_14-23-55.mp4,10,0,,,,,-1,
2026-07-03_11-19-20.mp4,10,0,,,,,-1,
2026-07-11_15-48-16.mp4,10,0,,,,,-1,
2026-07-19_14-54-07.mp4,10,3,0.18125415428823466,0.22463934611194197,0.24036858975887299,0.3333333333333333,0,
2026-07-21_23-56-12.mp4,10,0,,,,,-1,
2026-07-06_21-09-10.mp4,10,0,,,,,-1,
2026-07-17_11-09-12.mp4,10,2,0.228165726779809,0.2524789733444571,0.18470699153840542,0.5,1,
2026-07-23_08-31-16.mp4,10,4,0.22303010223796665,0.22886237436198084,0.2833713348954916,0.75,1,
2026-06-30_18-27-13.mp4,10,0,,,,,-1,
2026-07-09_19-57-45.mp4,10,4,0.13326470409466507,0.1923803803792198,0.4771585054695606,0.25,0,
2026-07-04_02-26-22.mp4,10,0,,,,,-1,
2026-07-21_01-13-38.mp4,10,6,0.16988130399523216,0.1719607519541317,0.2727360874414444,0.0,0,
2026-07-08_13-39-55.mp4,10,0,,,,,-1,
2026-07-19_10-26-02.mp4,10,6,0.17564588835524958,0.29242329521316723,0.31731361150741577,0.3333333333333333,0,
2026-07-02_09-49-36.mp4,10,0,,,,,-1,
2026-07-10_09-28-05.mp4,10,1,0.25136120446762444,0.25136120446762444,0.12243525311350822,1.0,-1,
2026-07-02_23-36-37.mp4,10,3,0.22099639462487441,0.23716750328638636,0.36119937896728516,0.6666666666666666,1,
2026-07-05_15-37-04.mp4,10,0,,,,,-1,
2026-07-05_02-33-47.mp4,10,0,,,,,-1,
2026-07-07_23-55-35.mp4,10,5,0.10574891989688329,0.1865551652815848,0.6224683523178101,0.0,0,
2026-07-08_07-19-17.mp4,10,0,,,,,-1,
2026-07-10_13-17-32.mp4,10,0,,,,,-1,
2026-07-24_03-44-41.mp4,10,0,,,,,-1,
2026-07-14_19-35-43.mp4,10,0,,,,,-1,
2026-07-08_07-39-58.mp4,10,0,,,,,-1,
2026-07-21_10-11-20.mp4,10,0,,,,,-1,
2026-07-22_07-45-43.mp4,10,0,,,,,-1,
2026-07-05_03-46-28.mp4,10,0,,,,,-1,
2026-07-25_04-17-44.mp4,10,9,0.18303094641954576,0.19593498075407684,0.26978693902492523,0.1111111111111111,0,
2026-07-06_00-40-54.mp4,10,10,0.20481559939761174,0.23168650623955356,0.3177669383585453,0.4,0,
2026-07-05_05-39-47.mp4,10,4,0.23878176939140205,0.2756047517919142,0.08839648636057973,0.5,1,
2026-07-23_16-56-34.mp4,10,5,0.23731336761673183,0.3244355411797069,0.23286808282136917,1.0,1,
2026-07-15_16-04-50.mp4,10,0,,,,,-1,
2026-07-11_12-22-39.mp4,10,8,0.27265547419862474,0.2864352969540398,0.14699582196772099,1.0,1,
2026-07-06_18-53-23.mp4,10,1,0.2627364333138989,0.2627364333138989,0.6198110580444336,1.0,-1,
2026-07-22_21-11-42.mp4,10,8,0.2874131686324717,0.3033678573300557,0.6374898329377174,1.0,1,
2026-07-03_21-26-59.mp4,10,0,,,,,-1,
2026-07-06_18-12-12.mp4,10,0,,,,,-1,
2026-07-04_09-31-16.mp4,10,0,,,,,-1,
2026-07-13_23-50-58.mp4,10,2,0.23329473510298754,0.2510934003963682,0.17820142023265362,1.0,1,
2026-07-02_14-44-52.mp4,10,0,,,,,-1,
2026-07-09_22-32-53.mp4,10,0,,,,,-1,
2026-07-05_18-24-12.mp4,10,10,0.13218421711608494,0.1437954244414517,0.3778067082166672,0.0,0,
2026-07-03_23-34-58.mp4,10,2,0.3127439804771651,0.32057071144255866,0.3266363250804716,1.0,1,
2026-07-22_21-07-00.mp4,10,9,0.22756280255622552,0.252288956717096,0.11118660820648074,0.6666666666666666,1,
2026-07-09_09-03-58.mp4,10,3,0.19365347508345038,0.19508687564742855,0.13574842363595963,0.0,0,
2026-07-21_06-02-41.mp4,10,7,0.2008699758622591,0.23440807856321527,0.3497727601788938,0.42857142857142855,0,
2026-07-15_22-26-49.mp4,10,0,,,,,-1,
2026-07-01_18-37-08.mp4,10,0,,,,,-1,
2026-07-01_07-33-17.mp4,10,2,0.2669492313976826,0.2716709036928672,0.061892020516097546,1.0,1,
2026-07-08_07-41-46.mp4,10,1,0.26293984519591823,0.26293984519591823,0.0915305893868208,1.0,-1,
2026-07-01_12-47-00.mp4,10,0,,,,,-1,
2026-07-03_15-22-41.mp4,10,0,,,,,-1,
2026-07-19_14-43-13.mp4,10,7,0.13916058724016675,0.2242692530912541,0.47611288726329803,0.14285714285714285,0,
2026-07-10_16-27-47.mp4,10,0,,,,,-1,
2026-07-10_18-26-08.mp4,10,3,0.39236660043217414,0.40542960833995867,0.04495378484716639,1.0,1,
2026-07-09_17-19-28.mp4,10,0,,,,,-1,
2026-07-25_11-20-33.mp4,10,0,,,,,-1,
2026-07-09_21-59-32.mp4,10,0,,,,,-1,
2026-07-08_06-37-41.mp4,10,0,,,,,-1,
2026-06-30_16-12-08.mp4,10,1,0.1654515106653578,0.1654515106653578,0.4387296140193939,0.0,-1,
2026-07-03_22-46-16.mp4,10,0,,,,,-1,
2026-07-08_19-29-44.mp4,10,0,,,,,-1,
2026-07-15_13-41-52.mp4,10,9,0.3893265111250768,0.4026915936207041,0.08153820037841797,1.0,1,
2026-07-13_18-26-25.mp4,10,0,,,,,-1,
2026-07-07_10-40-11.mp4,10,0,,,,,-1,
2026-07-05_16-32-27.mp4,10,2,0.1369572676792642,0.14508206395625906,0.4446460232138634,0.0,0,
2026-07-03_22-53-10.mp4,10,3,0.35429364364942406,0.4070273856237212,0.0670700625050813,1.0,1,
2026-07-10_04-41-20.mp4,10,0,,,,,-1,
2026-07-09_01-49-56.mp4,10,3,0.15692086340401531,0.2136111702480295,0.34789077937602997,0.3333333333333333,0,
2026-07-10_07-19-24.mp4,10,0,,,,,-1,
2026-07-07_14-17-33.mp4,10,0,,,,,-1,
2026-07-24_03-44-17.mp4,10,6,0.20962252161542289,0.2700833676543102,0.16919315606355667,0.5,1,
2026-07-09_21-32-02.mp4,10,6,0.29335063269945155,0.30901253139804286,0.05751517880707979,1.0,1,
2026-07-17_03-23-47.mp4,10,4,0.13705545478242392,0.15208150107785962,0.31264398992061615,0.0,0,
2026-07-20_09-53-51.mp4,10,3,0.23652639937991174,0.30503203278479757,0.28382809460163116,0.6666666666666666,1,
2026-07-13_13-01-06.mp4,10,0,,,,,-1,
2026-07-10_08-19-41.mp4,10,4,0.24515085803926961,0.25525872666425126,0.3894968368113041,1.0,1,
2026-07-12_14-38-00.mp4,10,7,0.2364583172849783,0.2891501568548238,0.18532440066337585,0.7142857142857143,1,
2026-07-07_22-36-54.mp4,10,1,0.13565487881149776,0.13565487881149776,0.4541799873113632,0.0,-1,
2026-07-06_09-33-42.mp4,10,0,,,,,-1,
2026-07-22_00-12-11.mp4,10,1,0.2740274526403985,0.2740274526403985,0.22551299259066582,1.0,-1,
2026-07-07_18-15-50.mp4,10,5,0.13862754081898868,0.19563138586083947,0.4689946919679642,0.2,0,
2026-07-07_19-24-01.mp4,10,1,0.14000603457191674,0.14000603457191674,0.44102057814598083,0.0,-1,
2026-07-22_09-03-35.mp4,10,0,,,,,-1,
2026-07-15_10-47-42.mp4,10,4,0.16504879224438956,0.16631334465084605,0.3051374778151512,0.0,0,
2026-07-01_18-43-02.mp4,10,2,0.2581268902092355,0.26620386872252777,0.3564687743782997,1.0,1,
2026-07-10_22-30-18.mp4,10,1,0.23758234820444274,0.23758234820444274,0.3235005456954241,1.0,-1,
2026-07-14_13-47-56.mp4,10,1,0.19967648903029642,0.19967648903029642,0.07580846548080444,0.0,-1,
2026-07-20_19-22-05.mp4,10,1,0.1684083108357582,0.1684083108357582,0.37262822687625885,0.0,-1,
2026-07-05_08-54-58.mp4,10,0,,,,,-1,
2026-07-11_15-18-47.mp4,10,2,0.17421800805622067,0.2030879356203459,0.2668040953576565,0.5,1,
2026-07-07_21-43-07.mp4,10,1,0.3697241857057967,0.3697241857057967,0.049640316516160965,1.0,-1,
2026-07-09_10-55-20.mp4,10,1,0.1326693264015036,0.1326693264015036,0.22566433995962143,0.0,-1,
2026-07-12_15-05-18.mp4,10,0,,,,,-1,
2026-07-14_07-02-36.mp4,10,3,0.21836029235888316,0.2737767384996857,0.206302672624588,0.6666666666666666,1,
2026-07-08_08-21-58.mp4,10,0,,,,,-1,
2026-07-12_00-48-02.mp4,10,0,,,,,-1,
2026-07-21_11-54-55.mp4,10,4,0.2477501693177959,0.25191576849460395,0.19955812767148018,1.0,1,
2026-07-08_17-04-11.mp4,10,0,,,,,-1,
2026-07-20_21-32-34.mp4,10,3,0.2197000415478475,0.2787668129237699,0.287760466337204,0.6666666666666666,1,
2026-07-25_03-51-56.mp4,10,2,0.1871141438233441,0.2398821819463653,0.23580508958548307,0.5,1,
2026-07-25_01-14-34.mp4,10,4,0.18641929137689262,0.22586573445039082,0.4313805624842644,0.25,0,
2026-07-10_01-37-51.mp4,10,0,,,,,-1,
2026-07-21_23-37-36.mp4,10,0,,,,,-1,
2026-07-14_07-17-30.mp4,10,9,0.17169544591364022,0.19388976469468402,0.3883813675493002,0.0,0,
2026-07-15_11-00-00.mp4,10,0,,,,,-1,
2026-07-22_23-22-15.mp4,10,3,0.3859826936093827,0.42980097348672225,0.0749836137983948,1.0,1,
2026-07-20_21-38-40.mp4,10,10,0.3250781576522307,0.37362058803202436,0.054124402813613415,1.0,1,
2026-07-03_03-28-48.mp4,10,0,,,,,-1,
2026-07-14_11-46-03.mp4,10,6,0.1850464634050923,0.2196501090756208,0.1740619409829378,0.16666666666666666,0,
2026-07-09_19-56-09.mp4,10,3,0.24392186740518862,0.32362492452797964,0.24154972285032272,0.6666666666666666,1,
2026-07-22_10-43-52.mp4,10,5,0.2512696822826273,0.2907873209466105,0.6046333461999893,1.0,1,
2026-07-02_22-52-26.mp4,10,4,0.23539354695014136,0.5167368396590047,0.048690471332520247,0.5,1,
2026-07-01_06-34-38.mp4,10,9,0.26478897522811473,0.2730821835154557,0.271519061177969,1.0,1,
2026-07-02_05-18-16.mp4,10,0,,,,,-1,
2026-07-02_01-33-25.mp4,10,0,,,,,-1,
2026-07-16_18-29-47.mp4,10,2,0.10210475849107281,0.10465707073055702,0.5620042085647583,0.0,0,
2026-07-05_11-30-51.mp4,10,0,,,,,-1,
2026-07-02_14-09-04.mp4,10,0,,,,,-1,
2026-07-15_23-35-51.mp4,10,0,,,,,-1,
2026-07-02_02-01-46.mp4,10,0,,,,,-1,
2026-07-01_21-01-43.mp4,10,0,,,,,-1,
2026-07-08_04-19-47.mp4,10,0,,,,,-1,
2026-07-11_05-03-56.mp4,10,0,,,,,-1,
2026-07-07_20-52-06.mp4,10,4,0.17729367643365834,0.1894501214378099,0.32146236300468445,0.0,0,
2026-07-17_03-19-59.mp4,10,9,0.21014368670425043,0.2306355565430881,0.2439110353589058,0.5555555555555556,1,
2026-07-01_21-14-37.mp4,10,3,0.15473926767597962,0.18074308179812104,0.32119545340538025,0.0,0,
2026-07-07_04-49-15.mp4,10,0,,,,,-1,
2026-07-04_18-05-45.mp4,10,0,,,,,-1,
2026-07-24_03-41-35.mp4,10,4,0.14757551953758752,0.20402297431418956,0.22602281719446182,0.25,0,
2026-07-11_10-53-10.mp4,10,3,0.261222482260885,0.3065654048196225,0.15758603066205978,1.0,1,
2026-07-19_14-40-13.mp4,10,8,0.1641258412866157,0.17675556987635388,0.31920862942934036,0.0,0,
2026-07-06_09-33-18.mp4,10,0,,,,,-1,
2026-07-19_17-32-46.mp4,10,0,,,,,-1,
2026-07-11_23-33-24.mp4,10,0,,,,,-1,
2026-07-21_08-29-21.mp4,10,8,0.25123206088726946,0.32075638423418285,0.2516733966767788,0.875,1,
2026-07-05_19-55-17.mp4,10,0,,,,,-1,
2026-07-08_08-33-52.mp4,10,0,,,,,-1,
2026-07-20_09-29-09.mp4,10,4,0.18296766163513406,0.20235665801660277,0.38301995396614075,0.0,0,
2026-07-24_09-04-14.mp4,10,1,0.22328497398560632,0.22328497398560632,0.30869632586836815,1.0,-1,
2026-07-14_07-09-24.mp4,10,0,,,,,-1,
2026-07-04_03-04-31.mp4,10,0,,,,,-1,
2026-07-24_05-05-52.mp4,10,9,0.1469698514860249,0.16771984905148124,0.192692831158638,0.0,0,
2026-07-10_00-32-58.mp4,10,0,,,,,-1,
2026-07-17_07-50-08.mp4,10,5,0.1546678688502346,0.19278444452591947,0.3141117990016937,0.0,0,
2026-07-05_00-09-37.mp4,10,0,,,,,-1,
2026-06-30_16-26-32.mp4,10,0,,,,,-1,
2026-07-10_15-54-01.mp4,10,0,,,,,-1,
2026-07-08_00-06-53.mp4,10,2,0.06880805872961253,0.08535123126095925,0.6419156640768051,0.0,0,
2026-07-05_04-30-01.mp4,10,0,,,,,-1,
2026-07-09_16-19-47.mp4,10,9,0.12102695657407225,0.1536808516559144,0.4145882725715637,0.0,0,
2026-07-09_14-27-48.mp4,10,0,,,,,-1,
2026-07-10_08-41-59.mp4,10,0,,,,,-1,
2026-07-15_18-25-25.mp4,10,2,0.18291503596470274,0.21225751079991206,0.28522075433284044,0.5,1,
2026-07-23_00-57-02.mp4,10,9,0.17204513628687595,0.192397011600691,0.21247521042823792,0.1111111111111111,0,
2026-07-11_04-12-03.mp4,10,1,0.1797472891965681,0.1797472891965681,0.07863079383969307,0.0,-1,
2026-07-10_10-21-52.mp4,10,2,0.32798678907311485,0.3317876067396724,0.5478291139006615,1.0,1,
2026-07-06_00-35-00.mp4,10,10,0.15445060810564223,0.1903541587344436,0.3688443824648857,0.1,0,
2026-06-30_21-38-57.mp4,10,0,,,,,-1,
2026-07-13_11-48-43.mp4,10,5,0.16876051658128502,0.2697122461746177,0.4426111429929733,0.4,0,
2026-07-22_16-59-39.mp4,10,0,,,,,-1,
2026-07-06_18-58-23.mp4,10,0,,,,,-1,
2026-07-02_04-19-09.mp4,10,0,,,,,-1,
2026-07-21_11-54-31.mp4,10,1,0.22394587434011437,0.22394587434011437,0.1804301142692566,1.0,-1,
2026-07-09_09-20-27.mp4,10,0,,,,,-1,
2026-07-08_09-01-51.mp4,10,3,0.3530276943789035,0.358734987948847,0.05875258147716522,1.0,1,
2026-07-20_04-38-15.mp4,10,3,0.3169453383686446,0.3557256437369558,0.08368397876620293,1.0,1,
2026-07-19_00-24-02.mp4,10,8,0.1825527698689325,0.24791725150004043,0.3736420087516308,0.25,0,
2026-07-02_12-29-11.mp4,10,0,,,,,-1,
2026-07-04_02-38-10.mp4,10,0,,,,,-1,
2026-07-12_20-03-47.mp4,10,0,,,,,-1,
2026-07-04_02-39-52.mp4,10,0,,,,,-1,
2026-07-11_10-53-58.mp4,10,0,,,,,-1,
2026-07-06_23-40-24.mp4,10,1,0.23028014936621324,0.23028014936621324,0.17808666080236435,1.0,-1,
2026-07-19_10-21-02.mp4,10,5,0.3516748751792574,0.3687580302372688,0.12083092145621777,1.0,1,
2026-07-22_13-26-15.mp4,10,4,0.16205244760448764,0.19457438557242607,0.37392430752515793,0.0,0,
2026-07-03_14-24-00.mp4,10,0,,,,,-1,
2026-07-20_21-41-58.mp4,10,7,0.17087827211470885,0.1944969041307731,0.33770306408405304,0.0,0,
2026-07-22_04-04-39.mp4,10,2,0.3474551844860011,0.38928530990186605,0.11556903459131718,1.0,1,
2026-07-21_11-18-25.mp4,10,0,,,,,-1,
2026-07-17_07-52-56.mp4,10,1,0.29063383201754384,0.29063383201754384,0.07703762454912066,1.0,-1,
2026-07-15_09-02-19.mp4,10,0,,,,,-1,
2026-07-04_06-54-24.mp4,10,0,,,,,-1,
2026-07-14_23-54-31.mp4,10,4,0.2144310100485195,0.23896130776055693,0.1642531342804432,0.5,1,
2026-07-26_00-13-13.mp4,10,10,0.12423610158389406,0.13725394456811488,0.378813736140728,0.0,0,
2026-07-10_14-56-37.mp4,10,0,,,,,-1,
2026-07-12_13-50-13.mp4,10,1,0.24399692784206017,0.24399692784206017,0.29859618842601776,1.0,-1,
2026-07-25_11-24-27.mp4,10,0,,,,,-1,
2026-07-20_09-16-34.mp4,10,2,0.2962673417135484,0.30648788721534515,0.04481246555224061,1.0,1,
2026-07-07_01-16-11.mp4,10,0,,,,,-1,
2026-07-06_00-34-00.mp4,10,9,0.21997785387800362,0.23775551829524819,0.4199186712503433,0.6666666666666666,1,
2026-07-07_22-37-54.mp4,10,0,,,,,-1,
2026-06-30_16-51-20.mp4,10,0,,,,,-1,
2026-07-06_22-51-47.mp4,10,0,,,,,-1,
2026-07-09_17-03-59.mp4,10,6,0.24729562091778992,0.2665088468231707,0.17818819731473923,1.0,1,
2026-07-22_22-43-16.mp4,10,1,0.22675595028206924,0.22675595028206924,0.33725517615675926,1.0,-1,
2026-07-14_07-04-48.mp4,10,10,0.16405164884368253,0.18942660374181736,0.2611870765686035,0.0,0,
2026-07-07_20-58-00.mp4,10,0,,,,,-1,
2026-07-02_03-54-15.mp4,10,0,,,,,-1,
2026-07-06_22-36-21.mp4,10,0,,,,,-1,
2026-07-01_07-05-41.mp4,10,1,0.17250393395122995,0.17250393395122995,0.18536417186260223,0.0,-1,
2026-07-23_17-04-34.mp4,10,6,0.22977035193248585,0.2698287282337975,0.2691264133900404,1.0,1,
2026-07-05_05-53-29.mp4,10,0,,,,,-1,
2026-06-30_21-53-26.mp4,10,1,0.2843217781470472,0.2843217781470472,0.02495196694508195,1.0,-1,
2026-07-21_12-20-37.mp4,10,2,0.23628098510386772,0.2380128485083916,0.11329115834087133,1.0,1,
2026-07-05_03-40-40.mp4,10,2,0.17184822149767773,0.17751426070288398,0.14925142005085945,0.0,0,
2026-07-01_20-18-25.mp4,10,0,,,,,-1,
2026-07-08_03-44-54.mp4,10,1,0.25369080297563495,0.25369080297563495,0.3236138056963682,1.0,-1,
2026-07-11_13-31-06.mp4,10,0,,,,,-1,
2026-07-20_14-52-18.mp4,10,1,0.29626913940481847,0.29626913940481847,0.10126223415136337,1.0,-1,
2026-07-20_11-37-14.mp4,10,0,,,,,-1,
2026-07-13_11-49-31.mp4,10,2,0.22486519282639864,0.24193531522666542,0.26642434551467886,0.5,1,
2026-07-10_14-20-07.mp4,10,3,0.16649289122262229,0.17305447342656677,0.41374947130680084,0.0,0,
2026-07-08_20-41-44.mp4,10,1,0.30704376803955635,0.30704376803955635,0.26000441424548626,1.0,-1,
2026-07-15_18-29-25.mp4,10,5,0.3145559856973028,0.3513174861922569,0.39255233854055405,1.0,1,
2026-07-13_07-20-43.mp4,10,0,,,,,-1,
2026-07-09_14-42-12.mp4,10,1,0.2208496253673936,0.2208496253673936,0.3201614320278168,1.0,-1,
2026-07-11_22-31-00.mp4,10,1,0.1263228394981172,0.1263228394981172,0.3035074546933174,0.0,-1,
2026-07-05_16-26-40.mp4,10,0,,,,,-1,
2026-07-02_16-19-51.mp4,10,0,,,,,-1,
2026-07-24_05-22-58.mp4,10,4,0.208782288624349,0.24378379541670755,0.20625298842787743,0.5,1,
2026-07-10_14-24-01.mp4,10,0,,,,,-1,
2026-07-02_23-44-07.mp4,10,0,,,,,-1,
2026-07-23_19-03-56.mp4,10,10,0.27069693951854923,0.2893441644304909,0.05730409920215607,1.0,1,
2026-07-03_11-01-26.mp4,10,0,,,,,-1,
2026-07-06_18-13-42.mp4,10,0,,,,,-1,
2026-07-06_02-55-58.mp4,10,0,,,,,-1,
2026-07-20_19-16-41.mp4,10,1,0.20071695148238433,0.20071695148238433,0.3809162527322769,0.0,-1,
2026-07-04_18-01-03.mp4,10,0,,,,,-1,
2026-07-11_10-47-40.mp4,10,0,,,,,-1,
2026-07-23_16-32-41.mp4,10,6,0.2797788027266376,0.3089937619368579,0.2638434311375022,0.8333333333333334,1,
2026-07-07_09-29-54.mp4,10,0,,,,,-1,
2026-07-03_21-27-47.mp4,10,0,,,,,-1,
2026-07-22_01-54-34.mp4,10,2,0.1765979011435487,0.17817574809676337,0.16426529549062252,0.0,0,
2026-07-25_11-31-21.mp4,10,0,,,,,-1,
2026-07-12_18-19-29.mp4,10,0,,,,,-1,
2026-07-12_12-21-05.mp4,10,0,,,,,-1,
2026-07-20_19-34-59.mp4,10,0,,,,,-1,
2026-07-17_09-13-25.mp4,10,0,,,,,-1,
2026-07-08_19-34-20.mp4,10,0,,,,,-1,
2026-07-25_23-35-50.mp4,10,5,0.22543836679443863,0.3394886179041806,0.38491082191467285,0.6,1,
2026-07-23_15-44-53.mp4,10,3,0.21116748223589615,0.22640382131666448,0.26892727706581354,0.6666666666666666,1,
2026-07-10_22-24-24.mp4,10,6,0.16389356268415167,0.19190492622031435,0.33309662993997335,0.0,0,
2026-07-01_21-17-41.mp4,10,0,,,,,-1,
2026-07-25_20-25-34.mp4,10,7,0.15500686095858496,0.20937570142156792,0.42143671214580536,0.14285714285714285,0,
2026-07-26_04-29-53.mp4,10,0,,,,,-1,
2026-07-21_06-13-53.mp4,10,8,0.1792465864127295,0.23408624064705433,0.4335785824805498,0.25,0,
2026-07-02_15-32-57.mp4,10,0,,,,,-1,
2026-07-03_11-00-50.mp4,10,0,,,,,-1,
2026-07-02_03-23-16.mp4,10,1,0.24060235760437443,0.24060235760437443,0.27662393450737,1.0,-1,
2026-07-19_00-00-56.mp4,10,8,0.33297372978918816,0.3923307828690977,0.026829443871974945,1.0,1,
2026-07-20_15-08-06.mp4,10,0,,,,,-1,
2026-07-22_07-49-37.mp4,10,0,,,,,-1,
2026-07-25_12-46-02.mp4,10,10,0.23357007693744952,0.24065148548286333,0.2246271576732397,0.8,1,
2026-07-14_13-58-02.mp4,10,3,0.2710214069508655,0.2794032438730531,0.36123500764369965,1.0,1,
2026-07-05_12-23-14.mp4,10,1,0.3022868396797909,0.3022868396797909,0.07867119461297989,1.0,-1,
2026-07-20_22-53-51.mp4,10,8,0.2869544934740105,0.35563956668292707,0.1152248103171587,0.875,1,
2026-07-17_13-24-40.mp4,10,2,0.1986965620355436,0.21571803939257103,0.1839562263339758,0.5,1,
2026-07-10_16-45-53.mp4,10,0,,,,,-1,
2026-07-16_21-41-14.mp4,10,0,,,,,-1,
2026-07-14_14-55-01.mp4,10,4,0.24659010617268,0.30624528146289604,0.09521408006548882,1.0,1,
2026-07-18_11-26-34.mp4,10,4,0.2133564850695292,0.25990652575883005,0.21654315665364265,0.5,1,
2026-07-03_00-27-08.mp4,10,0,,,,,-1,
2026-07-06_01-28-35.mp4,10,0,,,,,-1,
2026-07-09_16-21-17.mp4,10,9,0.11975454931081055,0.1312590367663816,0.5149633288383484,0.0,0,
2026-07-17_23-07-42.mp4,10,0,,,,,-1,
2026-07-24_23-31-59.mp4,10,10,0.2593632293232869,0.2911799131875926,0.15002589114010334,1.0,1,
2026-07-08_22-17-58.mp4,10,0,,,,,-1,
2026-07-08_17-28-41.mp4,10,1,0.11617889814540874,0.11617889814540874,0.5712869167327881,0.0,-1,
2026-07-03_01-42-25.mp4,10,0,,,,,-1,
2026-07-10_11-02-52.mp4,10,0,,,,,-1,
2026-07-09_21-47-26.mp4,10,0,,,,,-1,
2026-07-01_18-41-02.mp4,10,2,0.24633282374050228,0.26657439247777426,0.44957147166132927,1.0,1,
2026-07-08_15-56-47.mp4,10,0,,,,,-1,
2026-07-10_11-10-21.mp4,10,0,,,,,-1,
2026-07-02_15-48-45.mp4,10,0,,,,,-1,
2026-07-15_08-53-14.mp4,10,0,,,,,-1,
2026-07-04_19-05-36.mp4,10,0,,,,,-1,
2026-07-07_14-04-21.mp4,10,2,0.3592135347863167,0.37974151038152504,0.2543930336833,1.0,1,
2026-07-14_03-14-08.mp4,10,1,0.3881433604785719,0.3881433604785719,0.3531381331849843,1.0,-1,
2026-07-02_03-13-10.mp4,10,0,,,,,-1,
2026-07-14_16-37-54.mp4,10,7,0.1832038378888123,0.1895911446862571,0.2295708954334259,0.0,0,
2026-07-25_11-28-33.mp4,10,1,0.20191576955561175,0.20191576955561175,0.1886291801929474,0.0,-1,
2026-07-04_00-56-53.mp4,10,2,0.23980364009711239,0.2844436345521696,0.3121204115450382,0.5,1,
2026-07-06_20-48-52.mp4,10,0,,,,,-1,
2026-07-14_19-00-19.mp4,10,6,0.1565215195905963,0.19164074323760444,0.35869263112545013,0.0,0,
2026-07-14_15-02-13.mp4,10,0,,,,,-1,
2026-07-13_21-27-17.mp4,10,0,,,,,-1,
2026-07-05_15-23-46.mp4,10,0,,,,,-1,
2026-07-15_12-57-35.mp4,10,1,0.27532264854104055,0.27532264854104055,0.03868341073393822,1.0,-1,
2026-07-20_09-15-57.mp4,10,3,0.18490816098012003,0.22025476048932707,0.15032269060611725,0.3333333333333333,0,
2026-07-13_10-55-13.mp4,10,1,0.18317467460433517,0.18317467460433517,0.2661094143986702,0.0,-1,
2026-07-08_22-38-40.mp4,10,0,,,,,-1,
2026-07-03_01-24-49.mp4,10,0,,,,,-1,
2026-07-15_13-49-10.mp4,10,2,0.23935699531149204,0.25541969491635846,0.08294491935521364,1.0,1,
2026-07-25_07-43-54.mp4,10,1,0.17982991830246492,0.17982991830246492,0.20797301083803177,0.0,-1,
2026-06-30_13-05-55.mp4,10,0,,,,,-1,
2026-07-07_06-17-08.mp4,10,3,0.22052131554938048,0.22255483334795317,0.23595167882740498,0.6666666666666666,1,
2026-07-05_05-56-41.mp4,10,0,,,,,-1,
2026-07-07_02-10-46.mp4,10,0,,,,,-1,
2026-07-09_14-09-30.mp4,10,0,,,,,-1,
2026-07-10_12-35-51.mp4,10,0,,,,,-1,
2026-07-23_06-10-11.mp4,10,0,,,,,-1,
2026-07-21_09-06-09.mp4,10,1,0.25639479276506316,0.25639479276506316,0.11322376132011414,1.0,-1,
2026-07-05_10-19-03.mp4,10,3,0.13256792671101145,0.135029557363437,0.412506565451622,0.0,0,
2026-07-12_21-22-33.mp4,10,0,,,,,-1,
2026-07-05_08-25-28.mp4,10,0,,,,,-1,
2026-07-18_15-45-44.mp4,10,0,,,,,-1,
2026-07-13_19-37-31.mp4,10,0,,,,,-1,
2026-07-05_02-13-53.mp4,10,0,,,,,-1,
2026-07-08_14-48-36.mp4,10,0,,,,,-1,
2026-07-11_12-52-26.mp4,10,0,,,,,-1,
2026-07-03_01-37-01.mp4,10,0,,,,,-1,
2026-07-20_19-20-29.mp4,10,2,0.17559140561232467,0.19803227705893162,0.2553104804828763,0.0,0,
2026-07-15_08-08-44.mp4,10,0,,,,,-1,
2026-07-12_21-18-39.mp4,10,0,,,,,-1,
2026-07-04_03-05-31.mp4,10,0,,,,,-1,
2026-07-03_12-47-43.mp4,10,0,,,,,-1,
2026-07-22_22-38-22.mp4,10,0,,,,,-1,
2026-07-07_07-33-49.mp4,10,0,,,,,-1,
2026-07-24_22-27-11.mp4,10,6,0.23422473353588846,0.24689371398767174,0.220411017537117,1.0,1,
2026-07-10_11-12-27.mp4,10,2,0.29626804943160917,0.31390260284475063,0.0945753667037934,1.0,1,
2026-07-12_14-37-48.mp4,10,9,0.13545676556415828,0.16234666396477881,0.34367285668849945,0.0,0,
2026-07-02_03-23-04.mp4,10,1,0.23487533652568698,0.23487533652568698,0.26508987694978714,1.0,-1,
2026-07-07_12-29-34.mp4,10,0,,,,,-1,
2026-07-05_13-09-08.mp4,10,1,0.27851943869919427,0.27851943869919427,0.7206392288208008,1.0,-1,
2026-07-02_03-30-28.mp4,10,0,,,,,-1,
2026-07-04_02-42-22.mp4,10,0,,,,,-1,
2026-07-05_19-59-47.mp4,10,3,0.12431231258252814,0.15289656247108827,0.4310140758752823,0.0,0,
2026-07-16_18-58-58.mp4,10,4,0.17123013883024954,0.18804643290838205,0.32390582375228405,0.0,0,
2026-07-25_19-46-52.mp4,10,5,0.13949720605443938,0.18960048618981745,0.33924709260463715,0.0,0,
2026-07-09_12-16-56.mp4,10,0,,,,,-1,
2026-07-06_05-58-38.mp4,10,2,0.32394554095484074,0.36579608213017983,0.17617999576032162,1.0,1,
2026-07-11_05-51-38.mp4,10,0,,,,,-1,
2026-07-20_12-30-37.mp4,10,7,0.17457063878420542,0.19942440736848027,0.39834700897336006,0.0,0,
2026-07-10_12-27-57.mp4,10,0,,,,,-1,
2026-07-01_12-38-54.mp4,10,1,0.21779960564318457,0.21779960564318457,0.3198418468236923,1.0,-1,
2026-07-22_15-16-01.mp4,10,10,0.14282198885981234,0.1699805287918455,0.27398722991347313,0.0,0,
2026-07-22_13-43-38.mp4,10,0,,,,,-1,
2026-07-23_15-32-11.mp4,10,8,0.21341179939176158,0.22409464034355997,0.27178351674228907,0.625,1,
2026-07-05_15-51-34.mp4,10,0,,,,,-1,
2026-07-02_05-18-40.mp4,10,0,,,,,-1,
2026-07-08_14-04-31.mp4,10,1,0.3454041414816962,0.3454041414816962,0.08392922580242157,1.0,-1,
2026-07-05_00-56-00.mp4,10,0,,,,,-1,
2026-07-23_12-35-25.mp4,10,8,0.20611549802773604,0.2326118132918774,0.20163042843341827,0.375,0,
2026-07-02_14-28-58.mp4,10,2,0.33919563928143903,0.37612342071106997,0.16360658942721784,1.0,1,
2026-07-22_09-01-23.mp4,10,2,0.32164820829294466,0.324669449037094,0.07560680899769068,1.0,1,
2026-07-06_00-32-12.mp4,10,0,,,,,-1,
2026-07-10_17-23-21.mp4,10,0,,,,,-1,
2026-07-12_13-50-49.mp4,10,0,,,,,-1,
2026-07-04_14-50-12.mp4,10,0,,,,,-1,
2026-07-24_19-30-31.mp4,10,2,0.28954667394270794,0.32304681210780467,0.03705267934128642,1.0,1,
2026-07-14_23-12-20.mp4,10,7,0.22859025735786248,0.24207564446279484,0.24574128165841103,0.5714285714285714,1,
2026-07-18_11-45-40.mp4,10,2,0.2067837764333162,0.23305231080854905,0.7614352256059647,0.5,1,
2026-07-02_03-32-04.mp4,10,0,,,,,-1,
2026-07-04_09-17-58.mp4,10,0,,,,,-1,
2026-07-10_10-33-40.mp4,10,0,,,,,-1,
2026-07-06_13-26-03.mp4,10,0,,,,,-1,
2026-07-21_11-17-31.mp4,10,0,,,,,-1,
2026-07-12_10-30-31.mp4,10,0,,,,,-1,
2026-07-21_05-59-47.mp4,10,6,0.2238452735695926,0.2870887411312528,0.19643640518188477,0.8333333333333334,1,
2026-07-10_21-42-07.mp4,10,1,0.29153257026960155,0.29153257026960155,0.18481993209570646,1.0,-1,
2026-07-06_23-43-00.mp4,10,2,0.217989470346239,0.23232200283280624,0.27414045855402946,0.5,1,
2026-07-03_08-56-45.mp4,10,0,,,,,-1,
2026-07-13_12-36-24.mp4,10,2,0.27746036686275427,0.2965030335829634,0.059411375084891915,1.0,1,
2026-07-07_07-18-31.mp4,10,0,,,,,-1,
2026-07-26_04-37-53.mp4,10,5,0.15389304567185685,0.19671726108981097,0.31850941479206085,0.2,0,
2026-07-23_09-04-57.mp4,10,8,0.18677291556588388,0.2220157911504796,0.23521710187196732,0.375,0,
2026-07-19_11-21-03.mp4,10,0,,,,,-1,
2026-07-19_23-44-48.mp4,10,0,,,,,-1,
2026-07-22_14-13-08.mp4,10,0,,,,,-1,
2026-07-07_21-52-13.mp4,10,0,,,,,-1,
2026-07-23_20-55-51.mp4,10,3,0.3715009837838042,0.39737014287226874,0.04259974183514714,1.0,1,
2026-07-07_04-24-33.mp4,10,2,0.2988190797197975,0.35833190275713167,0.07202544016763568,1.0,1,
2026-07-21_12-58-36.mp4,10,1,0.2452539447766675,0.2452539447766675,0.11806570459157228,1.0,-1,
2026-07-04_20-39-41.mp4,10,1,0.19059308827108032,0.19059308827108032,0.5160167068243027,0.0,-1,
2026-07-02_20-30-19.mp4,10,5,0.09547652259300689,0.10272181593902982,0.6356495022773743,0.0,0,
2026-07-16_19-17-46.mp4,10,6,0.20578373451763432,0.22880492668465352,0.25124237686395645,0.3333333333333333,0,
2026-07-12_14-13-36.mp4,10,0,,,,,-1,
2026-07-08_12-16-32.mp4,10,0,,,,,-1,
2026-07-03_03-53-35.mp4,10,0,,,,,-1,
2026-07-17_07-51-08.mp4,10,9,0.1816437297150981,0.21616656301832804,0.28252416104078293,0.2222222222222222,0,
2026-07-21_15-22-53.mp4,10,2,0.23719700377306718,0.2469982767227185,0.09842875972390175,1.0,1,
2026-07-08_20-42-20.mp4,10,4,0.19509011865077586,0.212101122581438,0.2934647463262081,0.25,0,
2026-07-24_07-29-45.mp4,10,4,0.17021559531702518,0.21940688563589855,0.1537870541214943,0.25,0,
2026-07-12_11-52-00.mp4,10,5,0.3388976823561657,0.37807020309127487,0.07275993190705776,1.0,1,
2026-07-02_04-04-03.mp4,10,3,0.21856456881707564,0.24275404412476678,0.4116035019978881,0.6666666666666666,1,
2026-07-10_07-20-12.mp4,10,0,,,,,-1,
2026-07-08_04-14-17.mp4,10,4,0.2234303160351289,0.23945393021095576,0.13826403208076954,0.75,1,
2026-07-24_01-20-13.mp4,10,7,0.17263463555735573,0.2144690137761129,0.27137621492147446,0.2857142857142857,0,
2026-07-06_15-55-18.mp4,10,0,,,,,-1,
2026-07-22_01-44-28.mp4,10,0,,,,,-1,
2026-07-07_09-25-42.mp4,10,0,,,,,-1,
2026-07-12_04-43-10.mp4,10,0,,,,,-1,
2026-07-14_07-04-24.mp4,10,9,0.16362736091885458,0.23013504164224496,0.3275149315595627,0.3333333333333333,0,
2026-07-09_07-53-04.mp4,10,2,0.19209272637195274,0.226321730212766,0.2501333560794592,0.5,1,
2026-07-08_06-35-41.mp4,10,1,0.318159915384777,0.318159915384777,0.021597476676106453,1.0,-1,
2026-07-03_07-22-40.mp4,10,3,0.31205031882929657,0.3303280414517149,0.026216275058686733,1.0,1,
2026-07-14_16-35-48.mp4,10,3,0.16538552631374412,0.16856730433379086,0.34093914926052094,0.0,0,
2026-07-01_23-44-50.mp4,10,0,,,,,-1,
2026-07-10_14-11-02.mp4,10,9,0.1457152212115964,0.18120569246758955,0.4350207448005676,0.0,0,
2026-07-04_23-40-09.mp4,10,1,0.3010948041205815,0.3010948041205815,0.0915906224399805,1.0,-1,
2026-07-07_00-14-36.mp4,10,0,,,,,-1,
2026-07-26_00-56-55.mp4,10,10,0.21450653236591535,0.23328712988738773,0.19765089638531208,0.6,1,
2026-07-06_02-54-58.mp4,10,4,0.25278351428197765,0.3157343126180733,0.22179864346981049,0.75,1,
2026-07-06_00-43-18.mp4,10,0,,,,,-1,
2026-07-10_11-16-45.mp4,10,0,,,,,-1,
2026-07-11_18-49-21.mp4,10,0,,,,,-1,
2026-07-05_13-03-38.mp4,10,0,,,,,-1,
2026-07-22_13-42-38.mp4,10,1,0.19207098687913218,0.19207098687913218,0.38059185445308685,0.0,-1,
2026-07-09_19-58-45.mp4,10,1,0.2471924971427604,0.2471924971427604,0.23524333164095879,1.0,-1,
2026-07-03_19-50-54.mp4,10,1,0.2321122839026986,0.2321122839026986,0.14365179184824228,1.0,-1,
2026-07-02_08-32-24.mp4,10,0,,,,,-1,
2026-07-14_06-39-55.mp4,10,1,0.22612212369427465,0.22612212369427465,0.16042902320623398,1.0,-1,
2026-07-02_10-36-42.mp4,10,0,,,,,-1,
2026-07-11_13-47-42.mp4,10,0,,,,,-1,
2026-07-05_21-55-02.mp4,10,2,0.25598859479865205,0.2613562115800096,0.24712025001645088,1.0,1,
2026-07-22_07-42-37.mp4,10,8,0.1677440483442354,0.1890271849178377,0.3101467415690422,0.0,0,
2026-07-03_07-19-22.mp4,10,0,,,,,-1,
2026-07-02_22-56-56.mp4,10,5,0.2346296348207375,0.24896650044076973,0.01049890706781298,1.0,1,
2026-07-15_09-57-19.mp4,10,9,0.24744912880312833,0.27623083862039993,0.2630601301789284,0.7777777777777778,1,
2026-07-07_00-14-00.mp4,10,0,,,,,-1,
2026-07-05_16-29-21.mp4,10,0,,,,,-1,
2026-07-06_19-13-11.mp4,10,0,,,,,-1,
2026-07-20_15-26-24.mp4,10,0,,,,,-1,
2026-07-18_21-01-40.mp4,10,6,0.19130653954519308,0.20864814023686654,0.18736497312784195,0.16666666666666666,0,
2026-07-12_21-42-21.mp4,10,0,,,,,-1,
2026-07-10_10-09-28.mp4,10,1,0.30581081317742237,0.30581081317742237,0.5014695078134537,1.0,-1,
2026-07-04_02-21-04.mp4,10,2,0.4075542702694668,0.44747624475752745,0.21378308144630864,1.0,1,
2026-07-11_16-58-06.mp4,10,2,0.27422018048846253,0.28657427464926916,0.035012271255254745,1.0,1,
2026-07-03_22-43-04.mp4,10,2,0.23420591636889868,0.262431156707332,0.3848644867539406,0.5,1,
2026-07-06_07-06-07.mp4,10,0,,,,,-1,
2026-07-09_14-43-12.mp4,10,0,,,,,-1,
2026-07-09_20-29-15.mp4,10,0,,,,,-1,
2026-07-18_15-06-44.mp4,10,3,0.1822979326959081,0.27180063161300166,0.2863290011882782,0.3333333333333333,0,
2026-07-10_14-23-01.mp4,10,0,,,,,-1,
2026-07-10_11-40-51.mp4,10,0,,,,,-1,
2026-07-02_14-27-46.mp4,10,0,,,,,-1,
2026-07-11_13-43-12.mp4,10,0,,,,,-1,
2026-07-20_19-59-23.mp4,10,0,,,,,-1,
2026-07-03_03-53-47.mp4,10,4,0.27762309285160885,0.31936199132216697,0.1855607032775879,0.75,1,
